Interaction_ID,Date,Agent,Issue_Type,Priority,Channel,Response_Time_Minutes,Resolution_Time_Hours,Resolution_Status,FCR,Escalated,Quality_Score,CSAT,Compliance_Score
INT-00634,2025-01-01,Agent_20,Product Defect,High,Email,97.7,61.5,Resolved,Yes,No,92.1,5,91.0
INT-00959,2025-01-01,Agent_04,Product Defect,Low,WhatsApp,27.3,40.6,Resolved,Yes,No,81.2,4,94.9
INT-04216,2025-01-01,Agent_01,Product Defect,Medium,Chat,105.9,24.9,Escalated,Yes,No,76.7,4,86.1
INT-00829,2025-01-01,Agent_20,Payment Issue,Medium,Phone,61.7,19.5,Escalated,Yes,No,93.4,5,90.4
INT-01200,2025-01-01,Agent_19,Payment Issue,Low,Phone,84.7,9.1,In Progress,No,No,94.3,4,87.0
INT-01215,2025-01-01,Agent_13,App Crash,Medium,Chat,68.0,20.7,Resolved,Yes,No,87.4,5,89.3
INT-00476,2025-01-01,Agent_05,Delivery Delay,Low,Chat,171.7,17.9,Resolved,No,No,65.9,4,93.6
INT-00663,2025-01-01,Agent_16,General Inquiry,Low,Chat,131.8,15.0,Resolved,Yes,No,91.4,5,92.7
INT-00438,2025-01-01,Agent_14,App Crash,Low,Chat,88.7,24.1,Resolved,Yes,No,94.8,4,89.3
INT-03235,2025-01-01,Agent_10,Account Blocked,Medium,Email,40.5,37.1,Escalated,Yes,No,81.6,4,93.1
INT-03090,2025-01-01,Agent_09,General Inquiry,Low,Phone,72.4,36.8,In Progress,Yes,No,100.0,5,90.0
INT-03620,2025-01-01,Agent_07,Refund Issue,Medium,Email,41.8,19.2,Escalated,Yes,No,85.6,5,89.1
INT-03628,2025-01-01,Agent_02,Delivery Delay,Low,Email,58.8,22.8,Resolved,Yes,No,84.3,4,85.9
INT-00852,2025-01-01,Agent_13,Login Issue,Medium,Phone,138.9,29.9,Resolved,No,No,79.7,4,97.5
INT-01722,2025-01-01,Agent_18,Payment Issue,High,Chat,121.3,60.7,Escalated,Yes,Yes,81.7,4,93.6
INT-00123,2025-01-01,Agent_16,General Inquiry,Medium,Phone,125.2,33.1,Resolved,Yes,No,94.3,5,96.1
INT-02056,2025-01-01,Agent_12,Refund Issue,High,Phone,100.7,36.5,Resolved,Yes,No,85.4,5,93.1
INT-03298,2025-01-01,Agent_05,General Inquiry,High,WhatsApp,49.6,76.5,Resolved,Yes,No,82.6,4,87.5
INT-04838,2025-01-01,Agent_02,Login Issue,Medium,Chat,141.7,27.5,In Progress,No,No,64.5,4,90.0
INT-00739,2025-01-01,Agent_12,Payment Issue,High,WhatsApp,79.7,42.6,Resolved,Yes,No,87.3,5,97.0
INT-02000,2025-01-01,Agent_11,Delivery Delay,Low,Chat,107.4,28.3,Resolved,Yes,No,80.3,4,92.2
INT-01138,2025-01-01,Agent_15,Login Issue,Medium,Email,40.2,18.2,In Progress,Yes,No,98.2,5,86.1
INT-04072,2025-01-01,Agent_19,Delivery Delay,Medium,Phone,48.8,95.7,Resolved,Yes,No,78.5,4,96.7
INT-01146,2025-01-01,Agent_15,General Inquiry,Low,Phone,86.3,26.3,Escalated,Yes,Yes,87.3,4,91.0
INT-01006,2025-01-01,Agent_01,Product Defect,Critical,Email,131.2,57.0,In Progress,Yes,No,67.7,3,94.0
INT-01969,2025-01-01,Agent_12,Payment Issue,Critical,Phone,127.8,36.7,Resolved,No,No,74.6,5,84.2
INT-01974,2025-01-01,Agent_02,Account Blocked,Medium,Email,44.7,30.5,Resolved,Yes,No,80.8,4,85.1
INT-03353,2025-01-02,Agent_08,Login Issue,Critical,Chat,52.9,76.6,Resolved,No,No,72.6,5,91.4
INT-00248,2025-01-02,Agent_04,General Inquiry,Medium,Chat,109.9,17.9,Resolved,Yes,No,84.6,5,85.5
INT-01279,2025-01-02,Agent_04,Payment Issue,Low,Phone,240.0,35.3,Resolved,Yes,No,90.9,5,88.5
INT-02347,2025-01-02,Agent_16,General Inquiry,Medium,WhatsApp,44.9,14.8,Resolved,No,No,83.3,5,99.5
INT-03171,2025-01-02,Agent_19,App Crash,Medium,Chat,30.6,23.7,Resolved,Yes,No,100.0,5,96.2
INT-03360,2025-01-02,Agent_08,App Crash,High,Email,49.5,38.2,Resolved,Yes,No,70.6,4,88.2
INT-02590,2025-01-02,Agent_06,Delivery Delay,Low,Chat,36.9,26.3,Resolved,Yes,No,85.6,5,80.7
INT-03838,2025-01-02,Agent_13,Payment Issue,Medium,Email,145.7,19.2,In Progress,Yes,No,87.9,5,96.8
INT-01932,2025-01-02,Agent_06,Refund Issue,Low,Email,46.8,29.2,Escalated,No,No,72.4,4,93.9
INT-00065,2025-01-02,Agent_17,Product Defect,Medium,Chat,53.5,35.1,Resolved,Yes,No,90.6,5,99.9
INT-04280,2025-01-02,Agent_04,Payment Issue,Medium,Chat,99.0,33.4,Resolved,Yes,No,80.0,4,86.0
INT-04509,2025-01-02,Agent_16,Product Defect,Medium,Phone,62.4,50.3,Resolved,Yes,No,86.7,5,100.0
INT-00482,2025-01-02,Agent_10,Product Defect,Medium,Chat,221.9,64.2,Escalated,No,Yes,67.3,3,84.9
INT-01642,2025-01-02,Agent_01,Refund Issue,High,Phone,90.3,65.0,Resolved,No,No,69.6,4,90.5
INT-02244,2025-01-02,Agent_13,Payment Issue,High,Phone,93.6,37.5,In Progress,Yes,No,90.3,5,88.9
INT-02643,2025-01-02,Agent_11,Login Issue,High,WhatsApp,122.2,46.6,In Progress,No,No,74.2,4,98.5
INT-02295,2025-01-02,Agent_12,Payment Issue,Low,Chat,13.3,33.6,Resolved,Yes,No,88.6,4,93.2
INT-04390,2025-01-02,Agent_09,Product Defect,High,Phone,162.9,51.8,Resolved,No,No,65.0,3,91.9
INT-03337,2025-01-02,Agent_12,Login Issue,Medium,Phone,37.5,21.3,Resolved,No,No,89.8,5,88.0
INT-04801,2025-01-02,Agent_04,Login Issue,Low,Chat,93.8,34.6,Resolved,Yes,No,81.8,4,84.6
INT-00019,2025-01-02,Agent_14,Payment Issue,Low,Email,127.6,14.7,Escalated,Yes,Yes,84.8,4,88.5
INT-02165,2025-01-02,Agent_15,Payment Issue,High,Chat,91.9,37.3,Resolved,Yes,No,83.0,5,91.0
INT-00194,2025-01-02,Agent_03,Account Blocked,Medium,WhatsApp,112.4,24.3,In Progress,Yes,No,73.7,4,90.5
INT-02910,2025-01-02,Agent_20,Product Defect,Low,Chat,23.4,48.4,Escalated,Yes,No,94.8,5,100.0
INT-04861,2025-01-02,Agent_17,Product Defect,Low,Chat,100.3,71.1,Escalated,Yes,No,84.9,5,88.6
INT-01805,2025-01-02,Agent_12,Login Issue,Critical,Phone,81.3,42.1,Resolved,Yes,No,81.6,5,92.7
INT-04358,2025-01-02,Agent_03,Refund Issue,Critical,Chat,42.7,53.8,Resolved,Yes,No,73.1,5,87.9
INT-00729,2025-01-03,Agent_20,Account Blocked,Medium,Chat,102.2,32.5,Resolved,Yes,No,93.2,5,94.3
INT-00870,2025-01-03,Agent_07,Product Defect,High,Chat,94.4,67.7,Escalated,Yes,Yes,56.9,3,79.0
INT-04731,2025-01-03,Agent_03,Delivery Delay,Medium,Chat,80.7,28.8,Resolved,Yes,No,78.3,4,86.9
INT-02290,2025-01-03,Agent_14,Refund Issue,Medium,Chat,194.3,84.8,In Progress,Yes,No,74.9,4,90.3
INT-01852,2025-01-03,Agent_05,Delivery Delay,Medium,Chat,160.3,92.1,Resolved,No,No,70.2,4,90.6
INT-04158,2025-01-03,Agent_14,Login Issue,High,Phone,170.8,30.8,In Progress,Yes,No,89.8,5,94.4
INT-02993,2025-01-03,Agent_10,Refund Issue,High,Phone,70.4,43.0,Resolved,Yes,No,83.1,5,91.2
INT-04231,2025-01-03,Agent_02,Payment Issue,High,Chat,86.6,44.4,Escalated,No,No,67.9,4,90.3
INT-00667,2025-01-03,Agent_01,Account Blocked,Critical,WhatsApp,84.4,61.8,Escalated,Yes,Yes,63.9,4,81.1
INT-00220,2025-01-03,Agent_06,Delivery Delay,High,Chat,80.6,96.0,Escalated,Yes,Yes,61.1,4,86.3
INT-03643,2025-01-03,Agent_14,Payment Issue,Medium,Email,82.1,38.9,Escalated,Yes,No,88.8,4,96.7
INT-02656,2025-01-03,Agent_10,Login Issue,High,WhatsApp,117.0,66.6,Escalated,No,Yes,68.3,3,91.0
INT-04896,2025-01-03,Agent_10,Login Issue,Medium,WhatsApp,138.7,34.3,Resolved,Yes,No,76.7,4,96.4
INT-00168,2025-01-03,Agent_18,Login Issue,Medium,WhatsApp,64.9,48.2,Resolved,Yes,No,92.1,5,90.1
INT-03961,2025-01-03,Agent_17,App Crash,High,Phone,97.3,36.5,In Progress,No,No,78.4,4,88.7
INT-00969,2025-01-03,Agent_04,Payment Issue,Low,Chat,73.7,17.6,Resolved,Yes,No,76.6,4,84.8
INT-02675,2025-01-03,Agent_13,Delivery Delay,Medium,Phone,88.3,44.5,In Progress,Yes,No,83.3,5,90.2
INT-00753,2025-01-03,Agent_13,Payment Issue,Medium,Phone,75.9,35.6,Resolved,Yes,No,78.1,4,93.1
INT-01557,2025-01-03,Agent_10,Product Defect,Low,WhatsApp,89.5,64.5,Resolved,No,No,78.2,5,91.2
INT-02111,2025-01-03,Agent_15,Refund Issue,Low,WhatsApp,163.8,13.4,Resolved,No,No,85.9,4,97.3
INT-03812,2025-01-03,Agent_13,Payment Issue,High,Chat,43.5,50.2,In Progress,Yes,No,84.7,4,88.6
INT-02731,2025-01-03,Agent_13,Payment Issue,Critical,Phone,153.0,37.2,Resolved,Yes,No,74.4,3,91.0
INT-01538,2025-01-03,Agent_04,Account Blocked,Low,Phone,54.1,16.1,Resolved,Yes,No,90.4,5,92.5
INT-02787,2025-01-03,Agent_12,Payment Issue,High,WhatsApp,122.1,54.2,Resolved,No,No,76.1,4,99.0
INT-02319,2025-01-03,Agent_14,Refund Issue,Medium,Phone,107.1,45.9,Resolved,Yes,No,85.5,4,92.8
INT-04534,2025-01-03,Agent_07,Delivery Delay,Low,Chat,168.3,38.7,Resolved,Yes,No,74.1,4,99.6
INT-01495,2025-01-03,Agent_09,Login Issue,High,Chat,142.6,50.5,Resolved,Yes,No,73.0,4,94.4
INT-03349,2025-01-03,Agent_18,Refund Issue,Critical,Email,106.8,40.1,Resolved,Yes,No,79.0,4,98.5
INT-03446,2025-01-04,Agent_06,General Inquiry,Low,Email,71.5,25.3,Resolved,Yes,No,90.4,4,94.6
INT-00315,2025-01-04,Agent_20,App Crash,Low,Email,96.9,34.5,Resolved,Yes,No,93.5,5,94.5
INT-04525,2025-01-04,Agent_08,Login Issue,Low,WhatsApp,184.3,15.7,Resolved,Yes,No,83.6,4,90.8
INT-02452,2025-01-04,Agent_13,Account Blocked,High,WhatsApp,38.5,42.1,Resolved,Yes,No,84.8,5,90.9
INT-01462,2025-01-04,Agent_18,Account Blocked,High,Chat,151.1,35.0,Resolved,No,No,77.6,4,95.4
INT-03706,2025-01-04,Agent_07,Login Issue,Low,Chat,28.4,34.2,In Progress,Yes,No,89.0,5,88.6
INT-01525,2025-01-04,Agent_13,Login Issue,Medium,WhatsApp,87.8,26.4,Resolved,Yes,No,82.3,5,90.0
INT-02771,2025-01-04,Agent_14,General Inquiry,Medium,Phone,151.0,34.1,Resolved,No,No,83.3,4,95.4
INT-03900,2025-01-04,Agent_06,Delivery Delay,Critical,Phone,108.7,66.5,Escalated,No,Yes,47.7,3,78.2
INT-03567,2025-01-04,Agent_13,Account Blocked,Critical,Phone,95.8,52.2,Escalated,Yes,Yes,74.1,4,83.4
INT-00742,2025-01-04,Agent_07,Account Blocked,Low,Chat,63.1,14.1,Resolved,Yes,No,93.8,5,90.6
INT-01696,2025-01-04,Agent_11,Payment Issue,High,Email,94.7,47.2,Resolved,Yes,No,83.0,4,94.1
INT-01895,2025-01-04,Agent_02,Payment Issue,Low,Phone,45.8,25.5,Resolved,No,No,76.5,4,92.4
INT-03637,2025-01-04,Agent_12,Refund Issue,High,Email,180.7,46.2,Resolved,Yes,No,82.5,5,95.9
INT-03993,2025-01-04,Agent_04,Delivery Delay,Medium,Chat,98.2,28.7,Resolved,Yes,No,81.0,5,88.6
INT-00478,2025-01-04,Agent_14,General Inquiry,Critical,Chat,118.7,44.4,Escalated,Yes,No,91.4,5,89.3
INT-03226,2025-01-04,Agent_20,App Crash,High,Chat,76.6,60.5,Escalated,Yes,Yes,81.2,4,94.8
INT-03094,2025-01-04,Agent_19,General Inquiry,High,Email,123.6,56.6,Resolved,No,No,79.4,4,93.5
INT-00935,2025-01-04,Agent_06,Delivery Delay,Medium,Email,70.3,43.2,Resolved,Yes,No,73.1,5,82.6
INT-02722,2025-01-04,Agent_16,Payment Issue,Critical,WhatsApp,100.2,61.1,Resolved,No,No,72.5,4,89.8
INT-03007,2025-01-04,Agent_04,Payment Issue,Critical,Chat,196.4,38.4,Resolved,Yes,No,65.2,3,84.2
INT-00069,2025-01-04,Agent_02,Account Blocked,Medium,WhatsApp,54.4,37.6,Resolved,Yes,No,81.1,4,84.1
INT-03025,2025-01-04,Agent_15,Payment Issue,Medium,Email,49.7,18.9,Resolved,No,No,83.1,5,90.8
INT-02453,2025-01-04,Agent_12,Account Blocked,Medium,Email,108.5,26.0,Resolved,Yes,No,95.0,4,90.7
INT-00918,2025-01-04,Agent_11,Login Issue,Low,Phone,27.0,28.7,Resolved,Yes,No,92.6,5,81.5
INT-02811,2025-01-04,Agent_06,Account Blocked,Medium,Phone,139.0,23.1,Escalated,Yes,No,78.2,4,96.8
INT-02729,2025-01-04,Agent_18,Payment Issue,Low,Phone,25.8,16.6,In Progress,Yes,No,82.6,5,98.0
INT-04133,2025-01-04,Agent_04,Refund Issue,High,Email,110.5,39.8,Resolved,Yes,No,82.2,4,84.0
INT-04950,2025-01-04,Agent_14,Account Blocked,Critical,Chat,154.4,76.9,Resolved,Yes,No,87.6,5,88.0
INT-01311,2025-01-04,Agent_10,Delivery Delay,Low,Phone,25.4,50.0,Resolved,No,No,74.4,4,94.2
INT-00124,2025-01-05,Agent_06,General Inquiry,Critical,Email,112.6,38.5,Resolved,Yes,No,84.3,5,84.5
INT-04305,2025-01-05,Agent_13,Delivery Delay,High,Chat,137.2,48.4,Resolved,Yes,No,86.6,4,85.5
INT-03940,2025-01-05,Agent_18,Refund Issue,Medium,Phone,103.7,44.0,Resolved,Yes,No,89.1,5,96.7
INT-01288,2025-01-05,Agent_03,App Crash,Medium,WhatsApp,33.4,20.4,Resolved,Yes,No,78.0,5,93.8
INT-04848,2025-01-05,Agent_16,Login Issue,Low,Chat,128.3,21.6,In Progress,Yes,No,94.1,5,89.1
INT-02327,2025-01-05,Agent_07,Product Defect,Medium,Phone,177.7,31.0,In Progress,Yes,No,80.3,4,88.8
INT-00601,2025-01-05,Agent_20,App Crash,High,WhatsApp,75.2,54.1,Resolved,No,No,80.1,5,90.6
INT-02909,2025-01-05,Agent_19,Account Blocked,Low,Email,172.1,18.5,Resolved,No,No,82.9,4,100.0
INT-02674,2025-01-05,Agent_20,Payment Issue,Low,Email,124.2,15.3,Resolved,No,No,92.3,5,97.1
INT-01021,2025-01-05,Agent_03,General Inquiry,Medium,WhatsApp,36.3,12.0,Escalated,Yes,Yes,82.4,5,90.0
INT-01072,2025-01-05,Agent_19,Delivery Delay,Low,Phone,79.9,18.6,Resolved,Yes,No,96.1,5,91.0
INT-01542,2025-01-05,Agent_10,Account Blocked,Low,Phone,52.2,14.4,In Progress,Yes,No,95.3,4,94.1
INT-00703,2025-01-05,Agent_10,General Inquiry,High,Phone,101.4,39.3,Resolved,Yes,No,88.9,4,99.5
INT-02431,2025-01-05,Agent_17,General Inquiry,Medium,Phone,86.3,33.6,Resolved,Yes,No,91.0,5,94.5
INT-02807,2025-01-05,Agent_09,App Crash,High,Email,141.6,44.0,Resolved,No,No,71.1,4,87.9
INT-01086,2025-01-05,Agent_06,App Crash,Critical,Chat,81.9,91.8,Resolved,Yes,No,84.0,5,91.8
INT-01541,2025-01-05,Agent_18,Product Defect,High,Phone,51.8,49.3,In Progress,Yes,No,91.1,4,99.1
INT-03523,2025-01-05,Agent_01,General Inquiry,Low,Chat,33.3,42.8,In Progress,Yes,No,88.1,4,86.5
INT-02559,2025-01-05,Agent_03,Delivery Delay,Medium,Phone,150.4,42.0,Escalated,Yes,No,76.2,4,89.9
INT-04588,2025-01-05,Agent_10,Product Defect,Medium,Phone,100.9,33.4,In Progress,Yes,No,85.7,5,97.4
INT-02560,2025-01-05,Agent_07,Delivery Delay,Low,Phone,67.7,43.3,Resolved,Yes,No,88.8,4,92.8
INT-01952,2025-01-05,Agent_08,App Crash,Low,Phone,151.8,17.3,In Progress,Yes,No,88.6,5,89.8
INT-00822,2025-01-05,Agent_14,Delivery Delay,Medium,Phone,98.4,27.3,Escalated,Yes,No,84.4,5,91.2
INT-03540,2025-01-05,Agent_07,Login Issue,Low,Email,97.3,30.6,Resolved,Yes,No,86.0,4,94.6
INT-00974,2025-01-05,Agent_18,App Crash,Medium,WhatsApp,81.0,56.9,Resolved,Yes,No,85.2,5,99.1
INT-00404,2025-01-05,Agent_06,Login Issue,Medium,Phone,108.1,32.9,Resolved,No,No,76.5,4,94.8
INT-01580,2025-01-05,Agent_17,General Inquiry,High,Chat,45.0,36.9,Resolved,Yes,No,90.7,4,100.0
INT-02037,2025-01-05,Agent_05,General Inquiry,Critical,Chat,115.9,36.5,Escalated,Yes,Yes,71.2,3,88.3
INT-02279,2025-01-05,Agent_04,General Inquiry,Low,Chat,49.0,26.2,Resolved,Yes,No,96.6,5,96.9
INT-00104,2025-01-05,Agent_13,Product Defect,Medium,Phone,207.3,37.8,In Progress,Yes,No,89.2,4,89.6
INT-00725,2025-01-06,Agent_09,Product Defect,Low,Phone,90.4,30.1,Resolved,Yes,No,87.4,4,97.2
INT-00406,2025-01-06,Agent_18,Payment Issue,Critical,Chat,90.0,51.0,Resolved,No,No,77.0,5,84.4
INT-02960,2025-01-06,Agent_06,Account Blocked,Medium,Chat,105.0,40.0,Resolved,Yes,No,80.1,4,94.3
INT-01829,2025-01-06,Agent_12,Delivery Delay,Medium,Phone,161.8,38.6,In Progress,Yes,No,82.1,4,90.5
INT-02354,2025-01-06,Agent_12,Refund Issue,Medium,Email,128.3,18.8,Resolved,No,No,78.5,4,93.8
INT-01912,2025-01-06,Agent_12,Payment Issue,Low,Email,65.8,21.3,In Progress,Yes,No,98.2,4,87.2
INT-00796,2025-01-06,Agent_01,General Inquiry,Low,Phone,110.0,5.6,Escalated,Yes,No,85.4,5,89.0
INT-03239,2025-01-06,Agent_11,Payment Issue,Critical,Phone,60.0,66.9,Escalated,No,Yes,67.3,4,83.8
INT-03244,2025-01-06,Agent_19,General Inquiry,Medium,WhatsApp,93.4,14.0,In Progress,No,No,84.6,4,97.8
INT-01540,2025-01-06,Agent_07,General Inquiry,Medium,Chat,105.6,16.5,Resolved,Yes,No,83.0,5,84.5
INT-01607,2025-01-06,Agent_07,General Inquiry,Low,Chat,48.1,7.4,In Progress,Yes,No,91.3,5,91.5
INT-04426,2025-01-06,Agent_12,Refund Issue,Critical,Phone,91.7,96.0,Resolved,No,No,66.8,5,90.3
INT-04228,2025-01-06,Agent_17,Payment Issue,High,Email,58.1,56.8,Resolved,Yes,No,81.3,4,100.0
INT-04342,2025-01-06,Agent_19,Refund Issue,Medium,Phone,93.6,71.9,In Progress,Yes,No,86.4,5,93.6
INT-03453,2025-01-06,Agent_20,Payment Issue,Low,Phone,46.1,31.3,Resolved,No,No,85.4,5,95.6
INT-00323,2025-01-06,Agent_12,Login Issue,Medium,Email,63.1,23.2,Resolved,Yes,No,87.9,4,99.5
INT-00905,2025-01-06,Agent_14,Delivery Delay,High,Chat,136.1,63.3,In Progress,Yes,No,76.0,5,93.4
INT-00932,2025-01-06,Agent_15,Refund Issue,High,WhatsApp,100.9,55.0,Escalated,Yes,Yes,76.1,4,91.7
INT-04581,2025-01-06,Agent_19,General Inquiry,Medium,WhatsApp,111.7,34.0,Resolved,Yes,No,94.1,4,93.5
INT-04714,2025-01-06,Agent_13,Refund Issue,High,Chat,72.5,32.5,Resolved,Yes,No,77.9,5,100.0
INT-01719,2025-01-06,Agent_10,Refund Issue,Medium,WhatsApp,52.8,54.4,Resolved,No,No,84.8,5,88.5
INT-03962,2025-01-06,Agent_07,Delivery Delay,Medium,Email,31.7,45.6,Resolved,Yes,No,89.3,5,94.8
INT-01436,2025-01-07,Agent_18,App Crash,Low,Email,29.8,24.6,In Progress,Yes,No,92.8,5,95.2
INT-02186,2025-01-07,Agent_05,Product Defect,Medium,Chat,52.8,46.7,Resolved,Yes,No,83.5,5,90.3
INT-01268,2025-01-07,Agent_09,Login Issue,Medium,Email,169.0,52.3,Resolved,Yes,No,80.4,4,92.2
INT-00242,2025-01-07,Agent_05,Delivery Delay,Medium,Phone,116.9,36.9,Resolved,No,No,74.1,4,92.1
INT-02448,2025-01-07,Agent_07,Account Blocked,Low,WhatsApp,42.4,61.6,Escalated,Yes,No,77.6,4,90.0
INT-01626,2025-01-07,Agent_12,Payment Issue,Low,Phone,24.7,29.4,Resolved,Yes,No,84.1,5,95.1
INT-02247,2025-01-07,Agent_20,Product Defect,Medium,Email,62.7,42.5,Resolved,Yes,No,84.0,5,96.4
INT-00592,2025-01-07,Agent_07,Delivery Delay,Critical,Phone,85.5,49.3,Resolved,Yes,No,68.5,4,96.3
INT-02469,2025-01-07,Agent_03,Refund Issue,Low,Chat,35.2,11.0,Resolved,Yes,No,81.5,4,87.0
INT-01683,2025-01-07,Agent_16,Login Issue,Low,Email,25.0,40.8,In Progress,Yes,No,95.2,4,91.7
INT-03876,2025-01-07,Agent_03,General Inquiry,Medium,WhatsApp,89.7,19.5,Resolved,Yes,No,79.9,4,87.2
INT-01266,2025-01-07,Agent_06,Refund Issue,Medium,Phone,41.4,60.4,Resolved,Yes,No,76.3,3,90.0
INT-01844,2025-01-07,Agent_11,Payment Issue,High,Phone,202.0,58.3,Resolved,Yes,No,75.9,4,91.8
INT-03809,2025-01-07,Agent_04,Delivery Delay,High,Chat,52.7,44.3,Escalated,Yes,No,78.9,5,88.0
INT-02374,2025-01-07,Agent_02,Refund Issue,Medium,Chat,143.8,39.4,Escalated,Yes,Yes,67.7,3,90.4
INT-04413,2025-01-07,Agent_10,Delivery Delay,Medium,Phone,127.7,42.9,Resolved,No,No,75.5,4,89.4
INT-00869,2025-01-07,Agent_16,Product Defect,High,Phone,82.3,44.4,Resolved,Yes,No,93.7,5,99.0
INT-02989,2025-01-07,Agent_02,Product Defect,Medium,Email,75.2,46.6,Resolved,Yes,No,71.1,4,91.2
INT-02854,2025-01-07,Agent_09,General Inquiry,Medium,Chat,82.9,39.6,Escalated,Yes,No,83.4,5,84.7
INT-03411,2025-01-07,Agent_08,App Crash,Low,Phone,108.2,19.6,Resolved,Yes,No,76.8,4,89.0
INT-04666,2025-01-07,Agent_07,Delivery Delay,Low,Chat,48.6,34.8,Resolved,No,No,76.9,4,89.1
INT-04286,2025-01-07,Agent_10,Product Defect,High,Chat,73.5,70.4,Escalated,Yes,Yes,67.4,4,98.6
INT-04998,2025-01-07,Agent_20,General Inquiry,Medium,Email,114.5,26.4,In Progress,Yes,No,99.5,5,94.2
INT-02172,2025-01-07,Agent_18,Payment Issue,High,Chat,140.1,79.5,In Progress,Yes,No,83.8,4,91.6
INT-00400,2025-01-08,Agent_15,Login Issue,Medium,Email,181.1,61.0,Resolved,No,No,77.8,4,90.3
INT-03708,2025-01-08,Agent_17,Refund Issue,Medium,Chat,32.2,83.8,Escalated,Yes,No,88.4,5,96.0
INT-00898,2025-01-08,Agent_12,General Inquiry,Low,Chat,140.9,18.5,Escalated,Yes,No,94.9,5,96.3
INT-04494,2025-01-08,Agent_06,General Inquiry,Medium,Phone,40.1,23.4,Resolved,Yes,No,77.4,4,96.2
INT-02525,2025-01-08,Agent_07,Payment Issue,High,WhatsApp,85.4,57.0,Resolved,Yes,No,76.0,4,93.9
INT-04988,2025-01-08,Agent_01,General Inquiry,Medium,Phone,84.1,47.5,Escalated,Yes,No,76.3,4,97.6
INT-02563,2025-01-08,Agent_06,General Inquiry,High,Phone,70.0,52.0,In Progress,Yes,No,88.8,5,95.2
INT-03521,2025-01-08,Agent_07,Delivery Delay,Medium,WhatsApp,107.7,60.3,Resolved,Yes,No,82.6,4,95.9
INT-02284,2025-01-08,Agent_05,App Crash,Low,Phone,37.9,31.1,Resolved,Yes,No,90.6,5,85.0
INT-02301,2025-01-08,Agent_01,Login Issue,High,Phone,61.6,28.3,Resolved,Yes,No,77.9,5,88.7
INT-01972,2025-01-08,Agent_17,Login Issue,Low,Chat,8.9,25.1,Resolved,No,No,79.5,4,91.2
INT-02537,2025-01-08,Agent_19,Delivery Delay,High,Chat,180.4,70.8,Escalated,No,Yes,59.4,3,86.4
INT-04789,2025-01-08,Agent_09,General Inquiry,Low,Phone,95.5,27.0,Resolved,Yes,No,86.5,5,93.6
INT-01412,2025-01-08,Agent_12,Account Blocked,High,Chat,63.3,48.1,Escalated,Yes,No,81.3,5,97.1
INT-02973,2025-01-08,Agent_14,Payment Issue,Medium,WhatsApp,105.3,31.9,Resolved,No,No,81.2,5,100.0
INT-01925,2025-01-08,Agent_12,Product Defect,Low,Email,56.6,83.9,Resolved,No,No,84.1,4,90.1
INT-00513,2025-01-08,Agent_12,Payment Issue,High,Chat,45.2,77.4,Resolved,Yes,No,69.7,5,98.0
INT-03000,2025-01-08,Agent_07,Delivery Delay,Medium,Phone,67.7,28.8,Resolved,Yes,No,79.2,4,90.7
INT-03888,2025-01-08,Agent_07,App Crash,High,WhatsApp,155.9,62.6,Resolved,No,No,67.3,4,92.2
INT-01242,2025-01-08,Agent_01,Login Issue,Medium,WhatsApp,39.0,65.1,Resolved,Yes,No,86.9,5,87.3
INT-03728,2025-01-08,Agent_03,Refund Issue,Critical,WhatsApp,67.2,61.8,Resolved,Yes,No,75.0,4,91.1
INT-04862,2025-01-08,Agent_12,Delivery Delay,Medium,Phone,45.1,30.9,Resolved,Yes,No,84.0,4,85.1
INT-00304,2025-01-08,Agent_01,General Inquiry,Medium,Email,90.7,15.0,Escalated,Yes,No,94.2,5,87.7
INT-00853,2025-01-08,Agent_20,Payment Issue,Medium,Phone,109.2,39.9,Resolved,Yes,No,93.9,5,90.3
INT-00676,2025-01-08,Agent_11,Payment Issue,Medium,Chat,92.7,20.5,Resolved,No,No,78.3,4,95.9
INT-00057,2025-01-08,Agent_05,Account Blocked,Medium,Phone,42.4,29.7,Resolved,Yes,No,73.5,3,95.6
INT-02030,2025-01-08,Agent_16,Login Issue,High,Phone,94.8,42.9,Resolved,Yes,No,88.2,5,92.4
INT-04008,2025-01-08,Agent_05,Account Blocked,Critical,Chat,185.5,40.8,In Progress,No,No,69.9,4,85.1
INT-04005,2025-01-08,Agent_15,Login Issue,Medium,Phone,66.1,63.8,Escalated,Yes,Yes,85.6,4,83.5
INT-03964,2025-01-08,Agent_11,Login Issue,Medium,WhatsApp,92.0,45.4,Resolved,Yes,No,93.7,5,95.2
INT-03609,2025-01-08,Agent_09,Delivery Delay,Medium,Phone,85.2,23.6,Resolved,Yes,No,85.4,5,89.5
INT-03170,2025-01-08,Agent_17,Refund Issue,Low,Chat,68.5,35.0,Escalated,Yes,No,85.0,4,94.3
INT-03808,2025-01-08,Agent_04,Product Defect,Medium,Chat,23.8,38.8,Resolved,Yes,No,71.5,4,100.0
INT-00375,2025-01-08,Agent_08,Refund Issue,Medium,Phone,79.3,19.1,Resolved,Yes,No,82.1,4,85.5
INT-01742,2025-01-08,Agent_15,Refund Issue,High,Chat,145.5,42.2,Escalated,No,Yes,69.6,4,85.3
INT-03310,2025-01-08,Agent_12,Account Blocked,Medium,Chat,68.2,18.0,Resolved,Yes,No,91.1,5,89.8
INT-01252,2025-01-08,Agent_16,Delivery Delay,High,Phone,80.0,38.2,Escalated,Yes,No,89.7,5,95.9
INT-02033,2025-01-08,Agent_01,Payment Issue,Medium,Chat,21.1,58.4,Resolved,Yes,No,78.8,5,89.7
INT-01835,2025-01-08,Agent_12,Refund Issue,High,Chat,120.5,59.7,In Progress,Yes,No,72.8,4,86.7
INT-01226,2025-01-08,Agent_06,Refund Issue,High,Chat,64.7,28.1,Resolved,Yes,No,83.6,4,94.6
INT-03200,2025-01-08,Agent_02,General Inquiry,High,Email,114.9,49.9,Resolved,No,No,74.4,4,91.1
INT-00807,2025-01-08,Agent_06,Product Defect,Medium,Phone,67.8,33.8,Escalated,Yes,No,78.0,5,88.8
INT-04192,2025-01-09,Agent_07,Refund Issue,Medium,Email,74.0,37.4,Resolved,Yes,No,86.4,5,87.0
INT-00988,2025-01-09,Agent_11,Product Defect,Medium,Phone,56.7,44.7,Resolved,Yes,No,91.0,5,86.9
INT-04770,2025-01-09,Agent_12,App Crash,Medium,Email,192.6,30.4,Resolved,No,No,75.1,4,94.6
INT-00254,2025-01-09,Agent_14,Login Issue,Medium,Phone,86.6,37.4,Escalated,Yes,No,85.4,5,86.0
INT-03633,2025-01-09,Agent_08,App Crash,Critical,Phone,79.4,72.3,Resolved,No,No,61.8,4,85.6
INT-01762,2025-01-09,Agent_03,General Inquiry,Low,Phone,88.1,10.5,Resolved,Yes,No,83.6,5,87.7
INT-01546,2025-01-09,Agent_01,Product Defect,Medium,Email,84.2,31.7,Resolved,Yes,No,84.8,5,91.7
INT-02110,2025-01-09,Agent_18,Login Issue,High,Phone,49.7,44.8,Resolved,No,No,64.3,4,94.0
INT-00092,2025-01-09,Agent_12,App Crash,High,Email,70.8,45.8,Resolved,Yes,No,82.8,4,85.6
INT-03277,2025-01-09,Agent_03,Product Defect,High,Phone,91.8,44.6,Resolved,Yes,No,82.5,5,90.4
INT-00589,2025-01-09,Agent_16,General Inquiry,High,Phone,98.2,96.0,Resolved,No,No,85.8,4,96.8
INT-03041,2025-01-09,Agent_01,Payment Issue,High,Email,128.8,38.9,Escalated,Yes,No,71.1,3,88.2
INT-01577,2025-01-09,Agent_01,General Inquiry,Low,Phone,74.3,32.7,In Progress,Yes,No,93.3,5,94.0
INT-02202,2025-01-09,Agent_17,Delivery Delay,High,Chat,79.4,65.8,Escalated,No,Yes,66.1,4,83.5
INT-01828,2025-01-09,Agent_02,Refund Issue,High,Email,64.7,48.9,Resolved,Yes,No,75.3,4,85.6
INT-03159,2025-01-09,Agent_19,Login Issue,Critical,Phone,78.6,65.5,In Progress,Yes,No,88.2,5,97.7
INT-00559,2025-01-09,Agent_12,Delivery Delay,Critical,Phone,96.0,58.5,Resolved,Yes,No,81.5,5,92.1
INT-00049,2025-01-09,Agent_04,Account Blocked,High,WhatsApp,129.3,75.0,Resolved,No,No,67.7,4,86.6
INT-01306,2025-01-09,Agent_14,General Inquiry,Critical,Email,66.2,44.2,Resolved,Yes,No,82.1,5,92.1
INT-04044,2025-01-09,Agent_03,Account Blocked,High,Phone,144.0,57.4,Resolved,Yes,No,71.3,4,88.5
INT-00468,2025-01-10,Agent_06,Login Issue,Low,Phone,18.9,23.3,Resolved,Yes,No,83.0,5,90.9
INT-01426,2025-01-10,Agent_03,Account Blocked,Medium,Phone,122.0,45.7,Resolved,Yes,No,77.8,5,91.3
INT-01232,2025-01-10,Agent_08,General Inquiry,Low,Email,38.8,37.3,Escalated,Yes,Yes,90.9,4,86.8
INT-00973,2025-01-10,Agent_14,Payment Issue,Critical,Chat,110.2,49.3,Resolved,Yes,No,81.6,4,86.7
INT-02585,2025-01-10,Agent_03,Login Issue,Medium,Chat,108.2,51.3,In Progress,Yes,No,76.3,5,92.8
INT-02520,2025-01-10,Agent_02,Account Blocked,Low,Phone,28.8,48.6,Resolved,No,No,77.5,5,89.0
INT-01965,2025-01-10,Agent_18,Refund Issue,Medium,Chat,113.8,42.9,Resolved,Yes,No,79.8,4,92.6
INT-02681,2025-01-10,Agent_12,Product Defect,Medium,Phone,196.3,62.7,Escalated,Yes,No,77.2,4,94.7
INT-03691,2025-01-10,Agent_08,Payment Issue,Low,Chat,88.6,7.2,Resolved,Yes,No,81.0,4,90.5
INT-01960,2025-01-10,Agent_05,Login Issue,High,Chat,120.2,51.2,Resolved,No,No,74.6,4,85.0
INT-03342,2025-01-10,Agent_11,Delivery Delay,Medium,WhatsApp,38.8,38.6,Resolved,Yes,No,80.9,5,93.8
INT-01071,2025-01-10,Agent_04,App Crash,Low,Email,90.9,27.2,Escalated,Yes,No,94.5,5,96.7
INT-02386,2025-01-10,Agent_05,Login Issue,Low,Chat,102.8,15.0,Resolved,Yes,No,74.7,4,83.0
INT-04395,2025-01-10,Agent_06,Product Defect,Critical,Phone,139.7,50.5,Resolved,No,No,63.6,3,96.5
INT-02433,2025-01-10,Agent_17,Delivery Delay,Medium,Phone,101.4,39.1,In Progress,Yes,No,89.5,5,98.6
INT-00699,2025-01-10,Agent_16,Payment Issue,Low,Phone,111.5,23.8,Resolved,Yes,No,91.3,5,87.7
INT-04079,2025-01-10,Agent_10,Refund Issue,Medium,Phone,36.0,29.0,In Progress,Yes,No,74.6,5,93.6
INT-01487,2025-01-10,Agent_05,General Inquiry,Low,WhatsApp,71.9,33.7,Resolved,Yes,No,93.7,5,90.5
INT-04383,2025-01-10,Agent_05,Product Defect,Low,Chat,45.2,50.5,Escalated,Yes,No,72.2,4,87.9
INT-02601,2025-01-10,Agent_15,General Inquiry,Low,Chat,48.7,13.1,In Progress,No,No,86.1,5,90.4
INT-04354,2025-01-10,Agent_13,Login Issue,Medium,Chat,69.9,33.7,Resolved,Yes,No,90.6,5,95.4
INT-04043,2025-01-10,Agent_15,Account Blocked,Low,Phone,104.1,51.8,Resolved,Yes,No,90.6,5,94.1
INT-04194,2025-01-10,Agent_10,Payment Issue,High,Email,89.5,56.8,Resolved,Yes,No,84.0,5,91.3
INT-02204,2025-01-10,Agent_17,Payment Issue,Critical,Chat,240.0,42.4,In Progress,No,No,77.4,4,85.1
INT-03291,2025-01-11,Agent_05,Account Blocked,Low,Phone,47.7,19.5,Resolved,Yes,No,82.6,4,92.9
INT-02105,2025-01-11,Agent_09,Login Issue,High,Chat,65.7,39.4,In Progress,Yes,No,78.4,4,93.0
INT-01787,2025-01-11,Agent_07,Payment Issue,Medium,Chat,117.1,40.3,Resolved,Yes,No,78.6,4,83.0
INT-02970,2025-01-11,Agent_07,App Crash,Medium,Phone,85.6,33.8,Resolved,Yes,No,77.4,4,92.7
INT-03923,2025-01-11,Agent_20,Payment Issue,Medium,Chat,99.5,26.2,In Progress,Yes,No,95.3,5,96.4
INT-01283,2025-01-11,Agent_09,App Crash,Medium,Phone,67.1,55.3,Resolved,No,No,70.4,4,90.6
INT-03971,2025-01-11,Agent_15,Delivery Delay,Medium,Email,96.5,38.2,Resolved,Yes,No,92.6,5,91.4
INT-03186,2025-01-11,Agent_03,Refund Issue,Critical,Phone,144.0,78.1,Escalated,Yes,Yes,54.9,3,79.1
INT-02239,2025-01-11,Agent_10,Refund Issue,Low,Email,54.0,31.2,Resolved,Yes,No,93.2,4,92.0
INT-04624,2025-01-11,Agent_05,Delivery Delay,Critical,Chat,61.0,87.7,Resolved,Yes,No,73.1,4,84.9
INT-01781,2025-01-11,Agent_16,Delivery Delay,High,WhatsApp,39.9,76.1,Resolved,Yes,No,78.1,4,95.5
INT-01363,2025-01-11,Agent_08,App Crash,Medium,Phone,89.0,63.2,Resolved,Yes,No,78.4,5,91.7
INT-02600,2025-01-11,Agent_20,Product Defect,High,Phone,64.3,60.2,Resolved,Yes,No,76.9,5,96.0
INT-01136,2025-01-11,Agent_20,Login Issue,Medium,Chat,63.6,67.2,Resolved,Yes,No,97.7,5,93.6
INT-01361,2025-01-11,Agent_16,General Inquiry,Medium,Chat,81.8,24.0,Resolved,Yes,No,100.0,5,83.8
INT-01568,2025-01-11,Agent_07,Product Defect,Medium,WhatsApp,130.3,63.2,Resolved,No,No,70.1,4,89.1
INT-03533,2025-01-11,Agent_16,App Crash,Critical,Phone,118.9,79.8,Escalated,No,Yes,63.3,4,92.6
INT-01014,2025-01-11,Agent_11,Payment Issue,Medium,WhatsApp,62.8,50.6,Escalated,No,No,71.4,4,92.1
INT-01103,2025-01-11,Agent_16,Payment Issue,Low,Phone,83.0,48.6,Resolved,Yes,No,85.1,5,92.2
INT-00710,2025-01-11,Agent_15,General Inquiry,Medium,Email,73.4,24.8,Resolved,Yes,No,90.4,5,87.8
INT-04786,2025-01-11,Agent_13,Account Blocked,High,Email,105.0,55.1,Resolved,Yes,No,85.3,4,96.3
INT-02437,2025-01-11,Agent_20,App Crash,Medium,Email,48.1,24.2,Resolved,Yes,No,97.6,5,92.2
INT-00236,2025-01-11,Agent_17,General Inquiry,High,Phone,87.2,42.5,Resolved,Yes,No,87.7,5,85.9
INT-01520,2025-01-11,Agent_16,Delivery Delay,High,Chat,122.2,49.5,Resolved,Yes,No,77.2,4,95.9
INT-03771,2025-01-11,Agent_06,Payment Issue,High,WhatsApp,122.9,53.1,Resolved,Yes,No,90.2,5,86.4
INT-00506,2025-01-12,Agent_20,Delivery Delay,Medium,Phone,174.1,21.0,Resolved,Yes,No,84.0,4,92.7
INT-03363,2025-01-12,Agent_05,Payment Issue,High,Email,71.9,50.3,Resolved,Yes,No,75.5,4,86.6
INT-01408,2025-01-12,Agent_01,Product Defect,Medium,Phone,82.4,39.9,Escalated,Yes,Yes,66.2,3,93.0
INT-03879,2025-01-12,Agent_14,Payment Issue,Critical,Phone,125.1,73.6,Resolved,No,No,74.0,4,93.1
INT-04923,2025-01-12,Agent_09,Refund Issue,Medium,Email,150.7,41.3,Resolved,No,No,75.0,4,96.8
INT-01669,2025-01-12,Agent_06,General Inquiry,High,Chat,67.9,23.8,Escalated,Yes,No,79.9,4,85.1
INT-01398,2025-01-12,Agent_09,App Crash,Medium,Email,76.7,34.8,Escalated,Yes,No,90.6,5,93.5
INT-01418,2025-01-12,Agent_04,Payment Issue,High,Chat,80.3,59.1,Escalated,Yes,No,83.2,5,93.5
INT-00539,2025-01-12,Agent_02,Account Blocked,High,Phone,66.6,48.5,Resolved,Yes,No,75.5,4,85.0
INT-02696,2025-01-12,Agent_02,General Inquiry,High,Email,32.1,37.7,Resolved,No,No,82.2,4,79.9
INT-03849,2025-01-12,Agent_11,Payment Issue,Medium,Chat,52.6,52.5,Resolved,Yes,No,70.1,5,92.1
INT-03184,2025-01-12,Agent_07,Payment Issue,High,Email,130.1,33.6,In Progress,No,No,69.9,4,92.0
INT-02314,2025-01-12,Agent_10,Refund Issue,Medium,WhatsApp,96.8,31.0,In Progress,Yes,No,90.7,5,84.3
INT-04966,2025-01-12,Agent_01,Payment Issue,Medium,Chat,41.8,41.8,Resolved,Yes,No,77.9,4,88.4
INT-03012,2025-01-12,Agent_13,General Inquiry,Critical,Phone,135.5,96.0,Escalated,No,Yes,61.2,3,92.6
INT-03305,2025-01-12,Agent_11,Login Issue,High,Phone,91.6,41.5,Resolved,No,No,76.6,5,97.0
INT-03709,2025-01-12,Agent_12,Account Blocked,Critical,Email,66.9,63.0,Resolved,Yes,No,66.2,4,81.8
INT-00496,2025-01-12,Agent_17,Login Issue,Medium,Email,181.6,46.9,Escalated,Yes,No,89.2,4,95.7
INT-04295,2025-01-12,Agent_10,App Crash,High,Email,187.0,54.2,In Progress,No,No,64.2,4,89.3
INT-00831,2025-01-12,Agent_08,General Inquiry,Low,Chat,43.8,18.2,Resolved,Yes,No,95.4,5,88.9
INT-01644,2025-01-12,Agent_04,Payment Issue,High,Phone,89.7,40.5,Resolved,Yes,No,79.9,5,98.4
INT-02362,2025-01-12,Agent_07,Product Defect,High,WhatsApp,100.5,58.8,Resolved,Yes,No,69.5,4,95.6
INT-00109,2025-01-12,Agent_06,Account Blocked,Low,Chat,9.8,24.7,Escalated,No,Yes,68.6,4,82.1
INT-01342,2025-01-12,Agent_20,Payment Issue,Medium,WhatsApp,74.8,51.1,Resolved,Yes,No,87.5,4,93.4
INT-01917,2025-01-12,Agent_18,General Inquiry,Medium,Phone,141.3,15.1,Resolved,Yes,No,90.5,4,91.3
INT-02971,2025-01-12,Agent_12,App Crash,Medium,Chat,142.2,22.5,Resolved,No,No,76.0,4,85.7
INT-01859,2025-01-12,Agent_08,Delivery Delay,Low,Email,87.1,30.7,Resolved,Yes,No,77.6,4,87.7
INT-01857,2025-01-12,Agent_06,App Crash,High,Phone,92.2,41.4,Resolved,Yes,No,78.7,4,96.9
INT-03544,2025-01-12,Agent_09,Refund Issue,Medium,Phone,103.9,54.8,Resolved,No,No,72.7,4,91.1
INT-03243,2025-01-12,Agent_04,Refund Issue,High,Phone,34.6,48.0,Resolved,Yes,No,77.4,5,94.4
INT-02412,2025-01-12,Agent_04,App Crash,Low,Chat,65.3,23.8,Resolved,No,No,78.1,4,87.2
INT-00669,2025-01-12,Agent_04,Delivery Delay,Low,Email,179.8,36.3,Resolved,Yes,No,66.1,4,95.7
INT-00756,2025-01-12,Agent_16,Payment Issue,Low,Chat,50.3,17.0,Escalated,Yes,Yes,84.4,5,93.4
INT-02987,2025-01-12,Agent_02,Payment Issue,High,WhatsApp,107.3,36.0,Escalated,Yes,No,77.8,4,90.7
INT-00185,2025-01-12,Agent_10,Payment Issue,High,Phone,77.4,29.1,Resolved,Yes,No,81.3,5,93.5
INT-02624,2025-01-12,Agent_10,Account Blocked,Low,WhatsApp,48.3,45.4,Resolved,Yes,No,80.2,4,87.0
INT-02120,2025-01-12,Agent_07,General Inquiry,High,Phone,115.9,42.7,Resolved,Yes,No,82.0,4,88.3
INT-02007,2025-01-12,Agent_05,Account Blocked,Medium,Phone,180.2,52.8,Escalated,Yes,No,86.6,4,90.5
INT-01732,2025-01-12,Agent_17,Delivery Delay,Medium,Phone,52.0,57.5,Resolved,Yes,No,93.8,5,91.9
INT-04880,2025-01-13,Agent_17,Product Defect,Medium,Phone,112.0,28.7,Resolved,Yes,No,85.1,4,93.8
INT-03679,2025-01-13,Agent_11,Delivery Delay,High,Phone,61.3,36.4,Resolved,Yes,No,78.0,5,88.6
INT-00541,2025-01-13,Agent_03,Delivery Delay,Low,Email,77.4,33.8,Escalated,No,No,80.9,5,91.3
INT-03023,2025-01-13,Agent_03,App Crash,Medium,WhatsApp,101.3,31.0,Resolved,No,No,72.2,4,95.3
INT-04269,2025-01-13,Agent_06,Product Defect,Medium,WhatsApp,165.6,60.7,Resolved,Yes,No,75.5,4,98.1
INT-01617,2025-01-13,Agent_14,Refund Issue,High,WhatsApp,108.8,65.9,Resolved,Yes,No,74.8,4,90.1
INT-03792,2025-01-13,Agent_13,Login Issue,Medium,Chat,106.6,24.9,Resolved,Yes,No,88.6,4,92.0
INT-00416,2025-01-13,Agent_11,General Inquiry,Medium,Email,114.2,31.9,Resolved,No,No,84.3,5,86.8
INT-04662,2025-01-13,Agent_15,App Crash,Medium,Phone,80.4,50.9,Resolved,No,No,76.8,3,99.4
INT-04785,2025-01-13,Agent_17,Account Blocked,Medium,Phone,179.4,32.6,Resolved,Yes,No,83.3,3,95.2
INT-00887,2025-01-13,Agent_10,Account Blocked,Medium,WhatsApp,92.8,73.3,Escalated,Yes,Yes,71.0,3,90.7
INT-00367,2025-01-13,Agent_10,Delivery Delay,Critical,Phone,137.3,69.8,Resolved,No,No,63.6,4,85.5
INT-01559,2025-01-13,Agent_19,Product Defect,Medium,Email,41.6,23.8,Resolved,No,No,75.7,4,96.9
INT-03766,2025-01-13,Agent_11,General Inquiry,High,Chat,116.8,25.4,Resolved,Yes,No,79.5,5,93.9
INT-04975,2025-01-13,Agent_01,Product Defect,Low,Chat,81.0,34.5,Escalated,Yes,No,90.2,4,93.7
INT-00979,2025-01-13,Agent_05,Account Blocked,Medium,Phone,52.3,85.0,Resolved,Yes,No,72.8,4,86.6
INT-04821,2025-01-13,Agent_12,Product Defect,Low,Chat,91.3,30.4,Resolved,Yes,No,87.2,5,95.2
INT-03662,2025-01-13,Agent_03,Refund Issue,Low,WhatsApp,68.5,19.9,Resolved,Yes,No,79.9,5,88.9
INT-01646,2025-01-13,Agent_05,Account Blocked,High,Phone,55.4,52.6,Resolved,Yes,No,80.6,5,88.4
INT-02486,2025-01-13,Agent_13,General Inquiry,Critical,Phone,139.0,54.0,Escalated,Yes,Yes,75.3,4,88.5
INT-02642,2025-01-13,Agent_17,Payment Issue,Critical,Chat,80.2,71.8,Resolved,No,No,64.5,4,88.6
INT-02689,2025-01-13,Agent_08,Product Defect,Medium,Chat,146.6,35.2,Resolved,Yes,No,82.8,4,89.6
INT-02071,2025-01-13,Agent_10,Login Issue,High,Phone,120.0,36.6,Resolved,Yes,No,72.4,5,87.1
INT-03834,2025-01-13,Agent_17,Refund Issue,High,Phone,101.9,34.3,Resolved,No,No,76.1,5,95.2
INT-01475,2025-01-13,Agent_18,Product Defect,Low,Phone,68.8,24.0,Escalated,Yes,No,95.1,5,95.9
INT-00144,2025-01-13,Agent_17,Product Defect,High,WhatsApp,57.3,96.0,Escalated,No,No,73.4,5,92.9
INT-02275,2025-01-13,Agent_18,Delivery Delay,High,Phone,77.1,38.4,Resolved,Yes,No,84.3,5,84.3
INT-02592,2025-01-13,Agent_08,Delivery Delay,Medium,Chat,39.1,49.9,In Progress,Yes,No,70.6,5,95.3
INT-03822,2025-01-13,Agent_14,Product Defect,Medium,Phone,117.0,62.5,Resolved,No,No,74.5,4,84.6
INT-03586,2025-01-13,Agent_08,Account Blocked,Medium,Email,151.4,29.1,Escalated,No,Yes,72.4,3,82.5
INT-02393,2025-01-14,Agent_12,Account Blocked,Low,Phone,22.0,59.6,Resolved,Yes,No,86.5,4,90.5
INT-00660,2025-01-14,Agent_02,Refund Issue,Medium,Chat,48.6,40.7,Resolved,Yes,No,74.4,4,85.1
INT-02376,2025-01-14,Agent_18,App Crash,Medium,Chat,80.4,30.3,In Progress,Yes,No,99.9,5,97.4
INT-04326,2025-01-14,Agent_15,Login Issue,Low,Chat,37.2,49.6,Escalated,Yes,No,88.5,4,89.5
INT-03130,2025-01-14,Agent_18,Login Issue,Medium,Phone,74.0,42.7,Resolved,Yes,No,85.8,5,96.5
INT-02472,2025-01-14,Agent_13,Account Blocked,Medium,Phone,89.4,42.1,Resolved,Yes,No,78.7,4,98.2
INT-01433,2025-01-14,Agent_17,Refund Issue,High,Phone,73.7,31.0,Resolved,Yes,No,86.7,5,87.7
INT-01016,2025-01-14,Agent_02,Login Issue,Critical,Email,65.4,82.6,Resolved,No,No,59.4,4,90.7
INT-01930,2025-01-14,Agent_19,Delivery Delay,High,Chat,71.6,41.1,In Progress,Yes,No,79.1,4,92.8
INT-01036,2025-01-14,Agent_02,Payment Issue,High,Phone,120.2,58.8,Resolved,Yes,No,71.4,4,85.8
INT-01962,2025-01-14,Agent_20,Account Blocked,Medium,Chat,163.4,31.0,Escalated,No,Yes,79.8,3,98.6
INT-03697,2025-01-14,Agent_15,App Crash,Low,WhatsApp,68.6,30.9,In Progress,Yes,No,97.5,5,96.3
INT-01448,2025-01-14,Agent_15,App Crash,Medium,Phone,59.9,53.8,Escalated,No,No,82.9,4,95.8
INT-02946,2025-01-14,Agent_18,Payment Issue,Critical,WhatsApp,75.0,56.3,Resolved,Yes,No,82.4,5,89.3
INT-00074,2025-01-14,Agent_19,General Inquiry,Medium,Phone,94.1,23.4,Resolved,Yes,No,95.7,5,95.0
INT-01856,2025-01-14,Agent_03,Payment Issue,Low,Email,240.0,10.1,Escalated,Yes,No,87.4,3,91.1
INT-04255,2025-01-14,Agent_09,General Inquiry,High,Chat,83.0,58.0,In Progress,Yes,No,86.2,5,93.2
INT-02697,2025-01-14,Agent_11,General Inquiry,Medium,Email,85.4,20.8,Escalated,Yes,No,84.4,5,92.1
INT-00866,2025-01-14,Agent_09,Payment Issue,Low,Chat,75.7,26.1,Resolved,Yes,No,89.5,5,91.3
INT-00048,2025-01-14,Agent_13,Login Issue,High,Phone,230.2,44.3,Resolved,Yes,No,69.4,3,92.8
INT-01942,2025-01-14,Agent_16,General Inquiry,Low,Phone,39.3,14.8,Resolved,Yes,No,92.1,5,97.0
INT-04930,2025-01-14,Agent_17,App Crash,High,Phone,145.5,39.9,In Progress,Yes,No,82.6,4,97.8
INT-01677,2025-01-14,Agent_10,Login Issue,High,Chat,160.6,59.9,Resolved,Yes,No,75.7,4,96.9
INT-02837,2025-01-14,Agent_01,Login Issue,High,Phone,117.2,37.7,Escalated,Yes,No,71.8,4,83.8
INT-00860,2025-01-14,Agent_08,Refund Issue,Low,Phone,95.2,21.0,Resolved,Yes,No,83.9,5,95.0
INT-02730,2025-01-14,Agent_04,App Crash,High,Email,224.8,64.6,Escalated,Yes,Yes,59.6,3,88.2
INT-01305,2025-01-14,Agent_16,Account Blocked,Medium,Email,169.0,32.5,Resolved,No,No,77.8,4,89.3
INT-03949,2025-01-15,Agent_13,Product Defect,High,Phone,90.5,51.9,Resolved,Yes,No,74.0,4,92.7
INT-04441,2025-01-15,Agent_19,Product Defect,Medium,Phone,43.0,42.2,Resolved,Yes,No,99.2,5,89.5
INT-01734,2025-01-15,Agent_18,Login Issue,High,Chat,59.0,61.6,In Progress,Yes,No,93.3,5,93.1
INT-03209,2025-01-15,Agent_05,Refund Issue,Medium,Email,76.1,31.2,Escalated,Yes,No,84.4,5,87.8
INT-01757,2025-01-15,Agent_12,Payment Issue,High,Chat,50.8,33.8,Escalated,Yes,No,91.9,5,87.8
INT-00129,2025-01-15,Agent_03,Delivery Delay,High,Phone,168.3,56.4,Escalated,No,No,67.5,3,99.5
INT-02602,2025-01-15,Agent_13,General Inquiry,Medium,WhatsApp,42.7,55.5,Resolved,Yes,No,90.8,5,97.6
INT-01083,2025-01-15,Agent_07,Payment Issue,Medium,Phone,64.2,26.4,Resolved,Yes,No,79.0,5,90.6
INT-04123,2025-01-15,Agent_05,Payment Issue,High,Phone,66.0,47.9,In Progress,Yes,No,75.7,4,88.4
INT-00077,2025-01-15,Agent_17,General Inquiry,Medium,Email,43.7,21.7,In Progress,No,No,86.2,4,98.3
INT-00087,2025-01-15,Agent_20,General Inquiry,Low,Chat,82.6,21.8,Resolved,Yes,No,99.6,5,90.4
INT-02203,2025-01-15,Agent_09,App Crash,Medium,Email,77.9,28.6,Resolved,Yes,No,82.6,5,87.0
INT-03076,2025-01-15,Agent_09,Delivery Delay,Low,Phone,143.2,29.4,Escalated,Yes,No,73.5,5,90.1
INT-01058,2025-01-15,Agent_15,General Inquiry,High,Phone,135.8,30.5,In Progress,No,No,83.9,4,89.8
INT-01700,2025-01-15,Agent_11,Login Issue,Medium,Phone,126.7,40.4,Escalated,Yes,Yes,69.5,4,94.5
INT-01726,2025-01-15,Agent_05,Delivery Delay,High,Phone,106.2,54.1,Resolved,Yes,No,82.6,4,90.8
INT-04241,2025-01-15,Agent_08,Payment Issue,Low,Phone,52.0,29.1,In Progress,Yes,No,84.5,4,93.0
INT-00004,2025-01-15,Agent_20,Product Defect,Medium,Chat,105.5,54.9,Resolved,No,No,90.4,5,87.5
INT-02125,2025-01-15,Agent_10,Product Defect,Medium,Phone,66.8,28.3,In Progress,Yes,No,77.2,4,93.3
INT-00032,2025-01-15,Agent_05,Delivery Delay,Low,Phone,126.5,20.8,Resolved,No,No,78.1,4,84.8
INT-04212,2025-01-15,Agent_06,Refund Issue,Medium,Email,162.3,23.2,Resolved,Yes,No,93.7,5,85.6
INT-00397,2025-01-15,Agent_05,Product Defect,High,Phone,56.0,63.7,Resolved,Yes,No,79.2,5,91.4
INT-01460,2025-01-15,Agent_14,Delivery Delay,Medium,WhatsApp,25.6,32.6,Resolved,Yes,No,86.1,4,88.0
INT-04701,2025-01-15,Agent_02,Product Defect,Medium,Phone,150.8,91.0,Escalated,No,Yes,51.5,3,83.6
INT-02145,2025-01-15,Agent_16,General Inquiry,Critical,Email,62.5,96.0,Escalated,Yes,Yes,74.2,3,88.4
INT-00877,2025-01-15,Agent_11,Refund Issue,Critical,Phone,107.0,39.7,In Progress,Yes,No,79.7,5,90.0
INT-03652,2025-01-16,Agent_11,Delivery Delay,High,WhatsApp,67.8,43.9,Resolved,Yes,No,79.6,5,95.6
INT-03081,2025-01-16,Agent_05,Product Defect,Medium,Email,156.7,31.9,Escalated,No,Yes,60.6,3,88.8
INT-04476,2025-01-16,Agent_15,Product Defect,Low,Phone,58.4,53.7,Resolved,Yes,No,90.1,4,90.7
INT-04186,2025-01-16,Agent_17,Delivery Delay,Medium,Chat,54.8,33.3,Escalated,Yes,No,91.4,4,94.4
INT-03016,2025-01-16,Agent_13,Login Issue,Medium,Chat,81.5,48.1,Resolved,Yes,No,86.6,5,100.0
INT-02338,2025-01-16,Agent_05,General Inquiry,Medium,Phone,54.8,39.6,Escalated,Yes,No,90.0,4,85.9
INT-03976,2025-01-16,Agent_10,App Crash,Medium,Phone,89.5,52.4,Escalated,Yes,Yes,74.9,4,83.6
INT-00447,2025-01-16,Agent_04,General Inquiry,Medium,Email,56.5,24.1,In Progress,Yes,No,81.0,4,83.5
INT-03797,2025-01-16,Agent_03,Payment Issue,Medium,Chat,42.7,33.5,In Progress,Yes,No,79.3,5,88.6
INT-03880,2025-01-16,Agent_04,Product Defect,Medium,Chat,112.2,24.0,In Progress,Yes,No,73.2,4,92.3
INT-04289,2025-01-16,Agent_19,Delivery Delay,High,Chat,105.0,30.8,Resolved,Yes,No,82.7,4,96.0
INT-00671,2025-01-16,Agent_15,Account Blocked,Medium,Email,50.8,21.5,Resolved,Yes,No,91.1,5,100.0
INT-04788,2025-01-16,Agent_03,General Inquiry,Medium,Chat,81.3,18.0,Resolved,No,No,76.7,4,89.1
INT-03179,2025-01-16,Agent_10,Payment Issue,Medium,Phone,18.4,55.9,Escalated,No,No,79.1,5,86.9
INT-00479,2025-01-16,Agent_12,Delivery Delay,Low,WhatsApp,61.3,20.4,Resolved,Yes,No,88.7,4,98.0
INT-01467,2025-01-16,Agent_02,Delivery Delay,Medium,Phone,64.9,34.2,Resolved,Yes,No,81.0,4,90.1
INT-03861,2025-01-16,Agent_12,Product Defect,Critical,Phone,144.3,49.5,Resolved,No,No,70.1,4,89.1
INT-04182,2025-01-16,Agent_07,General Inquiry,Medium,Phone,58.9,12.5,Escalated,Yes,No,95.1,5,87.8
INT-01427,2025-01-16,Agent_20,App Crash,High,Email,196.8,57.2,Resolved,Yes,No,79.9,4,94.3
INT-01485,2025-01-16,Agent_17,Refund Issue,Medium,Chat,97.2,28.0,Resolved,Yes,No,87.7,5,95.6
INT-02726,2025-01-17,Agent_07,Account Blocked,Critical,Chat,240.0,50.4,Escalated,Yes,Yes,67.1,2,81.7
INT-00546,2025-01-17,Agent_17,Login Issue,High,Phone,85.3,25.5,Resolved,Yes,No,84.6,5,90.4
INT-01327,2025-01-17,Agent_05,Payment Issue,Low,Email,12.9,28.1,Resolved,No,No,80.3,5,96.6
INT-03914,2025-01-17,Agent_18,Account Blocked,High,Email,142.9,48.2,Resolved,Yes,No,85.6,4,95.6
INT-01668,2025-01-17,Agent_20,Login Issue,High,Chat,161.0,55.4,Resolved,No,No,75.8,5,89.0
INT-01383,2025-01-17,Agent_11,Account Blocked,Low,Chat,61.5,25.2,Resolved,Yes,No,81.9,5,95.0
INT-01447,2025-01-17,Agent_03,General Inquiry,Medium,Phone,82.1,13.7,Escalated,Yes,Yes,70.2,4,88.7
INT-03772,2025-01-17,Agent_11,Delivery Delay,High,Phone,53.8,42.5,Resolved,Yes,No,74.6,5,95.4
INT-03848,2025-01-17,Agent_12,General Inquiry,Critical,WhatsApp,77.8,78.5,In Progress,Yes,No,81.8,5,85.0
INT-01403,2025-01-17,Agent_03,Payment Issue,Low,Phone,55.2,14.2,Resolved,Yes,No,90.3,5,91.3
INT-01650,2025-01-17,Agent_06,Delivery Delay,Low,Chat,52.1,21.9,Escalated,No,No,84.4,5,92.0
INT-02546,2025-01-17,Agent_06,Delivery Delay,Medium,Phone,56.0,45.6,Resolved,Yes,No,81.7,4,87.3
INT-04450,2025-01-17,Agent_16,Login Issue,Low,Chat,70.2,37.8,Resolved,No,No,84.6,5,92.9
INT-03513,2025-01-17,Agent_12,Login Issue,Low,Phone,30.1,22.8,Resolved,No,No,96.1,5,91.4
INT-00987,2025-01-17,Agent_04,Product Defect,Medium,WhatsApp,113.3,41.7,Resolved,Yes,No,84.3,4,90.7
INT-03282,2025-01-17,Agent_10,Product Defect,Low,Chat,105.6,17.3,In Progress,Yes,No,82.6,4,90.2
INT-03071,2025-01-17,Agent_05,Refund Issue,Low,Phone,31.8,23.8,In Progress,Yes,No,76.6,5,86.1
INT-04062,2025-01-17,Agent_04,Account Blocked,Medium,Chat,91.8,28.2,Resolved,Yes,No,82.0,4,96.5
INT-03546,2025-01-17,Agent_02,Product Defect,Critical,Chat,117.4,75.5,Resolved,Yes,No,67.3,4,91.0
INT-02603,2025-01-17,Agent_16,Payment Issue,Low,Email,90.0,16.9,Resolved,No,No,80.1,4,93.3
INT-02510,2025-01-17,Agent_15,Refund Issue,Medium,Phone,71.6,57.7,In Progress,Yes,No,90.3,5,90.3
INT-02903,2025-01-17,Agent_18,Delivery Delay,Medium,Email,34.5,33.2,In Progress,No,No,80.0,4,98.4
INT-01171,2025-01-17,Agent_02,Account Blocked,Medium,Phone,90.0,31.4,Resolved,Yes,No,81.7,4,92.4
INT-04195,2025-01-17,Agent_09,Delivery Delay,High,Phone,46.5,34.9,Resolved,Yes,No,70.1,5,97.0
INT-00318,2025-01-17,Agent_05,Product Defect,Medium,Email,124.2,66.8,Escalated,Yes,No,76.4,4,89.7
INT-04660,2025-01-17,Agent_03,Login Issue,Medium,Phone,106.9,44.5,Resolved,Yes,No,85.6,5,82.0
INT-00881,2025-01-17,Agent_19,Refund Issue,Medium,Chat,70.2,27.0,Resolved,Yes,No,92.1,5,94.1
INT-04000,2025-01-17,Agent_07,App Crash,Medium,Phone,85.9,22.1,Resolved,Yes,No,91.5,5,87.6
INT-04340,2025-01-17,Agent_11,Delivery Delay,Low,Chat,18.0,40.3,Resolved,Yes,No,83.2,4,92.3
INT-02456,2025-01-17,Agent_01,General Inquiry,High,Chat,63.2,31.6,Escalated,Yes,No,79.2,4,83.0
INT-00792,2025-01-17,Agent_08,App Crash,Low,Chat,21.3,18.4,Resolved,Yes,No,85.0,5,92.1
INT-01759,2025-01-17,Agent_03,General Inquiry,Medium,Email,230.4,20.4,In Progress,Yes,No,85.7,4,86.9
INT-04672,2025-01-17,Agent_15,Payment Issue,Medium,Chat,82.7,53.5,Resolved,Yes,No,81.0,5,94.2
INT-00354,2025-01-17,Agent_08,App Crash,Low,Email,82.8,28.4,Escalated,Yes,Yes,66.3,4,85.2
INT-01477,2025-01-18,Agent_11,Delivery Delay,Low,Chat,49.7,36.6,Resolved,Yes,No,81.2,4,94.6
INT-00874,2025-01-18,Agent_14,App Crash,Medium,WhatsApp,109.1,31.8,Resolved,Yes,No,84.3,4,92.3
INT-00338,2025-01-18,Agent_13,Payment Issue,Medium,Phone,102.3,32.1,Escalated,No,Yes,70.5,3,91.0
INT-03811,2025-01-18,Agent_20,App Crash,High,Phone,54.8,65.5,Escalated,No,No,83.1,5,98.5
INT-03722,2025-01-18,Agent_07,Product Defect,High,Phone,55.4,96.0,Escalated,No,Yes,65.6,3,94.8
INT-00044,2025-01-18,Agent_10,Payment Issue,Medium,Chat,36.2,23.9,Resolved,Yes,No,86.5,5,85.2
INT-04520,2025-01-18,Agent_15,App Crash,Medium,Phone,67.2,49.8,Resolved,Yes,No,76.5,5,89.4
INT-03468,2025-01-18,Agent_03,Product Defect,Medium,Phone,105.8,28.7,Resolved,No,No,70.7,4,87.3
INT-01919,2025-01-18,Agent_20,Delivery Delay,Low,Email,96.5,30.3,Resolved,Yes,No,86.0,5,97.3
INT-04610,2025-01-18,Agent_19,Delivery Delay,Medium,Phone,72.7,42.6,Escalated,No,Yes,72.9,4,94.0
INT-01733,2025-01-18,Agent_04,App Crash,Medium,Chat,41.3,65.0,Resolved,Yes,No,79.3,4,90.1
INT-02626,2025-01-18,Agent_04,General Inquiry,Critical,Chat,129.9,48.8,Resolved,Yes,No,82.0,3,86.4
INT-01214,2025-01-18,Agent_13,Refund Issue,Critical,WhatsApp,140.2,69.9,Resolved,Yes,No,71.2,4,93.1
INT-03986,2025-01-18,Agent_01,Delivery Delay,Medium,Chat,71.1,45.4,Resolved,Yes,No,71.9,4,87.2
INT-01774,2025-01-18,Agent_16,General Inquiry,Low,WhatsApp,35.3,18.0,Resolved,Yes,No,98.3,5,100.0
INT-04063,2025-01-18,Agent_04,Login Issue,Medium,WhatsApp,52.8,17.9,Resolved,Yes,No,82.1,5,92.9
INT-00553,2025-01-19,Agent_17,Refund Issue,Medium,WhatsApp,56.9,55.0,Resolved,Yes,No,83.1,4,92.3
INT-00622,2025-01-19,Agent_20,Login Issue,Low,WhatsApp,185.6,12.8,Escalated,Yes,Yes,78.4,3,85.8
INT-03140,2025-01-19,Agent_10,Delivery Delay,Critical,Phone,147.0,79.8,Escalated,No,Yes,45.0,2,86.6
INT-03518,2025-01-19,Agent_04,Payment Issue,High,Phone,52.6,52.3,In Progress,Yes,No,79.8,5,91.6
INT-00617,2025-01-19,Agent_02,App Crash,Medium,Email,137.4,29.8,Escalated,Yes,No,80.6,4,90.8
INT-03149,2025-01-19,Agent_18,Product Defect,Medium,WhatsApp,94.2,51.2,Resolved,Yes,No,83.8,4,96.1
INT-04317,2025-01-19,Agent_16,App Crash,High,Email,52.1,42.5,Resolved,No,No,76.3,5,94.8
INT-02081,2025-01-19,Agent_11,Payment Issue,Medium,Phone,141.1,24.0,Resolved,Yes,No,83.2,4,90.6
INT-02258,2025-01-19,Agent_17,Delivery Delay,Critical,WhatsApp,143.1,44.0,Resolved,No,No,80.3,4,94.4
INT-03987,2025-01-19,Agent_09,General Inquiry,Low,Phone,56.5,29.4,Resolved,Yes,No,100.0,5,88.3
INT-02149,2025-01-19,Agent_04,Payment Issue,Low,Email,48.7,96.0,Resolved,No,No,73.8,4,88.0
INT-04484,2025-01-19,Agent_09,General Inquiry,Medium,WhatsApp,42.4,29.3,Resolved,Yes,No,100.0,4,100.0
INT-01399,2025-01-19,Agent_13,Payment Issue,High,Email,124.2,68.7,Escalated,Yes,No,78.6,5,100.0
INT-03607,2025-01-19,Agent_06,Payment Issue,Low,Phone,36.9,33.9,In Progress,Yes,No,85.7,5,84.8
INT-03683,2025-01-19,Agent_15,Delivery Delay,Medium,Chat,88.7,36.1,Escalated,Yes,No,82.9,4,92.6
INT-01213,2025-01-19,Agent_16,Login Issue,Low,Phone,130.2,33.0,Resolved,No,No,77.3,4,94.9
INT-00954,2025-01-19,Agent_01,Payment Issue,Medium,WhatsApp,109.8,49.4,Resolved,Yes,No,75.9,4,88.2
INT-03417,2025-01-19,Agent_14,Login Issue,Low,Chat,91.3,33.8,Resolved,Yes,No,94.6,5,91.6
INT-02218,2025-01-19,Agent_17,Login Issue,Medium,Phone,85.8,17.9,Resolved,Yes,No,93.8,5,95.6
INT-03301,2025-01-19,Agent_08,Product Defect,Critical,Chat,84.1,50.7,Resolved,Yes,No,75.1,4,91.0
INT-04639,2025-01-19,Agent_17,Account Blocked,Low,Phone,203.3,39.1,Resolved,Yes,No,94.0,4,95.2
INT-02756,2025-01-19,Agent_04,Product Defect,Critical,Phone,69.7,51.5,In Progress,Yes,No,73.0,5,84.7
INT-03009,2025-01-19,Agent_01,General Inquiry,Low,Chat,134.0,11.0,Resolved,No,No,71.4,4,84.7
INT-04906,2025-01-19,Agent_01,Product Defect,High,WhatsApp,66.3,37.4,In Progress,Yes,No,77.6,5,84.7
INT-02658,2025-01-19,Agent_03,General Inquiry,Critical,Email,91.2,56.6,Escalated,No,No,69.0,4,82.7
INT-00425,2025-01-19,Agent_03,Delivery Delay,High,Phone,136.8,56.7,Resolved,Yes,No,70.8,4,89.7
INT-00955,2025-01-20,Agent_12,Payment Issue,Critical,Chat,93.9,58.7,Resolved,No,No,72.1,5,87.8
INT-01898,2025-01-20,Agent_19,General Inquiry,Low,Phone,46.1,4.8,Resolved,Yes,No,100.0,5,92.3
INT-03192,2025-01-20,Agent_18,Payment Issue,Medium,Phone,105.5,38.4,Resolved,Yes,No,84.2,5,94.0
INT-04868,2025-01-20,Agent_17,Login Issue,High,WhatsApp,197.2,25.3,Resolved,Yes,No,67.4,4,94.8
INT-02420,2025-01-20,Agent_12,Delivery Delay,High,Chat,114.1,78.0,Resolved,No,No,77.2,4,94.1
INT-02385,2025-01-20,Agent_18,Login Issue,Medium,Phone,240.0,19.1,Resolved,Yes,No,84.5,4,97.2
INT-04969,2025-01-20,Agent_05,Delivery Delay,Medium,Chat,201.3,29.4,In Progress,No,No,66.3,3,89.3
INT-02008,2025-01-20,Agent_07,Account Blocked,Medium,Phone,51.5,25.1,Escalated,Yes,No,80.5,4,97.0
INT-04912,2025-01-20,Agent_01,General Inquiry,Low,Chat,170.8,27.5,Resolved,No,No,76.6,4,90.6
INT-03219,2025-01-20,Agent_10,Login Issue,Medium,Email,23.8,38.9,Resolved,Yes,No,92.5,5,90.3
INT-02935,2025-01-20,Agent_10,Account Blocked,Medium,Phone,155.5,29.3,Escalated,Yes,No,74.6,4,91.1
INT-03541,2025-01-20,Agent_10,Refund Issue,Critical,WhatsApp,138.8,56.5,Resolved,Yes,No,66.7,4,84.8
INT-01548,2025-01-20,Agent_14,Refund Issue,High,WhatsApp,122.0,51.6,Resolved,No,No,66.9,4,90.8
INT-01971,2025-01-20,Agent_20,Login Issue,Low,Phone,53.8,16.5,Resolved,Yes,No,93.1,5,91.3
INT-01287,2025-01-20,Agent_15,Delivery Delay,Medium,Phone,126.9,67.7,Resolved,Yes,No,78.9,5,89.1
INT-04368,2025-01-20,Agent_17,App Crash,Medium,Phone,59.9,39.3,Resolved,Yes,No,94.8,5,93.9
INT-00656,2025-01-20,Agent_02,Refund Issue,High,Chat,153.0,78.2,Resolved,Yes,No,59.4,4,94.2
INT-01997,2025-01-20,Agent_08,App Crash,Medium,Phone,131.1,51.7,Escalated,Yes,No,83.1,5,87.3
INT-02725,2025-01-20,Agent_09,Login Issue,High,Phone,180.8,59.5,Resolved,No,No,72.3,3,94.9
INT-04727,2025-01-20,Agent_01,Payment Issue,Medium,Phone,35.9,61.4,Resolved,No,No,67.9,4,90.9
INT-02712,2025-01-20,Agent_10,Login Issue,Medium,Phone,78.2,16.1,Resolved,Yes,No,90.2,5,87.0
INT-00373,2025-01-20,Agent_13,Delivery Delay,Low,Phone,69.7,23.8,Resolved,Yes,No,96.4,5,92.5
INT-02702,2025-01-20,Agent_11,Product Defect,Medium,Chat,192.4,32.3,Escalated,Yes,Yes,71.3,3,94.5
INT-03776,2025-01-21,Agent_19,Refund Issue,High,Phone,51.4,59.4,Resolved,Yes,No,80.4,4,97.2
INT-03599,2025-01-21,Agent_17,App Crash,Medium,Phone,44.5,32.5,Resolved,Yes,No,88.6,4,90.6
INT-00024,2025-01-21,Agent_12,General Inquiry,High,Chat,112.9,76.0,Resolved,Yes,No,84.8,4,90.9
INT-02505,2025-01-21,Agent_18,General Inquiry,Low,WhatsApp,63.1,19.2,Resolved,Yes,No,100.0,5,98.5
INT-03216,2025-01-21,Agent_14,Payment Issue,Medium,WhatsApp,101.4,20.1,Resolved,Yes,No,89.6,5,91.2
INT-03821,2025-01-21,Agent_16,Delivery Delay,High,Phone,157.0,43.5,Resolved,Yes,No,79.6,4,100.0
INT-02147,2025-01-21,Agent_13,Delivery Delay,Medium,Email,141.8,21.6,In Progress,Yes,No,74.8,4,91.2
INT-02871,2025-01-21,Agent_18,Account Blocked,Low,Chat,37.8,20.1,Resolved,Yes,No,95.7,5,100.0
INT-03377,2025-01-21,Agent_07,Login Issue,High,Phone,125.1,48.4,Resolved,Yes,No,74.2,4,89.7
INT-03284,2025-01-21,Agent_15,Login Issue,Medium,Email,177.5,17.7,Escalated,Yes,Yes,77.5,3,94.3
INT-00307,2025-01-21,Agent_20,Delivery Delay,High,Phone,73.3,74.2,In Progress,No,No,75.8,5,100.0
INT-00007,2025-01-21,Agent_17,General Inquiry,Medium,Chat,140.6,18.1,Resolved,No,No,81.2,4,92.5
INT-02199,2025-01-21,Agent_17,Payment Issue,Medium,Email,121.4,55.6,Resolved,Yes,No,87.4,4,88.9
INT-02851,2025-01-21,Agent_18,Account Blocked,Low,Phone,189.4,19.0,Resolved,No,No,75.5,4,94.4
INT-03952,2025-01-21,Agent_06,App Crash,High,Chat,77.0,31.7,Resolved,No,No,79.4,4,86.3
INT-02134,2025-01-21,Agent_02,Delivery Delay,Critical,Email,147.5,45.2,In Progress,No,No,67.7,3,89.9
INT-04938,2025-01-21,Agent_06,Delivery Delay,Medium,Email,138.4,27.0,Resolved,Yes,No,73.7,4,84.2
INT-02522,2025-01-21,Agent_09,General Inquiry,High,Email,51.1,42.9,Resolved,Yes,No,82.3,4,95.1
INT-04557,2025-01-21,Agent_19,Login Issue,High,Chat,140.4,29.3,Resolved,Yes,No,89.8,5,97.7
INT-00287,2025-01-21,Agent_05,Account Blocked,High,Email,73.3,40.4,Escalated,No,No,66.2,4,93.9
INT-04777,2025-01-21,Agent_16,Refund Issue,Low,Chat,19.7,21.5,Resolved,No,No,82.2,5,100.0
INT-00915,2025-01-21,Agent_09,Payment Issue,Critical,Phone,161.3,96.0,Resolved,No,No,68.8,4,94.2
INT-01921,2025-01-21,Agent_09,Refund Issue,Medium,Phone,77.0,40.7,Resolved,Yes,No,79.4,5,93.7
INT-00821,2025-01-21,Agent_20,Account Blocked,Critical,Phone,82.9,48.4,In Progress,No,No,83.1,4,90.7
INT-00041,2025-01-21,Agent_11,Refund Issue,High,Chat,36.2,53.4,Resolved,Yes,No,81.4,4,93.8
INT-00527,2025-01-21,Agent_13,Payment Issue,Low,WhatsApp,37.7,26.7,Resolved,Yes,No,96.9,5,92.1
INT-03499,2025-01-21,Agent_06,Delivery Delay,Low,Email,41.1,48.6,Escalated,Yes,Yes,79.2,3,85.1
INT-02549,2025-01-21,Agent_07,Refund Issue,High,Phone,76.9,35.8,In Progress,Yes,No,91.4,5,93.6
INT-04544,2025-01-21,Agent_09,Refund Issue,Medium,Email,88.3,19.7,Resolved,Yes,No,89.1,5,94.5
INT-03021,2025-01-21,Agent_11,General Inquiry,Critical,Chat,146.2,61.7,Resolved,No,No,75.2,4,88.6
INT-02934,2025-01-21,Agent_05,Delivery Delay,Critical,Chat,85.8,57.4,Resolved,Yes,No,72.6,4,87.6
INT-01773,2025-01-21,Agent_10,App Crash,High,Phone,137.4,66.9,Resolved,Yes,No,80.1,4,91.6
INT-03055,2025-01-21,Agent_03,Login Issue,High,Chat,42.1,34.0,Resolved,Yes,No,75.8,4,91.8
INT-03680,2025-01-21,Agent_06,Product Defect,Medium,Phone,37.6,36.0,Resolved,No,No,76.5,4,83.0
INT-03099,2025-01-21,Agent_16,Login Issue,Medium,Email,85.4,39.3,Resolved,Yes,No,93.3,5,82.9
INT-01715,2025-01-21,Agent_16,App Crash,Medium,WhatsApp,40.6,44.3,Resolved,Yes,No,85.9,5,89.4
INT-01710,2025-01-22,Agent_09,Delivery Delay,High,Phone,61.1,53.8,Escalated,No,Yes,59.2,4,93.8
INT-00449,2025-01-22,Agent_13,Payment Issue,Medium,Phone,114.2,29.7,Resolved,Yes,No,90.0,5,97.3
INT-03590,2025-01-22,Agent_14,Delivery Delay,High,Email,72.0,31.9,Resolved,Yes,No,79.6,4,94.9
INT-02611,2025-01-22,Agent_08,Payment Issue,Low,Chat,26.4,28.6,Resolved,Yes,No,85.4,5,92.5
INT-04282,2025-01-22,Agent_09,General Inquiry,Medium,Chat,67.8,12.4,Escalated,Yes,No,94.3,5,93.2
INT-04035,2025-01-22,Agent_09,App Crash,Low,Chat,135.8,21.2,Escalated,No,No,76.1,4,88.3
INT-04363,2025-01-22,Agent_15,Payment Issue,Critical,Chat,92.0,56.0,Escalated,Yes,Yes,81.4,4,81.1
INT-04183,2025-01-22,Agent_17,Delivery Delay,Medium,Phone,51.5,46.3,Resolved,Yes,No,88.6,5,95.9
INT-03477,2025-01-22,Agent_03,Delivery Delay,Critical,Email,151.2,53.9,In Progress,Yes,No,71.3,5,89.2
INT-02639,2025-01-22,Agent_09,Refund Issue,Medium,WhatsApp,88.1,36.2,Resolved,Yes,No,78.4,4,95.9
INT-01664,2025-01-22,Agent_07,Refund Issue,Medium,WhatsApp,125.4,34.2,Escalated,Yes,Yes,70.2,3,85.6
INT-00027,2025-01-22,Agent_18,Product Defect,Medium,Phone,68.6,45.2,Resolved,Yes,No,84.0,4,92.9
INT-03704,2025-01-22,Agent_16,Login Issue,Medium,Email,62.2,21.5,Escalated,Yes,No,92.7,5,88.8
INT-04086,2025-01-22,Agent_04,Payment Issue,Low,Email,68.3,28.3,Resolved,Yes,No,86.1,4,93.9
INT-01310,2025-01-22,Agent_05,Account Blocked,Low,Email,111.1,57.1,In Progress,Yes,No,81.5,4,88.4
INT-01674,2025-01-22,Agent_04,Login Issue,Low,Email,140.8,7.6,Resolved,Yes,No,89.8,4,85.0
INT-04404,2025-01-22,Agent_15,Product Defect,High,WhatsApp,74.2,36.5,Resolved,Yes,No,85.2,5,93.6
INT-03913,2025-01-22,Agent_18,Login Issue,Medium,WhatsApp,131.0,37.5,Resolved,Yes,No,90.7,4,91.4
INT-00299,2025-01-22,Agent_20,Delivery Delay,Low,Phone,23.8,32.8,Resolved,Yes,No,100.0,5,93.2
INT-02911,2025-01-22,Agent_08,App Crash,High,WhatsApp,78.2,49.7,Resolved,Yes,No,86.8,4,95.6
INT-01849,2025-01-22,Agent_11,App Crash,Medium,Phone,90.2,43.2,Resolved,Yes,No,81.2,4,100.0
INT-00826,2025-01-22,Agent_01,Payment Issue,High,Phone,98.7,65.1,Resolved,No,No,63.1,4,90.9
INT-04825,2025-01-22,Agent_13,App Crash,High,Phone,103.1,96.0,In Progress,Yes,No,69.1,4,93.3
INT-04841,2025-01-22,Agent_11,App Crash,Medium,Email,42.1,25.0,Resolved,Yes,No,80.2,4,92.6
INT-04713,2025-01-22,Agent_06,Account Blocked,Medium,Email,95.6,23.3,In Progress,Yes,No,83.1,4,97.6
INT-02652,2025-01-22,Agent_02,General Inquiry,Medium,Phone,85.3,21.8,Resolved,Yes,No,83.3,5,91.2
INT-03396,2025-01-23,Agent_09,Account Blocked,Medium,Phone,52.0,29.2,Resolved,Yes,No,84.1,5,91.7
INT-03764,2025-01-23,Agent_02,Payment Issue,Critical,Phone,80.7,50.0,Resolved,Yes,No,79.0,5,85.1
INT-00431,2025-01-23,Agent_11,App Crash,Medium,WhatsApp,68.8,34.2,Escalated,Yes,No,79.3,4,90.8
INT-04806,2025-01-23,Agent_12,Payment Issue,Low,Chat,73.8,31.2,Escalated,Yes,No,84.7,5,92.1
INT-03067,2025-01-23,Agent_02,Product Defect,High,Email,63.8,47.7,Resolved,Yes,No,76.2,5,89.9
INT-01108,2025-01-23,Agent_06,App Crash,High,Phone,97.1,57.6,Resolved,Yes,No,78.4,5,91.0
INT-04107,2025-01-23,Agent_11,Delivery Delay,Medium,Phone,105.2,27.2,Resolved,No,No,76.5,5,88.1
INT-04139,2025-01-23,Agent_02,Payment Issue,Low,Chat,84.9,14.8,Resolved,Yes,No,73.5,5,85.9
INT-01042,2025-01-23,Agent_07,Refund Issue,Low,Phone,146.7,49.9,Escalated,Yes,Yes,73.4,4,84.2
INT-00731,2025-01-23,Agent_02,Payment Issue,Low,Phone,121.9,24.6,Resolved,Yes,No,80.0,5,90.8
INT-04829,2025-01-23,Agent_20,Product Defect,Medium,Phone,68.6,38.5,In Progress,No,No,82.0,4,95.0
INT-03632,2025-01-23,Agent_16,App Crash,Medium,Email,117.3,20.3,Resolved,Yes,No,90.7,5,92.0
INT-02963,2025-01-23,Agent_09,Product Defect,Medium,Phone,51.5,92.9,Resolved,Yes,No,80.4,4,97.1
INT-02659,2025-01-23,Agent_06,Delivery Delay,Low,Email,45.5,39.4,Resolved,No,No,75.0,4,95.5
INT-03373,2025-01-23,Agent_10,Refund Issue,Medium,Phone,56.2,59.9,Resolved,Yes,No,85.0,5,91.4
INT-01631,2025-01-23,Agent_15,Payment Issue,Critical,Email,97.1,47.2,Resolved,No,No,69.4,5,87.9
INT-00542,2025-01-23,Agent_11,Account Blocked,Medium,Chat,122.3,52.6,Resolved,No,No,73.9,4,89.8
INT-04555,2025-01-23,Agent_01,Login Issue,Low,Email,207.5,24.2,Resolved,No,No,68.4,4,94.5
INT-02084,2025-01-23,Agent_15,Delivery Delay,Medium,Chat,79.5,22.4,In Progress,Yes,No,82.6,5,93.5
INT-03688,2025-01-23,Agent_08,Payment Issue,Low,Phone,67.6,60.0,Resolved,Yes,No,100.0,5,89.8
INT-02322,2025-01-23,Agent_17,Payment Issue,Medium,Chat,155.1,43.7,Resolved,Yes,No,92.5,4,91.0
INT-00467,2025-01-23,Agent_10,Account Blocked,High,Email,62.6,26.5,In Progress,Yes,No,82.4,4,89.6
INT-03851,2025-01-24,Agent_08,Refund Issue,Medium,Phone,66.1,27.9,Resolved,Yes,No,86.3,4,90.8
INT-03769,2025-01-24,Agent_07,Payment Issue,High,Chat,90.2,62.5,Escalated,Yes,Yes,69.8,3,96.4
INT-00345,2025-01-24,Agent_02,Payment Issue,Critical,WhatsApp,68.9,57.7,Resolved,Yes,No,80.7,5,87.2
INT-01297,2025-01-24,Agent_13,Delivery Delay,High,WhatsApp,39.8,41.1,Resolved,No,No,71.4,4,89.9
INT-00327,2025-01-24,Agent_03,Product Defect,High,WhatsApp,39.8,77.7,Resolved,Yes,No,70.3,4,90.4
INT-03837,2025-01-24,Agent_05,Product Defect,Medium,Chat,115.2,55.1,Resolved,No,No,67.9,4,87.7
INT-00210,2025-01-24,Agent_10,Login Issue,Low,WhatsApp,55.2,20.3,Resolved,Yes,No,83.9,4,88.6
INT-00480,2025-01-24,Agent_04,Refund Issue,Low,Phone,106.9,18.1,Resolved,Yes,No,85.4,5,88.9
INT-02736,2025-01-24,Agent_16,App Crash,Medium,Chat,126.4,45.1,Resolved,No,No,75.9,4,89.3
INT-04360,2025-01-24,Agent_14,General Inquiry,Low,WhatsApp,30.5,93.0,Resolved,Yes,No,84.0,4,95.0
INT-04127,2025-01-24,Agent_20,General Inquiry,Medium,WhatsApp,94.3,43.9,In Progress,No,No,86.8,5,97.8
INT-01892,2025-01-24,Agent_12,Delivery Delay,High,WhatsApp,119.5,36.3,Resolved,Yes,No,84.2,4,94.0
INT-04132,2025-01-24,Agent_01,Account Blocked,Medium,Email,65.8,34.5,Resolved,Yes,No,73.5,4,88.5
INT-01731,2025-01-24,Agent_14,Refund Issue,Low,Chat,28.8,40.4,Resolved,No,No,79.4,4,89.9
INT-04131,2025-01-24,Agent_05,Product Defect,Low,Chat,25.6,15.5,Resolved,Yes,No,79.4,4,85.3
INT-00082,2025-01-24,Agent_07,Product Defect,High,Chat,170.8,68.9,In Progress,Yes,No,78.8,4,88.5
INT-04332,2025-01-24,Agent_07,General Inquiry,Medium,WhatsApp,116.3,11.7,Resolved,Yes,No,91.0,4,96.0
INT-02256,2025-01-24,Agent_17,Refund Issue,Medium,Chat,43.5,32.1,Resolved,Yes,No,88.9,5,94.3
INT-01751,2025-01-24,Agent_01,General Inquiry,Medium,Phone,45.3,44.0,In Progress,No,No,73.8,4,95.1
INT-03506,2025-01-24,Agent_08,Payment Issue,Medium,Phone,126.2,79.9,Resolved,No,No,65.0,4,87.8
INT-02816,2025-01-24,Agent_18,Account Blocked,Critical,Chat,81.0,84.2,Resolved,No,No,76.4,5,95.9
INT-02714,2025-01-24,Agent_07,Account Blocked,Medium,Phone,63.8,36.9,Escalated,Yes,Yes,78.6,4,89.3
INT-02665,2025-01-25,Agent_05,Delivery Delay,Medium,Email,80.0,25.0,Resolved,Yes,No,80.4,4,87.5
INT-04408,2025-01-25,Agent_04,Product Defect,Medium,Chat,58.9,26.6,Resolved,Yes,No,82.3,5,91.6
INT-01416,2025-01-25,Agent_01,Payment Issue,High,Email,54.6,35.2,Resolved,No,No,62.5,4,100.0
INT-00570,2025-01-25,Agent_15,Login Issue,Low,Phone,149.5,37.8,Resolved,No,No,77.0,4,87.9
INT-02408,2025-01-25,Agent_09,Refund Issue,Medium,Email,69.0,55.6,In Progress,Yes,No,75.8,4,96.1
INT-04173,2025-01-25,Agent_14,Product Defect,High,Phone,130.2,34.1,Resolved,Yes,No,79.6,4,89.2
INT-00339,2025-01-25,Agent_05,Delivery Delay,Medium,Email,134.7,56.2,Resolved,Yes,No,80.3,4,93.2
INT-01861,2025-01-25,Agent_06,General Inquiry,Medium,Chat,67.3,15.3,Resolved,Yes,No,91.3,5,86.0
INT-04674,2025-01-25,Agent_04,Refund Issue,Low,Phone,38.2,16.2,Resolved,Yes,No,77.5,4,94.8
INT-00811,2025-01-25,Agent_08,Delivery Delay,High,Phone,81.5,35.6,Escalated,Yes,No,84.4,5,94.7
INT-03127,2025-01-25,Agent_12,Delivery Delay,Medium,Email,59.9,94.0,Resolved,Yes,No,72.2,5,92.4
INT-03685,2025-01-25,Agent_04,App Crash,Medium,Phone,111.0,29.3,Resolved,No,No,70.6,4,89.8
INT-01389,2025-01-25,Agent_14,General Inquiry,Medium,WhatsApp,101.6,21.8,Resolved,Yes,No,93.5,5,90.6
INT-01579,2025-01-25,Agent_18,Login Issue,Medium,Phone,74.3,14.7,Resolved,Yes,No,83.6,5,99.0
INT-04682,2025-01-25,Agent_04,General Inquiry,High,Email,240.0,33.2,Resolved,No,No,68.8,3,92.8
INT-03032,2025-01-25,Agent_19,Refund Issue,Low,Chat,43.9,17.8,Escalated,Yes,No,87.8,5,97.6
INT-01163,2025-01-25,Agent_18,General Inquiry,Medium,Chat,80.8,47.4,Resolved,Yes,No,100.0,5,92.7
INT-03919,2025-01-25,Agent_20,General Inquiry,Critical,Email,139.9,56.8,Escalated,Yes,Yes,82.0,4,86.2
INT-02387,2025-01-25,Agent_18,General Inquiry,High,Chat,47.3,42.1,In Progress,Yes,No,86.4,4,91.1
INT-01730,2025-01-25,Agent_09,Refund Issue,High,Email,57.4,41.0,In Progress,Yes,No,77.4,5,95.6
INT-02403,2025-01-25,Agent_20,Account Blocked,High,Phone,27.2,31.8,Resolved,No,No,77.5,5,95.1
INT-03035,2025-01-25,Agent_06,Login Issue,High,Chat,37.5,64.9,Resolved,Yes,No,81.3,4,96.7
INT-02388,2025-01-25,Agent_03,Account Blocked,Low,WhatsApp,115.0,21.9,In Progress,Yes,No,84.7,4,93.9
INT-00888,2025-01-25,Agent_01,App Crash,Medium,Email,88.5,27.7,In Progress,No,No,73.4,4,88.5
INT-04901,2025-01-25,Agent_01,Product Defect,Critical,Phone,89.1,51.1,Resolved,Yes,No,62.9,4,90.8
INT-01308,2025-01-25,Agent_11,Payment Issue,Low,Chat,89.7,17.0,Resolved,Yes,No,90.4,5,86.8
INT-03618,2025-01-25,Agent_16,Account Blocked,Low,Email,135.9,33.8,In Progress,Yes,No,82.5,4,94.3
INT-01177,2025-01-25,Agent_16,Account Blocked,Medium,WhatsApp,32.9,45.2,Escalated,Yes,No,92.0,5,86.9
INT-02142,2025-01-25,Agent_11,General Inquiry,Medium,Email,108.8,34.8,Resolved,Yes,No,83.3,4,91.4
INT-03774,2025-01-25,Agent_07,General Inquiry,High,Phone,75.8,32.3,Resolved,Yes,No,78.2,5,100.0
INT-00885,2025-01-25,Agent_06,App Crash,Medium,Phone,102.0,25.5,Resolved,Yes,No,79.2,4,91.8
INT-04659,2025-01-26,Agent_09,Login Issue,High,Email,118.2,42.7,Resolved,Yes,No,73.7,4,89.7
INT-02113,2025-01-26,Agent_16,General Inquiry,Medium,Chat,97.0,19.1,Resolved,Yes,No,95.7,5,94.3
INT-04679,2025-01-26,Agent_11,General Inquiry,Medium,Phone,35.2,29.4,Resolved,Yes,No,87.3,5,89.9
INT-00850,2025-01-26,Agent_11,General Inquiry,High,Chat,220.6,53.3,Escalated,Yes,No,77.8,4,97.1
INT-04096,2025-01-26,Agent_10,App Crash,Medium,Chat,120.4,75.6,Resolved,Yes,No,82.7,4,88.9
INT-01098,2025-01-26,Agent_17,Login Issue,Medium,Email,83.0,22.3,Resolved,Yes,No,84.8,4,99.3
INT-02496,2025-01-26,Agent_08,Login Issue,Medium,Phone,39.3,19.7,Resolved,Yes,No,92.3,5,95.7
INT-04981,2025-01-26,Agent_04,App Crash,Medium,Email,102.2,48.3,In Progress,Yes,No,87.9,4,89.2
INT-01924,2025-01-26,Agent_06,Account Blocked,High,WhatsApp,157.3,80.8,Resolved,No,No,71.9,4,94.3
INT-03610,2025-01-26,Agent_04,Delivery Delay,Medium,Email,86.1,25.9,Resolved,Yes,No,78.7,5,89.8
INT-00840,2025-01-26,Agent_20,General Inquiry,Low,WhatsApp,63.8,21.5,In Progress,No,No,94.4,5,96.1
INT-03938,2025-01-26,Agent_12,Delivery Delay,Low,Chat,92.0,35.5,Resolved,Yes,No,93.8,5,87.9
INT-02201,2025-01-26,Agent_14,Payment Issue,Critical,Email,123.2,66.9,In Progress,Yes,No,83.3,4,89.7
INT-00712,2025-01-26,Agent_16,Login Issue,Medium,Phone,131.4,33.9,Resolved,Yes,No,89.4,4,100.0
INT-02047,2025-01-26,Agent_08,Product Defect,Medium,Email,49.4,31.2,Escalated,No,No,71.4,4,93.4
INT-01998,2025-01-26,Agent_12,Refund Issue,High,Phone,135.6,88.2,Escalated,Yes,Yes,56.8,3,87.1
INT-02952,2025-01-26,Agent_01,Payment Issue,Critical,Chat,97.2,56.7,Resolved,Yes,No,80.9,4,94.4
INT-01430,2025-01-26,Agent_20,App Crash,Critical,Chat,128.4,46.5,In Progress,Yes,No,81.8,5,91.5
INT-04664,2025-01-26,Agent_14,App Crash,Low,WhatsApp,45.7,13.4,Resolved,Yes,No,99.5,5,91.8
INT-01358,2025-01-26,Agent_07,Delivery Delay,Low,Phone,54.0,28.9,Resolved,Yes,No,87.7,5,89.1
INT-03212,2025-01-26,Agent_02,General Inquiry,Low,Phone,149.7,6.9,Resolved,Yes,No,89.5,4,86.4
INT-00907,2025-01-26,Agent_13,Login Issue,High,Phone,106.4,96.0,In Progress,Yes,No,74.8,5,90.5
INT-03918,2025-01-26,Agent_18,Delivery Delay,Medium,WhatsApp,117.0,57.6,Escalated,Yes,Yes,78.8,4,89.4
INT-01693,2025-01-26,Agent_13,Refund Issue,Low,Chat,92.3,27.6,Resolved,Yes,No,90.7,4,95.7
INT-00945,2025-01-26,Agent_09,App Crash,Low,Email,91.7,22.6,Escalated,Yes,Yes,76.2,4,86.1
INT-01423,2025-01-26,Agent_16,App Crash,High,WhatsApp,124.3,45.7,Resolved,Yes,No,84.8,5,93.2
INT-00362,2025-01-26,Agent_08,Account Blocked,Medium,Phone,40.2,31.7,Resolved,Yes,No,76.7,4,93.5
INT-00716,2025-01-27,Agent_11,Account Blocked,High,Phone,127.7,63.8,Escalated,Yes,No,81.5,5,89.6
INT-04266,2025-01-27,Agent_04,Product Defect,Low,Phone,82.3,35.9,Escalated,Yes,No,80.3,5,89.3
INT-04382,2025-01-27,Agent_20,App Crash,High,Phone,32.3,43.7,Escalated,No,No,76.7,5,96.5
INT-03865,2025-01-27,Agent_06,Account Blocked,Medium,Chat,81.7,38.7,Resolved,Yes,No,84.6,4,87.5
INT-01744,2025-01-27,Agent_19,App Crash,Low,Email,86.1,49.7,Resolved,Yes,No,96.7,5,93.3
INT-04553,2025-01-27,Agent_06,General Inquiry,Low,WhatsApp,61.6,34.2,Resolved,Yes,No,87.3,4,86.5
INT-04300,2025-01-27,Agent_16,Account Blocked,Medium,Chat,70.1,20.1,In Progress,Yes,No,97.2,5,100.0
INT-02646,2025-01-27,Agent_10,Login Issue,Medium,Chat,71.4,55.4,Resolved,Yes,No,76.2,4,92.3
INT-03030,2025-01-27,Agent_10,Delivery Delay,High,Phone,92.2,56.0,In Progress,Yes,No,86.4,5,92.6
INT-00599,2025-01-27,Agent_15,Product Defect,Medium,Chat,160.5,36.8,In Progress,Yes,No,84.3,5,95.6
INT-02994,2025-01-27,Agent_06,App Crash,Low,Email,36.9,10.3,Resolved,Yes,No,85.8,4,88.8
INT-01336,2025-01-27,Agent_10,Payment Issue,Medium,Phone,62.9,79.8,Resolved,Yes,No,86.9,5,92.0
INT-00305,2025-01-27,Agent_02,Delivery Delay,Low,Chat,57.0,41.4,Resolved,Yes,No,75.0,4,82.3
INT-03245,2025-01-27,Agent_12,General Inquiry,High,Email,135.7,54.9,Resolved,Yes,No,83.7,5,93.9
INT-03671,2025-01-27,Agent_03,General Inquiry,Medium,WhatsApp,112.2,11.4,In Progress,Yes,No,84.8,5,96.2
INT-00165,2025-01-27,Agent_17,Delivery Delay,Medium,Phone,93.1,46.7,Resolved,Yes,No,86.0,4,95.0
INT-00306,2025-01-27,Agent_03,Product Defect,Medium,Email,67.8,18.6,Resolved,Yes,No,75.2,4,84.4
INT-00127,2025-01-27,Agent_06,Refund Issue,Low,Email,46.7,44.4,Escalated,Yes,Yes,74.0,4,92.9
INT-04432,2025-01-27,Agent_17,Payment Issue,Critical,WhatsApp,174.3,50.8,Resolved,Yes,No,82.7,4,88.8
INT-01711,2025-01-27,Agent_04,Login Issue,High,WhatsApp,81.5,81.0,In Progress,Yes,No,78.9,5,82.6
INT-01100,2025-01-27,Agent_12,App Crash,Critical,Phone,159.7,57.0,Resolved,Yes,No,75.5,4,93.5
INT-02155,2025-01-27,Agent_18,Product Defect,Low,Chat,158.2,27.7,Resolved,Yes,No,90.1,4,91.0
INT-04867,2025-01-27,Agent_03,Delivery Delay,Low,Chat,240.0,33.0,In Progress,Yes,No,82.0,4,90.0
INT-04128,2025-01-27,Agent_16,Payment Issue,Medium,Phone,73.8,49.0,Resolved,No,No,81.9,4,93.8
INT-02281,2025-01-27,Agent_13,Account Blocked,Medium,Chat,69.2,41.7,Resolved,Yes,No,94.0,5,90.9
INT-01735,2025-01-27,Agent_20,Product Defect,Medium,Phone,42.0,35.7,Resolved,Yes,No,98.1,5,90.4
INT-03348,2025-01-28,Agent_14,App Crash,Low,Phone,93.5,35.7,In Progress,No,No,79.2,5,87.5
INT-03785,2025-01-28,Agent_19,Payment Issue,Medium,Phone,116.8,29.0,Resolved,Yes,No,96.6,5,94.4
INT-00861,2025-01-28,Agent_10,Login Issue,High,Chat,55.3,56.1,Resolved,No,No,69.0,4,88.2
INT-00310,2025-01-28,Agent_01,Refund Issue,Low,WhatsApp,83.9,30.2,Resolved,Yes,No,82.9,5,84.4
INT-02523,2025-01-28,Agent_16,Delivery Delay,Critical,Phone,100.0,55.0,Resolved,Yes,No,78.3,4,93.2
INT-03376,2025-01-28,Agent_16,App Crash,Medium,Phone,210.1,36.0,Resolved,Yes,No,82.3,4,89.9
INT-00879,2025-01-28,Agent_02,Delivery Delay,Medium,Phone,183.6,41.9,Escalated,Yes,Yes,64.6,3,80.7
INT-01978,2025-01-28,Agent_13,Delivery Delay,Medium,Phone,136.3,63.5,Resolved,No,No,71.7,4,97.6
INT-03817,2025-01-28,Agent_14,Account Blocked,Low,WhatsApp,34.8,30.2,In Progress,Yes,No,92.9,5,94.9
INT-01592,2025-01-28,Agent_20,Login Issue,Low,Phone,43.8,14.6,Resolved,Yes,No,94.3,5,99.8
INT-00155,2025-01-28,Agent_08,Account Blocked,Medium,Chat,64.3,33.2,Resolved,Yes,No,79.6,4,97.3
INT-00154,2025-01-28,Agent_17,Refund Issue,Medium,Email,59.2,27.6,Resolved,Yes,No,83.2,4,94.1
INT-00560,2025-01-28,Agent_11,Product Defect,Medium,WhatsApp,53.4,54.0,Resolved,No,No,72.7,4,90.7
INT-04918,2025-01-28,Agent_11,Account Blocked,Medium,Chat,124.0,69.0,Resolved,No,No,80.3,4,100.0
INT-03225,2025-01-28,Agent_13,Payment Issue,Medium,Chat,75.6,16.5,Resolved,Yes,No,84.6,5,88.9
INT-00148,2025-01-28,Agent_17,Product Defect,Critical,WhatsApp,89.4,51.7,Resolved,No,No,85.7,5,84.8
INT-02897,2025-01-28,Agent_18,Account Blocked,Low,Email,45.3,17.7,In Progress,Yes,No,93.5,5,92.9
INT-04836,2025-01-28,Agent_08,Delivery Delay,Medium,WhatsApp,161.3,69.0,Resolved,Yes,No,85.4,5,94.4
INT-04409,2025-01-28,Agent_01,Login Issue,High,Chat,139.6,41.7,Resolved,No,No,63.3,4,77.4
INT-03813,2025-01-28,Agent_05,App Crash,Low,WhatsApp,21.7,49.8,Resolved,No,No,70.4,4,88.5
INT-00684,2025-01-28,Agent_12,Payment Issue,Medium,Phone,45.8,26.7,Resolved,Yes,No,79.9,4,89.4
INT-04623,2025-01-28,Agent_19,Payment Issue,High,Chat,82.0,45.8,Resolved,Yes,No,92.1,5,91.0
INT-02557,2025-01-28,Agent_01,Account Blocked,Medium,Phone,116.7,23.1,Escalated,Yes,Yes,66.9,3,86.7
INT-01949,2025-01-28,Agent_11,Product Defect,High,Chat,61.5,37.5,Resolved,Yes,No,87.3,4,90.9
INT-03141,2025-01-28,Agent_18,Refund Issue,High,Chat,48.4,53.9,Resolved,Yes,No,80.5,4,95.9
INT-03522,2025-01-28,Agent_08,Payment Issue,Medium,Email,92.0,24.0,In Progress,Yes,No,83.4,5,89.5
INT-03912,2025-01-28,Agent_15,Account Blocked,High,Phone,203.8,59.2,Escalated,Yes,Yes,72.1,3,89.3
INT-02951,2025-01-28,Agent_16,Payment Issue,Medium,Chat,87.4,41.0,Escalated,Yes,No,90.0,5,91.0
INT-00106,2025-01-28,Agent_17,Product Defect,High,WhatsApp,91.4,71.7,Resolved,Yes,No,78.9,5,89.5
INT-04502,2025-01-28,Agent_10,General Inquiry,High,Email,105.6,33.0,Escalated,No,Yes,64.4,4,84.8
INT-00142,2025-01-29,Agent_10,Refund Issue,Low,Phone,35.4,39.6,In Progress,Yes,No,99.1,5,97.2
INT-02013,2025-01-29,Agent_15,Product Defect,High,WhatsApp,92.2,43.0,In Progress,Yes,No,84.2,5,95.3
INT-00456,2025-01-29,Agent_07,Payment Issue,Low,Chat,103.8,19.3,Resolved,Yes,No,79.2,5,88.5
INT-01277,2025-01-29,Agent_09,Account Blocked,Low,Phone,81.0,20.7,Resolved,Yes,No,90.5,5,89.1
INT-04331,2025-01-29,Agent_15,General Inquiry,High,Phone,53.5,27.4,Escalated,Yes,No,90.7,5,95.7
INT-01359,2025-01-29,Agent_19,Refund Issue,Low,Phone,41.7,15.6,Resolved,No,No,87.7,5,100.0
INT-04904,2025-01-29,Agent_05,Product Defect,Low,Phone,56.8,48.8,Resolved,Yes,No,92.3,4,91.6
INT-00602,2025-01-29,Agent_19,Delivery Delay,High,Chat,114.6,88.7,Escalated,No,No,74.1,4,95.9
INT-04595,2025-01-29,Agent_03,General Inquiry,Medium,WhatsApp,86.2,18.4,In Progress,Yes,No,93.2,5,97.2
INT-02641,2025-01-29,Agent_19,Login Issue,Medium,Chat,69.5,33.1,Resolved,Yes,No,91.2,5,98.4
INT-01702,2025-01-29,Agent_09,App Crash,High,Email,43.0,39.8,Resolved,No,No,67.0,4,95.8
INT-04989,2025-01-29,Agent_04,Refund Issue,Medium,WhatsApp,39.1,27.8,Escalated,Yes,Yes,70.3,3,83.7
INT-00787,2025-01-29,Agent_12,Payment Issue,Low,Phone,49.7,27.4,Escalated,Yes,Yes,80.4,4,88.5
INT-02644,2025-01-29,Agent_08,App Crash,Medium,WhatsApp,56.4,20.4,Resolved,Yes,No,76.4,5,95.1
INT-01679,2025-01-29,Agent_15,App Crash,Medium,Email,182.4,56.3,Resolved,No,No,71.5,4,89.7
INT-01313,2025-01-29,Agent_04,Delivery Delay,Low,Email,75.3,21.8,In Progress,Yes,No,85.3,5,95.4
INT-01684,2025-01-29,Agent_09,General Inquiry,Low,Chat,25.1,7.8,Resolved,Yes,No,96.1,5,86.7
INT-04676,2025-01-29,Agent_11,Payment Issue,Medium,Email,69.7,35.8,Resolved,Yes,No,94.6,5,88.0
INT-03996,2025-01-29,Agent_18,Account Blocked,Medium,Phone,54.1,42.8,Resolved,Yes,No,91.2,4,93.7
INT-03338,2025-01-29,Agent_11,Account Blocked,Low,WhatsApp,42.9,21.6,Resolved,Yes,No,88.7,5,89.5
INT-01695,2025-01-29,Agent_01,App Crash,Low,Chat,57.6,96.0,Resolved,Yes,No,74.5,4,82.5
INT-01207,2025-01-29,Agent_16,General Inquiry,Low,Email,40.6,12.0,Resolved,Yes,No,100.0,5,94.9
INT-04766,2025-01-29,Agent_17,Delivery Delay,Medium,Phone,64.0,19.9,Escalated,Yes,No,84.5,5,94.4
INT-01572,2025-01-29,Agent_20,Payment Issue,Low,Phone,47.6,25.8,Resolved,Yes,No,87.7,5,96.9
INT-01182,2025-01-29,Agent_08,Login Issue,Medium,Phone,65.7,23.2,Resolved,Yes,No,76.7,5,90.1
INT-03852,2025-01-29,Agent_17,Payment Issue,Low,Phone,125.9,41.4,Resolved,Yes,No,88.5,5,88.2
INT-01999,2025-01-29,Agent_02,Refund Issue,Low,Chat,153.7,16.7,Resolved,Yes,No,84.2,5,100.0
INT-02518,2025-01-29,Agent_03,General Inquiry,Critical,Chat,120.1,28.1,Resolved,Yes,No,76.2,4,89.4
INT-01133,2025-01-29,Agent_13,Product Defect,Critical,Chat,100.7,91.2,Resolved,No,No,58.2,4,89.2
INT-03470,2025-01-29,Agent_02,Payment Issue,Low,Chat,68.0,14.1,In Progress,Yes,No,83.9,4,85.0
INT-00504,2025-01-29,Agent_03,Refund Issue,High,Phone,133.2,59.0,Escalated,No,No,63.7,4,82.2
INT-01483,2025-01-29,Agent_02,Payment Issue,Critical,Email,81.6,40.7,Resolved,No,No,51.2,4,77.4
INT-02751,2025-01-30,Agent_18,Payment Issue,High,Email,47.0,33.9,Resolved,Yes,No,95.8,5,97.0
INT-03158,2025-01-30,Agent_20,Product Defect,Medium,Email,66.5,40.7,Resolved,Yes,No,94.4,5,99.0
INT-03705,2025-01-30,Agent_11,Payment Issue,Medium,Phone,75.8,25.2,Resolved,Yes,No,78.7,5,91.1
INT-02321,2025-01-30,Agent_07,Account Blocked,High,Email,117.5,61.1,Resolved,No,No,61.7,4,91.8
INT-04706,2025-01-30,Agent_18,Payment Issue,High,Email,83.4,96.0,In Progress,Yes,No,85.3,5,92.2
INT-03123,2025-01-30,Agent_07,Refund Issue,High,Chat,153.5,58.6,Escalated,Yes,Yes,69.1,3,88.6
INT-02332,2025-01-30,Agent_09,Payment Issue,Medium,Email,67.0,30.5,Resolved,Yes,No,83.4,4,90.4
INT-00545,2025-01-30,Agent_07,Login Issue,Low,Phone,47.7,11.1,Resolved,Yes,No,92.3,5,89.5
INT-03387,2025-01-30,Agent_11,Login Issue,Medium,Phone,46.3,14.9,Escalated,Yes,No,100.0,5,90.7
INT-03054,2025-01-30,Agent_20,Account Blocked,Low,Phone,72.1,11.8,Resolved,Yes,No,100.0,5,97.3
INT-01018,2025-01-30,Agent_07,Refund Issue,Low,Phone,44.2,44.3,Resolved,Yes,No,89.2,5,85.2
INT-04171,2025-01-30,Agent_02,Payment Issue,High,Phone,88.3,30.9,Resolved,Yes,No,73.0,4,83.5
INT-02299,2025-01-30,Agent_03,App Crash,Critical,Phone,98.8,55.7,Resolved,No,No,67.7,3,85.0
INT-02661,2025-01-30,Agent_02,Login Issue,High,Phone,117.1,52.1,Resolved,Yes,No,70.0,4,86.4
INT-03457,2025-01-30,Agent_17,General Inquiry,Medium,Chat,67.9,21.0,Escalated,No,No,89.5,5,89.9
INT-00782,2025-01-30,Agent_15,Refund Issue,Medium,Chat,70.6,65.4,Escalated,Yes,No,88.7,5,96.9
INT-00159,2025-01-30,Agent_08,General Inquiry,High,Email,122.9,25.2,Resolved,Yes,No,82.7,4,85.9
INT-00308,2025-01-30,Agent_17,General Inquiry,Critical,Chat,87.3,54.8,In Progress,Yes,No,92.2,5,91.8
INT-00775,2025-01-30,Agent_12,App Crash,High,Phone,63.4,39.9,In Progress,Yes,No,87.4,5,96.0
INT-00701,2025-01-30,Agent_20,General Inquiry,Critical,Phone,133.5,65.1,In Progress,No,No,86.7,5,84.9
INT-03613,2025-01-30,Agent_17,Login Issue,Low,Email,124.2,8.0,Resolved,Yes,No,87.0,4,85.8
INT-03603,2025-01-30,Agent_17,Payment Issue,Critical,Phone,113.6,36.7,Escalated,Yes,No,85.9,4,86.8
INT-01210,2025-01-30,Agent_09,Product Defect,Low,Phone,75.6,21.0,Resolved,No,No,73.3,4,94.0
INT-02058,2025-01-31,Agent_20,Account Blocked,Medium,Chat,100.2,22.8,Resolved,Yes,No,93.5,5,89.0
INT-01129,2025-01-31,Agent_06,Account Blocked,Medium,Phone,53.9,54.4,Resolved,No,No,72.8,4,92.2
INT-04188,2025-01-31,Agent_11,Account Blocked,Medium,WhatsApp,53.9,78.3,Escalated,Yes,No,84.1,5,94.5
INT-03795,2025-01-31,Agent_01,Account Blocked,High,WhatsApp,55.0,49.4,Resolved,Yes,No,68.1,4,87.4
INT-03588,2025-01-31,Agent_20,Account Blocked,High,WhatsApp,92.3,39.5,Resolved,Yes,No,93.1,5,94.9
INT-01630,2025-01-31,Agent_01,Login Issue,Low,WhatsApp,49.2,63.3,Escalated,Yes,No,78.8,5,88.2
INT-00928,2025-01-31,Agent_16,Delivery Delay,High,Phone,99.3,49.9,Resolved,Yes,No,74.5,5,88.4
INT-04871,2025-01-31,Agent_13,General Inquiry,Low,Chat,103.8,10.9,Resolved,Yes,No,98.9,5,91.2
INT-02825,2025-01-31,Agent_18,General Inquiry,Low,WhatsApp,19.6,34.7,Resolved,Yes,No,99.1,5,97.6
INT-01338,2025-01-31,Agent_03,Login Issue,Low,Chat,102.1,9.5,In Progress,Yes,No,87.7,4,96.1
INT-03686,2025-01-31,Agent_05,App Crash,Low,Email,81.3,16.4,In Progress,Yes,No,84.1,4,93.6
INT-01958,2025-01-31,Agent_15,Delivery Delay,High,Email,54.3,50.5,Resolved,Yes,No,78.6,5,96.9
INT-03434,2025-01-31,Agent_02,Refund Issue,Low,Chat,121.1,37.8,Resolved,Yes,No,78.3,4,88.2
INT-02430,2025-01-31,Agent_08,Payment Issue,Medium,Chat,27.0,53.6,Resolved,Yes,No,78.8,5,89.4
INT-02306,2025-01-31,Agent_19,Login Issue,High,WhatsApp,80.8,59.2,Resolved,Yes,No,90.9,5,99.0
INT-02418,2025-01-31,Agent_16,Account Blocked,High,Chat,100.6,40.8,In Progress,Yes,No,88.7,5,94.6
INT-01238,2025-02-01,Agent_17,Account Blocked,Low,WhatsApp,94.2,29.5,Resolved,Yes,No,91.7,4,94.3
INT-02614,2025-02-01,Agent_06,Refund Issue,Medium,Chat,67.6,27.3,Resolved,Yes,No,78.1,5,91.0
INT-03010,2025-02-01,Agent_18,Login Issue,Medium,WhatsApp,39.8,69.7,Resolved,Yes,No,89.0,5,91.7
INT-03390,2025-02-01,Agent_07,Delivery Delay,Medium,Chat,146.0,29.5,Resolved,No,No,73.0,4,93.6
INT-01871,2025-02-01,Agent_14,Product Defect,Medium,Phone,67.2,35.4,Resolved,Yes,No,90.9,5,94.4
INT-02932,2025-02-01,Agent_12,Payment Issue,Low,Chat,108.5,23.7,Resolved,Yes,No,99.8,5,97.4
INT-04243,2025-02-01,Agent_18,Delivery Delay,Medium,Email,31.2,37.0,Resolved,Yes,No,94.6,5,90.8
INT-02413,2025-02-01,Agent_03,Account Blocked,Medium,WhatsApp,178.6,76.6,Resolved,No,No,57.9,3,93.4
INT-03911,2025-02-01,Agent_06,Product Defect,Medium,WhatsApp,38.4,27.4,Resolved,Yes,No,81.2,4,87.7
INT-04425,2025-02-01,Agent_20,Refund Issue,Medium,Phone,117.3,37.1,Resolved,Yes,No,92.7,4,92.1
INT-00744,2025-02-01,Agent_14,Login Issue,Medium,WhatsApp,130.6,28.5,Resolved,Yes,No,89.0,5,92.8
INT-01706,2025-02-01,Agent_01,Account Blocked,Critical,Chat,121.9,75.0,Resolved,No,No,56.6,4,93.4
INT-02597,2025-02-01,Agent_16,Delivery Delay,Medium,WhatsApp,85.9,34.3,In Progress,Yes,No,84.9,5,98.4
INT-02598,2025-02-01,Agent_05,Refund Issue,Critical,Phone,108.6,58.4,In Progress,No,No,67.1,4,91.8
INT-04566,2025-02-01,Agent_20,Account Blocked,Medium,Phone,41.0,32.3,Resolved,Yes,No,92.0,4,98.3
INT-00347,2025-02-01,Agent_08,Login Issue,Low,Phone,77.2,33.6,Resolved,Yes,No,86.8,5,89.8
INT-04190,2025-02-01,Agent_08,Delivery Delay,Medium,Phone,35.8,69.8,Resolved,Yes,No,77.4,5,97.9
INT-03689,2025-02-01,Agent_08,Login Issue,Medium,Phone,67.7,19.0,In Progress,Yes,No,75.9,5,92.4
INT-02336,2025-02-01,Agent_03,Product Defect,Medium,Phone,133.4,35.7,Escalated,No,No,67.6,4,86.5
INT-01231,2025-02-01,Agent_02,Login Issue,High,Chat,48.6,25.7,Resolved,Yes,No,78.9,4,90.3
INT-00383,2025-02-01,Agent_16,Login Issue,Medium,Email,88.0,59.4,Resolved,Yes,No,93.1,5,96.7
INT-04931,2025-02-01,Agent_14,Payment Issue,Medium,Chat,75.2,27.9,Resolved,No,No,91.1,4,90.0
INT-02262,2025-02-01,Agent_07,Login Issue,Critical,WhatsApp,64.1,67.4,Resolved,Yes,No,73.1,4,87.6
INT-01037,2025-02-01,Agent_12,Refund Issue,High,Email,71.7,59.4,Resolved,Yes,No,76.9,5,97.7
INT-02621,2025-02-01,Agent_16,Product Defect,Medium,WhatsApp,34.8,42.5,Resolved,Yes,No,89.5,4,97.6
INT-01205,2025-02-01,Agent_07,Product Defect,High,Chat,120.5,29.4,Resolved,Yes,No,70.0,4,86.1
INT-01425,2025-02-01,Agent_16,Payment Issue,Critical,Email,97.5,50.1,Resolved,Yes,No,82.5,5,97.0
INT-01780,2025-02-01,Agent_20,Payment Issue,Medium,Chat,122.0,65.4,Escalated,Yes,Yes,89.3,5,92.7
INT-01258,2025-02-01,Agent_01,Product Defect,Medium,Phone,99.2,36.0,Resolved,Yes,No,84.2,5,88.7
INT-04638,2025-02-02,Agent_05,Refund Issue,Medium,Phone,150.1,32.7,Escalated,Yes,No,79.2,4,89.2
INT-02055,2025-02-02,Agent_09,Refund Issue,High,Chat,90.9,47.3,Resolved,Yes,No,83.6,4,98.5
INT-04613,2025-02-02,Agent_06,App Crash,High,Phone,89.3,46.5,In Progress,Yes,No,83.3,5,87.7
INT-03079,2025-02-02,Agent_07,Account Blocked,Low,Chat,91.7,10.7,In Progress,Yes,No,86.0,4,88.8
INT-01061,2025-02-02,Agent_12,Product Defect,Critical,Chat,159.2,77.8,Escalated,No,Yes,62.2,3,77.8
INT-01806,2025-02-02,Agent_16,General Inquiry,Medium,Email,122.8,13.6,Resolved,Yes,No,86.4,4,97.6
INT-00285,2025-02-02,Agent_19,Login Issue,Medium,Chat,84.9,74.1,Resolved,Yes,No,88.1,4,100.0
INT-04254,2025-02-02,Agent_19,App Crash,Low,Email,47.9,93.1,Resolved,Yes,No,86.0,4,99.7
INT-00912,2025-02-02,Agent_07,General Inquiry,High,Chat,57.8,36.5,Escalated,Yes,Yes,76.8,4,93.9
INT-00705,2025-02-02,Agent_08,Refund Issue,Low,Email,70.3,32.0,Resolved,Yes,No,90.7,5,94.5
INT-01686,2025-02-02,Agent_17,General Inquiry,Critical,WhatsApp,117.6,83.9,Escalated,No,Yes,71.1,4,85.2
INT-02390,2025-02-02,Agent_10,General Inquiry,Medium,Phone,62.9,12.5,Resolved,No,No,84.3,5,96.1
INT-01375,2025-02-02,Agent_10,Refund Issue,High,WhatsApp,59.4,38.9,Resolved,Yes,No,80.4,4,81.0
INT-00465,2025-02-02,Agent_16,App Crash,Low,Chat,72.6,26.6,Resolved,No,No,86.5,5,96.8
INT-00111,2025-02-02,Agent_13,Login Issue,Medium,Chat,55.6,27.2,In Progress,Yes,No,90.0,5,88.8
INT-00295,2025-02-02,Agent_12,Delivery Delay,Low,Chat,15.3,39.9,Resolved,Yes,No,88.8,4,97.8
INT-04321,2025-02-02,Agent_11,App Crash,Low,Email,24.2,32.9,In Progress,Yes,No,82.8,4,92.9
INT-00491,2025-02-02,Agent_16,Payment Issue,Medium,Phone,95.2,84.8,In Progress,Yes,No,79.9,5,93.5
INT-04313,2025-02-02,Agent_20,Refund Issue,Critical,Chat,161.0,40.6,Escalated,No,No,81.0,4,95.2
INT-01783,2025-02-02,Agent_09,Payment Issue,Low,Chat,129.6,23.3,Resolved,Yes,No,74.7,4,92.9
INT-03874,2025-02-02,Agent_06,Delivery Delay,Low,Email,62.5,56.2,Resolved,Yes,No,90.0,5,85.5
INT-01068,2025-02-02,Agent_08,App Crash,Medium,Email,172.5,46.5,Resolved,No,No,72.0,4,90.3
INT-01606,2025-02-02,Agent_17,General Inquiry,Medium,Chat,31.1,38.5,Resolved,Yes,No,88.1,5,90.4
INT-00102,2025-02-02,Agent_04,General Inquiry,High,Chat,149.1,26.7,Resolved,Yes,No,72.1,4,93.9
INT-02891,2025-02-02,Agent_17,Payment Issue,Low,Email,59.0,27.7,Resolved,Yes,No,98.6,5,90.6
INT-04468,2025-02-03,Agent_10,Login Issue,High,Email,28.1,33.1,Resolved,Yes,No,84.4,4,88.0
INT-04046,2025-02-03,Agent_09,Payment Issue,Low,Phone,86.6,19.8,Escalated,Yes,No,84.4,4,88.2
INT-00471,2025-02-03,Agent_05,Account Blocked,Low,Phone,60.5,24.5,Resolved,No,No,81.6,5,84.9
INT-03408,2025-02-03,Agent_07,Login Issue,Medium,Phone,108.5,56.5,Resolved,Yes,No,79.6,4,91.2
INT-00439,2025-02-03,Agent_05,General Inquiry,Low,Phone,64.4,17.9,Resolved,Yes,No,85.7,5,81.3
INT-02497,2025-02-03,Agent_05,Payment Issue,Low,Phone,55.7,21.6,Escalated,Yes,No,84.0,4,89.9
INT-00896,2025-02-03,Agent_07,App Crash,High,Chat,60.8,43.7,Resolved,Yes,No,86.7,5,94.4
INT-03646,2025-02-03,Agent_19,Payment Issue,Low,Email,47.4,24.3,Resolved,Yes,No,100.0,5,100.0
INT-02040,2025-02-03,Agent_13,Refund Issue,Medium,Chat,83.3,34.3,Escalated,Yes,Yes,78.9,3,87.7
INT-03634,2025-02-03,Agent_20,Refund Issue,Low,Chat,34.9,28.9,Escalated,Yes,No,94.6,5,99.9
INT-03665,2025-02-03,Agent_02,Delivery Delay,Low,Email,79.9,48.1,Resolved,Yes,No,88.2,4,83.5
INT-01326,2025-02-03,Agent_19,Payment Issue,Medium,Phone,57.1,18.9,Resolved,Yes,No,96.7,5,88.4
INT-03712,2025-02-03,Agent_07,Delivery Delay,Critical,Chat,108.1,79.9,Resolved,No,No,78.1,5,87.0
INT-04135,2025-02-03,Agent_03,Login Issue,Medium,Chat,38.3,44.3,In Progress,Yes,No,75.4,5,84.5
INT-00834,2025-02-03,Agent_01,General Inquiry,Medium,Phone,94.7,32.0,Escalated,Yes,Yes,71.8,3,84.7
INT-00795,2025-02-03,Agent_11,Delivery Delay,High,Phone,122.6,66.1,Escalated,Yes,Yes,72.9,4,89.2
INT-02524,2025-02-03,Agent_05,General Inquiry,Medium,Phone,149.5,53.8,Resolved,Yes,No,74.2,4,94.5
INT-01473,2025-02-03,Agent_05,Login Issue,Medium,Email,60.5,31.1,Resolved,No,No,78.1,4,95.0
INT-02150,2025-02-03,Agent_16,Login Issue,Low,Phone,119.5,23.7,Resolved,No,No,79.1,5,93.3
INT-04378,2025-02-03,Agent_03,Refund Issue,Medium,Chat,82.8,32.3,Escalated,No,Yes,57.5,3,86.2
INT-00745,2025-02-03,Agent_14,Login Issue,Low,Email,121.4,18.7,Resolved,Yes,No,80.7,5,89.0
INT-03060,2025-02-03,Agent_14,Product Defect,Medium,Email,51.5,82.2,Escalated,Yes,Yes,71.8,4,89.7
INT-02246,2025-02-04,Agent_13,Product Defect,Medium,Phone,31.1,43.7,Resolved,No,No,69.8,4,85.0
INT-00119,2025-02-04,Agent_03,General Inquiry,Low,Email,130.9,14.0,Resolved,No,No,85.3,5,94.6
INT-04549,2025-02-04,Agent_20,Product Defect,Medium,Email,95.8,46.1,Resolved,Yes,No,87.2,5,94.9
INT-04882,2025-02-04,Agent_10,Refund Issue,Low,Phone,74.6,25.5,Resolved,Yes,No,80.8,5,86.7
INT-03630,2025-02-04,Agent_05,Refund Issue,Critical,Chat,127.2,44.5,Resolved,Yes,No,74.3,4,88.3
INT-02102,2025-02-04,Agent_11,General Inquiry,High,Phone,181.7,25.5,Resolved,No,No,85.3,4,90.8
INT-01391,2025-02-04,Agent_16,Payment Issue,High,Chat,95.7,36.8,Escalated,Yes,No,76.4,4,90.8
INT-00510,2025-02-04,Agent_10,Payment Issue,Medium,Chat,33.7,39.2,Escalated,Yes,Yes,80.2,4,87.7
INT-01884,2025-02-04,Agent_13,Refund Issue,Medium,Phone,73.8,26.7,Escalated,Yes,No,85.1,5,89.3
INT-04886,2025-02-04,Agent_04,Account Blocked,High,WhatsApp,186.7,45.6,Resolved,No,No,69.0,4,95.6
INT-03198,2025-02-04,Agent_06,Refund Issue,Medium,Phone,78.3,36.9,Escalated,Yes,No,81.7,4,90.9
INT-03465,2025-02-04,Agent_15,Delivery Delay,Low,Phone,60.0,28.1,Resolved,No,No,79.4,5,95.8
INT-02002,2025-02-04,Agent_18,Refund Issue,Critical,WhatsApp,109.0,96.0,Resolved,Yes,No,67.5,4,86.9
INT-01019,2025-02-04,Agent_12,Refund Issue,High,Chat,100.8,42.7,Escalated,Yes,No,75.4,4,88.9
INT-01254,2025-02-04,Agent_09,App Crash,Medium,Chat,124.7,56.4,Resolved,No,No,77.3,4,95.5
INT-04583,2025-02-04,Agent_13,Account Blocked,Low,Phone,50.4,27.2,In Progress,Yes,No,91.4,5,92.1
INT-03185,2025-02-04,Agent_16,Payment Issue,Low,Chat,145.6,36.2,Resolved,Yes,No,97.3,5,94.5
INT-01005,2025-02-04,Agent_10,App Crash,Critical,Email,52.8,41.2,Resolved,Yes,No,75.8,4,89.2
INT-00693,2025-02-04,Agent_12,App Crash,Low,Phone,199.9,29.6,Escalated,Yes,No,87.8,5,90.5
INT-01161,2025-02-04,Agent_11,Payment Issue,Low,Email,68.9,33.1,Resolved,Yes,No,87.9,5,93.6
INT-00316,2025-02-04,Agent_15,Payment Issue,Medium,Phone,28.6,36.1,Resolved,Yes,No,83.2,5,93.9
INT-02158,2025-02-04,Agent_12,Login Issue,High,Phone,75.4,49.1,Resolved,No,No,78.2,4,92.5
INT-00059,2025-02-04,Agent_10,Refund Issue,Medium,Email,57.9,34.1,Escalated,Yes,Yes,79.6,4,88.9
INT-02797,2025-02-04,Agent_17,Account Blocked,Medium,Phone,99.6,19.6,Resolved,Yes,No,86.5,5,91.8
INT-03121,2025-02-04,Agent_13,Product Defect,Low,Email,81.3,39.3,Resolved,Yes,No,89.3,5,87.8
INT-03602,2025-02-04,Agent_16,General Inquiry,Medium,Phone,230.6,31.5,Resolved,Yes,No,85.6,3,94.5
INT-02297,2025-02-04,Agent_17,Account Blocked,Critical,Phone,166.9,66.7,Escalated,No,Yes,63.2,3,86.1
INT-04357,2025-02-04,Agent_01,Payment Issue,Medium,Phone,117.3,40.6,Resolved,Yes,No,67.1,4,90.5
INT-03254,2025-02-04,Agent_02,Login Issue,High,Phone,174.3,24.4,Resolved,No,No,68.0,4,76.6
INT-02368,2025-02-04,Agent_17,Product Defect,Medium,Phone,35.6,36.6,In Progress,Yes,No,91.6,5,91.7
INT-03810,2025-02-05,Agent_06,Payment Issue,Medium,Email,39.2,54.9,Resolved,Yes,No,76.6,4,86.0
INT-04207,2025-02-05,Agent_02,Payment Issue,Critical,Chat,96.8,81.5,Resolved,Yes,No,70.2,4,85.3
INT-04980,2025-02-05,Agent_20,Delivery Delay,Medium,Chat,52.2,77.8,Resolved,Yes,No,91.2,5,96.3
INT-02576,2025-02-05,Agent_10,Login Issue,High,Phone,85.5,29.9,In Progress,No,No,65.7,4,92.3
INT-02183,2025-02-05,Agent_04,Refund Issue,Low,Phone,207.0,19.7,Resolved,Yes,No,75.2,3,94.1
INT-01097,2025-02-05,Agent_08,General Inquiry,Critical,Phone,95.7,51.2,Resolved,No,No,70.6,5,92.8
INT-03617,2025-02-05,Agent_10,General Inquiry,Medium,Phone,100.8,39.1,Resolved,Yes,No,81.6,4,89.7
INT-04024,2025-02-05,Agent_10,Login Issue,Medium,Phone,105.8,70.0,Resolved,Yes,No,92.5,5,91.8
INT-01376,2025-02-05,Agent_02,App Crash,High,Email,223.9,42.6,In Progress,Yes,No,66.7,4,84.7
INT-04780,2025-02-05,Agent_20,Login Issue,Low,Chat,53.2,12.9,Escalated,Yes,No,100.0,5,94.8
INT-02828,2025-02-05,Agent_13,General Inquiry,Critical,Phone,95.0,56.3,Resolved,Yes,No,78.3,4,88.9
INT-04716,2025-02-05,Agent_05,Account Blocked,High,Chat,69.1,36.3,Resolved,No,No,74.4,5,92.6
INT-01356,2025-02-05,Agent_06,Payment Issue,High,Chat,59.1,31.5,Escalated,Yes,Yes,69.8,4,89.9
INT-00371,2025-02-05,Agent_06,General Inquiry,High,Chat,62.1,47.1,Resolved,Yes,No,80.9,5,93.7
INT-04570,2025-02-05,Agent_02,Payment Issue,Low,Chat,85.7,57.0,Resolved,Yes,No,76.2,5,83.2
INT-00851,2025-02-05,Agent_13,General Inquiry,Low,Chat,63.2,27.3,Resolved,Yes,No,100.0,5,100.0
INT-00534,2025-02-05,Agent_09,Payment Issue,Critical,Email,84.7,46.9,Resolved,Yes,No,84.5,5,88.6
INT-01276,2025-02-05,Agent_20,Delivery Delay,Critical,Email,96.7,53.4,Escalated,Yes,No,79.3,5,100.0
INT-02143,2025-02-05,Agent_02,Refund Issue,Medium,Chat,48.8,39.5,Escalated,No,No,68.6,4,90.7
INT-02265,2025-02-05,Agent_20,Payment Issue,Medium,Email,47.1,36.1,Resolved,Yes,No,89.4,4,91.7
INT-00930,2025-02-05,Agent_20,General Inquiry,High,Email,104.4,28.4,Escalated,No,No,77.4,5,89.8
INT-00143,2025-02-05,Agent_18,App Crash,Medium,Phone,83.4,21.3,Resolved,No,No,85.6,5,94.9
INT-02304,2025-02-05,Agent_15,Product Defect,High,Phone,119.5,34.7,Resolved,Yes,No,91.0,4,93.1
INT-02341,2025-02-05,Agent_07,Account Blocked,Medium,Chat,82.4,39.0,Resolved,Yes,No,84.6,4,90.7
INT-00614,2025-02-05,Agent_04,Delivery Delay,Medium,Chat,64.4,29.5,Resolved,Yes,No,82.0,4,92.9
INT-01663,2025-02-06,Agent_11,Payment Issue,Critical,Email,66.5,35.4,In Progress,Yes,No,75.9,4,89.5
INT-01996,2025-02-06,Agent_03,Account Blocked,Low,Phone,80.1,36.2,In Progress,Yes,No,78.4,5,85.8
INT-04504,2025-02-06,Agent_15,Product Defect,High,Phone,93.7,86.0,Resolved,No,No,67.8,4,99.9
INT-03461,2025-02-06,Agent_09,Account Blocked,Low,Email,113.9,46.2,Resolved,Yes,No,81.3,4,91.9
INT-01316,2025-02-06,Agent_05,Payment Issue,Medium,Chat,107.6,19.1,Resolved,Yes,No,78.8,4,81.9
INT-01124,2025-02-06,Agent_14,Account Blocked,Low,Phone,124.2,66.3,Escalated,No,No,78.8,5,90.3
INT-03279,2025-02-06,Agent_14,Product Defect,Medium,Email,149.0,57.2,Escalated,No,No,82.1,4,86.9
INT-02123,2025-02-06,Agent_03,App Crash,High,Phone,97.5,49.8,Resolved,No,No,58.4,4,88.5
INT-04517,2025-02-06,Agent_05,Refund Issue,High,Email,40.4,77.3,Resolved,No,No,64.0,4,96.4
INT-01502,2025-02-06,Agent_02,Account Blocked,Medium,Phone,86.3,36.9,Resolved,Yes,No,82.7,5,89.4
INT-03619,2025-02-06,Agent_12,Login Issue,High,Chat,65.2,36.6,Resolved,No,No,77.1,5,92.6
INT-00115,2025-02-06,Agent_08,Delivery Delay,Medium,Chat,55.6,45.8,Escalated,Yes,No,79.7,4,87.5
INT-00326,2025-02-06,Agent_18,Payment Issue,Critical,WhatsApp,126.4,58.3,Resolved,Yes,No,86.2,4,88.9
INT-03622,2025-02-06,Agent_15,Account Blocked,Medium,Phone,160.8,54.5,Resolved,Yes,No,89.8,4,99.8
INT-02214,2025-02-06,Agent_13,Refund Issue,Low,Chat,79.9,24.0,Escalated,Yes,No,92.3,5,100.0
INT-01512,2025-02-06,Agent_04,Payment Issue,Medium,Phone,64.1,44.9,Escalated,Yes,No,78.3,4,86.5
INT-01589,2025-02-06,Agent_03,General Inquiry,Low,WhatsApp,106.8,27.8,Escalated,Yes,No,86.3,5,91.4
INT-02716,2025-02-06,Agent_03,Delivery Delay,Medium,WhatsApp,83.0,27.2,Escalated,Yes,Yes,62.2,3,90.1
INT-01455,2025-02-06,Agent_13,Delivery Delay,Medium,Phone,98.2,29.4,In Progress,Yes,No,78.4,5,97.0
INT-03779,2025-02-06,Agent_17,Account Blocked,Low,Phone,21.8,60.8,Resolved,Yes,No,80.8,4,85.3
INT-00964,2025-02-06,Agent_18,Login Issue,Low,Chat,159.6,48.1,Escalated,Yes,No,96.2,5,93.4
INT-01934,2025-02-06,Agent_10,General Inquiry,Medium,Chat,56.1,31.7,Resolved,Yes,No,85.0,4,92.5
INT-01877,2025-02-06,Agent_03,Delivery Delay,High,Chat,119.7,72.6,Resolved,Yes,No,70.0,4,91.6
INT-01894,2025-02-06,Agent_10,Product Defect,High,Phone,81.5,28.7,In Progress,Yes,No,74.3,4,91.2
INT-00538,2025-02-06,Agent_16,App Crash,Medium,Chat,44.8,21.5,In Progress,Yes,No,92.6,5,94.3
INT-00252,2025-02-06,Agent_09,Delivery Delay,Low,WhatsApp,13.4,17.0,Escalated,Yes,No,89.0,4,92.2
INT-01289,2025-02-06,Agent_20,Account Blocked,High,Chat,52.0,34.9,Resolved,Yes,No,86.5,5,99.3
INT-04977,2025-02-06,Agent_17,Delivery Delay,Low,Chat,93.6,16.1,In Progress,Yes,No,86.5,5,90.3
INT-02235,2025-02-06,Agent_01,Account Blocked,Medium,Phone,57.9,70.0,Resolved,No,No,66.6,4,85.5
INT-02566,2025-02-07,Agent_19,Product Defect,Medium,Chat,129.6,59.5,Escalated,Yes,Yes,85.0,4,86.8
INT-04812,2025-02-07,Agent_08,Product Defect,Medium,Chat,25.5,43.8,Resolved,Yes,No,80.3,4,92.8
INT-04539,2025-02-07,Agent_10,Login Issue,Medium,Email,30.2,37.2,Resolved,No,No,78.6,4,100.0
INT-02339,2025-02-07,Agent_14,General Inquiry,Medium,Phone,144.8,25.4,Resolved,Yes,No,86.4,4,95.2
INT-01065,2025-02-07,Agent_19,Account Blocked,Medium,Phone,41.1,28.0,Resolved,Yes,No,100.0,5,99.0
INT-04164,2025-02-07,Agent_11,General Inquiry,Medium,Phone,93.9,27.9,Resolved,Yes,No,88.8,4,91.1
INT-01106,2025-02-07,Agent_04,General Inquiry,Medium,Email,43.2,26.6,Resolved,No,No,90.2,5,86.0
INT-01077,2025-02-07,Agent_13,Product Defect,Low,Email,163.2,43.7,Resolved,Yes,No,90.9,4,92.3
INT-02926,2025-02-07,Agent_05,Account Blocked,High,Chat,38.7,28.8,Resolved,No,No,71.5,4,93.7
INT-00875,2025-02-07,Agent_11,General Inquiry,Medium,Email,165.2,49.9,In Progress,No,No,77.1,4,91.8
INT-00022,2025-02-07,Agent_18,App Crash,Low,Phone,69.7,39.3,Escalated,Yes,No,90.3,5,95.5
INT-00209,2025-02-07,Agent_08,Payment Issue,High,Email,128.7,50.6,Escalated,Yes,No,73.0,4,97.8
INT-02720,2025-02-07,Agent_01,Account Blocked,Critical,WhatsApp,233.4,46.4,In Progress,No,No,59.4,3,95.5
INT-01583,2025-02-07,Agent_15,App Crash,Medium,Email,127.2,91.2,Escalated,No,No,71.7,4,89.0
INT-00771,2025-02-07,Agent_14,Product Defect,Medium,Email,75.3,37.0,Resolved,No,No,78.8,5,92.7
INT-00301,2025-02-07,Agent_04,Product Defect,Medium,Chat,62.5,96.0,Resolved,Yes,No,73.1,4,87.5
INT-03097,2025-02-07,Agent_19,Delivery Delay,Critical,WhatsApp,147.4,46.5,Resolved,Yes,No,82.3,4,92.2
INT-04865,2025-02-07,Agent_04,Payment Issue,Low,Phone,54.1,31.3,Resolved,Yes,No,83.4,4,87.3
INT-03218,2025-02-07,Agent_14,General Inquiry,Medium,Chat,40.5,44.2,In Progress,Yes,No,89.0,4,100.0
INT-00963,2025-02-07,Agent_07,Login Issue,High,Email,44.9,46.9,Resolved,Yes,No,82.0,5,98.4
INT-03426,2025-02-07,Agent_11,General Inquiry,Low,Chat,150.9,24.2,Resolved,Yes,No,91.1,4,92.2
INT-04482,2025-02-07,Agent_15,Payment Issue,Low,Email,41.8,12.4,Resolved,Yes,No,93.2,4,90.0
INT-03117,2025-02-07,Agent_18,Product Defect,Low,Chat,157.0,13.5,Escalated,Yes,No,91.1,5,96.9
INT-03955,2025-02-07,Agent_17,Refund Issue,Low,WhatsApp,64.6,20.7,Resolved,Yes,No,94.0,5,93.3
INT-03724,2025-02-07,Agent_07,Login Issue,High,Chat,90.8,50.4,Resolved,Yes,No,74.6,4,87.8
INT-03583,2025-02-07,Agent_07,General Inquiry,Medium,Email,79.2,34.7,Resolved,Yes,No,85.3,5,94.6
INT-02019,2025-02-07,Agent_20,Delivery Delay,Medium,Phone,135.7,78.1,Resolved,Yes,No,86.4,5,94.5
INT-00991,2025-02-07,Agent_12,Account Blocked,High,Phone,108.7,59.7,Resolved,Yes,No,82.1,5,94.5
INT-03375,2025-02-07,Agent_12,Product Defect,Medium,Phone,50.6,45.9,Resolved,Yes,No,91.5,5,88.0
INT-01166,2025-02-07,Agent_19,General Inquiry,Medium,Phone,88.1,37.1,Resolved,Yes,No,84.6,5,92.9
INT-04500,2025-02-08,Agent_14,Refund Issue,Medium,Chat,91.3,43.9,Resolved,Yes,No,84.7,4,92.2
INT-00623,2025-02-08,Agent_15,General Inquiry,Medium,Phone,73.8,15.5,Resolved,No,No,87.9,4,93.6
INT-01913,2025-02-08,Agent_14,Refund Issue,Medium,Email,97.4,40.2,Escalated,Yes,No,86.4,5,86.9
INT-01051,2025-02-08,Agent_07,Account Blocked,Medium,Email,76.1,30.9,Resolved,Yes,No,84.4,4,93.0
INT-03666,2025-02-08,Agent_17,Delivery Delay,High,Chat,157.8,47.9,Resolved,Yes,No,85.4,4,98.0
INT-04584,2025-02-08,Agent_14,Payment Issue,Low,Email,100.9,9.8,Resolved,Yes,No,100.0,5,97.5
INT-01645,2025-02-08,Agent_13,General Inquiry,Medium,Email,173.0,50.2,Resolved,Yes,No,89.0,5,92.2
INT-04457,2025-02-08,Agent_15,App Crash,Medium,Phone,101.1,34.9,Resolved,Yes,No,91.7,5,88.0
INT-01699,2025-02-08,Agent_16,Account Blocked,Low,Phone,190.6,54.0,Resolved,No,No,79.2,5,86.9
INT-01638,2025-02-08,Agent_13,Account Blocked,Medium,Chat,186.7,28.4,Escalated,Yes,Yes,79.7,4,89.4
INT-00577,2025-02-08,Agent_13,Payment Issue,High,WhatsApp,183.4,37.1,Resolved,Yes,No,82.8,4,92.8
INT-02813,2025-02-08,Agent_15,Account Blocked,Medium,Email,53.8,30.8,Resolved,Yes,No,81.7,4,85.8
INT-01390,2025-02-08,Agent_19,Product Defect,Medium,Phone,82.9,27.5,In Progress,Yes,No,91.1,4,96.1
INT-00232,2025-02-08,Agent_02,General Inquiry,Low,Phone,64.2,21.3,Resolved,Yes,No,89.8,5,93.9
INT-03106,2025-02-08,Agent_13,Delivery Delay,Medium,Phone,93.3,20.9,Escalated,Yes,No,76.7,4,92.5
INT-03269,2025-02-08,Agent_14,Delivery Delay,Medium,Phone,68.1,53.1,Resolved,Yes,No,70.8,4,87.4
INT-03674,2025-02-08,Agent_13,App Crash,Low,Phone,240.0,22.9,Resolved,Yes,No,78.3,4,93.2
INT-04013,2025-02-08,Agent_07,Refund Issue,High,Chat,147.9,39.8,Resolved,No,No,68.0,4,88.3
INT-01366,2025-02-08,Agent_18,General Inquiry,High,Email,72.0,37.8,Resolved,Yes,No,97.7,5,90.1
INT-04656,2025-02-08,Agent_01,Delivery Delay,Medium,Phone,128.9,64.3,Escalated,Yes,Yes,61.7,3,79.3
INT-04575,2025-02-08,Agent_06,App Crash,Medium,Phone,106.4,58.8,Resolved,Yes,No,73.2,4,87.3
INT-00463,2025-02-08,Agent_07,App Crash,Critical,Phone,75.0,42.3,Resolved,Yes,No,81.0,5,90.7
INT-00186,2025-02-08,Agent_12,Delivery Delay,Low,Email,97.0,25.3,Resolved,Yes,No,94.0,5,96.4
INT-01481,2025-02-08,Agent_04,Account Blocked,Low,Chat,111.6,36.1,Resolved,Yes,No,77.8,4,87.7
INT-02662,2025-02-08,Agent_18,Login Issue,Medium,WhatsApp,146.8,30.2,Resolved,Yes,No,82.5,4,94.7
INT-02623,2025-02-08,Agent_15,Account Blocked,High,WhatsApp,55.1,27.1,Escalated,Yes,No,88.2,5,87.4
INT-01459,2025-02-08,Agent_12,Product Defect,Medium,Phone,103.6,35.4,In Progress,Yes,No,79.3,4,90.5
INT-00360,2025-02-08,Agent_12,Login Issue,Critical,Email,124.9,39.7,In Progress,No,No,79.5,5,84.8
INT-00749,2025-02-08,Agent_02,Delivery Delay,High,Email,119.2,36.2,Escalated,Yes,No,79.0,4,88.6
INT-02014,2025-02-08,Agent_05,General Inquiry,Medium,Phone,152.4,36.0,In Progress,Yes,No,78.1,4,89.3
INT-01034,2025-02-08,Agent_17,General Inquiry,Low,Phone,50.4,16.4,Resolved,Yes,No,93.7,5,90.0
INT-03347,2025-02-08,Agent_18,Login Issue,Low,Chat,89.1,31.1,Resolved,Yes,No,87.1,5,91.5
INT-02176,2025-02-08,Agent_20,Account Blocked,High,WhatsApp,61.1,61.4,Resolved,Yes,No,78.7,5,91.0
INT-04762,2025-02-08,Agent_02,General Inquiry,High,WhatsApp,179.1,75.2,Resolved,Yes,No,76.2,4,90.1
INT-04366,2025-02-08,Agent_03,Login Issue,Medium,Email,55.5,38.5,Resolved,No,No,67.2,4,92.5
INT-04181,2025-02-08,Agent_16,Refund Issue,High,Chat,118.9,43.9,Escalated,Yes,No,75.7,4,100.0
INT-03289,2025-02-08,Agent_18,Payment Issue,High,Email,131.2,46.8,Resolved,Yes,No,87.8,4,91.9
INT-01516,2025-02-08,Agent_10,Delivery Delay,Low,Chat,57.9,30.4,Escalated,Yes,No,88.8,5,91.7
INT-00880,2025-02-08,Agent_11,Account Blocked,High,Phone,83.5,68.4,Resolved,Yes,No,76.9,4,81.6
INT-04733,2025-02-09,Agent_19,App Crash,Low,Email,47.7,25.7,Resolved,Yes,No,100.0,4,88.7
INT-01382,2025-02-09,Agent_14,Delivery Delay,Medium,Chat,56.9,22.4,Resolved,Yes,No,88.0,5,89.6
INT-01595,2025-02-09,Agent_01,App Crash,Medium,Email,98.8,35.3,Resolved,Yes,No,73.9,4,96.6
INT-01578,2025-02-09,Agent_16,Payment Issue,Medium,Phone,64.6,30.6,Resolved,Yes,No,95.9,5,96.5
INT-01032,2025-02-09,Agent_18,Payment Issue,High,Phone,222.2,42.8,Resolved,No,No,83.3,4,100.0
INT-04103,2025-02-09,Agent_15,Account Blocked,Medium,Email,55.4,27.6,Escalated,Yes,No,83.6,4,99.0
INT-04469,2025-02-09,Agent_01,General Inquiry,Medium,Chat,125.5,59.4,Resolved,No,No,82.0,4,93.3
INT-03359,2025-02-09,Agent_02,Refund Issue,Medium,Chat,106.5,41.6,Resolved,No,No,77.5,4,93.1
INT-04129,2025-02-09,Agent_09,Account Blocked,High,Email,156.0,41.4,Resolved,No,No,63.1,4,100.0
INT-04793,2025-02-09,Agent_19,Payment Issue,Medium,Chat,191.1,32.5,Resolved,Yes,No,88.5,5,94.0
INT-04967,2025-02-09,Agent_02,Login Issue,Medium,Chat,33.2,30.4,Resolved,Yes,No,82.3,5,86.5
INT-01602,2025-02-09,Agent_01,Delivery Delay,Low,Phone,76.0,41.7,In Progress,Yes,No,73.2,5,86.4
INT-00078,2025-02-09,Agent_15,General Inquiry,Medium,Chat,159.4,18.9,Resolved,No,No,92.5,4,94.7
INT-01134,2025-02-09,Agent_13,App Crash,Low,Phone,64.0,15.0,Resolved,Yes,No,92.4,5,94.2
INT-01007,2025-02-09,Agent_10,Payment Issue,High,Chat,100.3,42.1,Resolved,Yes,No,82.6,4,88.2
INT-01604,2025-02-09,Agent_10,Login Issue,Low,Chat,126.1,31.2,Resolved,No,No,78.3,4,85.3
INT-01920,2025-02-09,Agent_07,Product Defect,Medium,WhatsApp,36.4,29.3,Resolved,Yes,No,85.4,5,98.5
INT-04990,2025-02-09,Agent_07,Login Issue,Medium,Phone,89.7,30.0,In Progress,Yes,No,92.1,5,84.3
INT-02997,2025-02-09,Agent_19,App Crash,Low,WhatsApp,140.0,37.9,Escalated,Yes,No,92.5,5,93.1
INT-01362,2025-02-09,Agent_15,Refund Issue,Medium,Chat,113.9,38.4,Resolved,No,No,75.0,4,98.4
INT-01307,2025-02-09,Agent_09,Product Defect,Low,Phone,51.5,37.4,Resolved,Yes,No,74.5,4,94.5
INT-02455,2025-02-09,Agent_10,App Crash,High,WhatsApp,118.4,33.6,Resolved,Yes,No,85.3,4,95.0
INT-00929,2025-02-09,Agent_14,Refund Issue,Medium,WhatsApp,68.5,34.2,Escalated,Yes,Yes,72.8,3,90.9
INT-03394,2025-02-10,Agent_10,Login Issue,Medium,Email,41.7,15.7,Resolved,Yes,No,79.7,4,94.2
INT-03061,2025-02-10,Agent_05,General Inquiry,Low,Email,148.1,23.3,Resolved,Yes,No,84.6,4,84.3
INT-04114,2025-02-10,Agent_10,Account Blocked,Low,Email,90.9,27.5,Escalated,Yes,No,83.7,5,89.6
INT-03281,2025-02-10,Agent_07,Payment Issue,High,WhatsApp,81.5,80.7,Resolved,Yes,No,79.8,4,88.0
INT-04369,2025-02-10,Agent_07,General Inquiry,Medium,Phone,115.4,17.0,In Progress,Yes,No,79.7,4,92.4
INT-02975,2025-02-10,Agent_16,App Crash,Medium,Chat,120.5,33.5,Escalated,Yes,No,90.8,5,94.6
INT-01790,2025-02-10,Agent_20,Login Issue,High,WhatsApp,153.0,41.0,Escalated,No,No,76.5,3,91.6
INT-01854,2025-02-10,Agent_09,Delivery Delay,Critical,Phone,170.9,89.9,Escalated,Yes,Yes,69.3,4,83.8
INT-01937,2025-02-10,Agent_07,Account Blocked,High,Email,146.9,60.6,Escalated,Yes,Yes,67.0,3,87.1
INT-03168,2025-02-10,Agent_09,Payment Issue,Medium,Chat,54.3,35.8,Escalated,Yes,Yes,69.0,3,89.9
INT-04453,2025-02-10,Agent_12,Refund Issue,Critical,Phone,90.6,54.0,Resolved,No,No,77.2,4,90.5
INT-03786,2025-02-10,Agent_06,Product Defect,Low,Chat,86.6,17.7,Resolved,Yes,No,81.3,4,89.2
INT-02820,2025-02-10,Agent_16,General Inquiry,Low,Chat,98.1,21.3,Resolved,Yes,No,93.5,4,89.3
INT-01135,2025-02-10,Agent_05,General Inquiry,High,Chat,128.5,26.7,Resolved,Yes,No,88.0,5,87.5
INT-01833,2025-02-10,Agent_04,Login Issue,High,Email,94.4,31.9,Resolved,Yes,No,71.3,5,90.1
INT-04081,2025-02-10,Agent_18,Product Defect,High,Email,65.6,45.0,Escalated,Yes,No,87.0,5,90.0
INT-03288,2025-02-10,Agent_12,Product Defect,Low,Phone,155.2,27.9,Resolved,No,No,70.3,4,88.1
INT-00085,2025-02-10,Agent_09,App Crash,Medium,Chat,56.8,30.8,Resolved,Yes,No,81.8,5,91.9
INT-00686,2025-02-10,Agent_11,Payment Issue,Medium,Chat,90.8,23.0,Resolved,Yes,No,91.3,5,91.3
INT-03335,2025-02-10,Agent_18,General Inquiry,Medium,Email,146.3,28.1,In Progress,Yes,No,90.4,5,98.9
INT-01324,2025-02-10,Agent_07,Account Blocked,Critical,Chat,58.6,55.1,Resolved,No,No,69.3,5,89.3
INT-00105,2025-02-10,Agent_13,Payment Issue,Medium,WhatsApp,168.8,20.1,Resolved,Yes,No,79.3,4,91.4
INT-02251,2025-02-11,Agent_02,App Crash,High,Phone,132.2,48.1,In Progress,Yes,No,75.7,5,86.8
INT-03780,2025-02-11,Agent_05,App Crash,Medium,Chat,34.8,47.6,Resolved,Yes,No,76.0,5,90.3
INT-02504,2025-02-11,Agent_07,Product Defect,Medium,Chat,21.9,22.6,Resolved,Yes,No,76.2,4,88.2
INT-00902,2025-02-11,Agent_11,Product Defect,Medium,Phone,82.6,42.0,Escalated,Yes,No,74.7,4,95.2
INT-02364,2025-02-11,Agent_02,App Crash,Medium,Phone,124.0,96.0,Escalated,Yes,No,76.9,5,91.6
INT-01057,2025-02-11,Agent_10,Account Blocked,High,Phone,103.8,63.8,Escalated,Yes,No,65.0,4,92.9
INT-01388,2025-02-11,Agent_06,Delivery Delay,Medium,Phone,154.0,40.8,Resolved,Yes,No,79.1,5,93.9
INT-03491,2025-02-11,Agent_20,Product Defect,High,Phone,60.1,35.6,Escalated,Yes,No,92.2,5,93.1
INT-02506,2025-02-11,Agent_06,Delivery Delay,Critical,WhatsApp,114.9,96.0,Resolved,No,No,62.5,4,87.2
INT-01928,2025-02-11,Agent_06,Payment Issue,Medium,Phone,103.8,81.3,Escalated,Yes,Yes,67.7,4,85.0
INT-02182,2025-02-11,Agent_12,Login Issue,Critical,Phone,182.4,87.7,In Progress,No,No,63.2,4,88.3
INT-00580,2025-02-11,Agent_17,Login Issue,Low,Email,101.4,33.4,Resolved,Yes,No,85.7,5,97.3
INT-01029,2025-02-11,Agent_12,App Crash,High,WhatsApp,74.4,48.2,Resolved,No,No,73.2,4,91.9
INT-02261,2025-02-11,Agent_19,Payment Issue,High,Chat,130.9,42.7,Resolved,Yes,No,90.3,5,94.1
INT-00240,2025-02-11,Agent_02,General Inquiry,High,Email,79.3,34.7,In Progress,Yes,No,77.1,4,92.3
INT-02985,2025-02-11,Agent_02,Payment Issue,Low,Phone,163.1,78.5,Resolved,No,No,72.8,3,83.4
INT-03596,2025-02-11,Agent_16,General Inquiry,High,Phone,71.4,39.7,Resolved,No,No,83.2,5,91.3
INT-02959,2025-02-11,Agent_18,General Inquiry,High,Email,127.8,90.5,Resolved,Yes,No,83.9,4,93.8
INT-00131,2025-02-11,Agent_03,Login Issue,Low,Phone,50.1,93.6,Resolved,Yes,No,80.7,4,92.9
INT-01322,2025-02-11,Agent_07,App Crash,Low,Phone,30.1,17.4,In Progress,Yes,No,93.9,4,87.4
INT-03881,2025-02-12,Agent_12,Refund Issue,Critical,Phone,67.7,38.3,Resolved,Yes,No,80.9,4,85.7
INT-02010,2025-02-12,Agent_16,General Inquiry,Medium,Email,79.8,20.7,Resolved,Yes,No,91.7,5,90.7
INT-00799,2025-02-12,Agent_19,Account Blocked,Medium,Email,138.2,40.5,Resolved,Yes,No,87.0,4,93.4
INT-02898,2025-02-12,Agent_04,Refund Issue,Low,Chat,42.5,19.6,Resolved,Yes,No,88.1,5,89.7
INT-04466,2025-02-12,Agent_04,Delivery Delay,Low,Email,21.8,44.6,Escalated,Yes,No,82.8,4,85.3
INT-00502,2025-02-12,Agent_05,Product Defect,Low,WhatsApp,146.4,15.8,Resolved,Yes,No,77.4,4,87.9
INT-03264,2025-02-12,Agent_08,Account Blocked,Low,WhatsApp,39.2,41.8,Resolved,Yes,No,74.4,4,90.4
INT-04870,2025-02-12,Agent_04,App Crash,High,Phone,240.0,56.0,Escalated,No,Yes,56.8,3,88.7
INT-04965,2025-02-12,Agent_13,Account Blocked,High,Phone,181.8,73.6,Escalated,No,Yes,58.7,3,91.8
INT-04002,2025-02-12,Agent_06,General Inquiry,Medium,Chat,52.6,32.7,Resolved,Yes,No,93.3,5,87.7
INT-02540,2025-02-12,Agent_07,Refund Issue,Medium,WhatsApp,41.5,33.9,Resolved,Yes,No,90.8,5,94.0
INT-01099,2025-02-12,Agent_18,General Inquiry,High,Chat,129.4,32.0,Resolved,Yes,No,89.7,5,94.2
INT-04274,2025-02-12,Agent_20,App Crash,High,Phone,53.7,41.0,Resolved,Yes,No,89.4,5,88.0
INT-04451,2025-02-12,Agent_15,Delivery Delay,Medium,Chat,89.1,34.3,Resolved,Yes,No,96.3,5,86.8
INT-04985,2025-02-12,Agent_05,Account Blocked,High,Phone,45.5,35.6,Resolved,Yes,No,76.3,4,95.3
INT-02126,2025-02-12,Agent_07,Payment Issue,Medium,WhatsApp,78.9,56.7,Resolved,No,No,71.4,4,93.7
INT-04249,2025-02-12,Agent_12,Product Defect,Medium,Email,71.6,67.6,Resolved,No,No,77.3,4,96.0
INT-02426,2025-02-12,Agent_13,App Crash,Critical,Phone,86.0,54.6,Escalated,No,No,77.0,4,88.3
INT-00358,2025-02-12,Agent_02,General Inquiry,Medium,Phone,98.8,21.4,In Progress,No,No,74.7,4,89.9
INT-03500,2025-02-13,Agent_19,Refund Issue,High,Phone,105.9,76.8,Resolved,Yes,No,76.5,4,96.9
INT-00884,2025-02-13,Agent_20,Account Blocked,Medium,Chat,101.9,20.7,Resolved,Yes,No,93.4,4,100.0
INT-02844,2025-02-13,Agent_05,Delivery Delay,Medium,Email,54.3,56.9,Resolved,Yes,No,84.6,4,91.4
INT-00948,2025-02-13,Agent_07,General Inquiry,Medium,Phone,125.7,35.4,Resolved,Yes,No,81.6,4,83.0
INT-02287,2025-02-13,Agent_09,Account Blocked,Medium,Phone,173.3,39.5,Resolved,Yes,No,78.1,3,89.8
INT-04020,2025-02-13,Agent_15,Delivery Delay,Critical,Email,124.4,56.7,Resolved,Yes,No,77.3,4,90.2
INT-00072,2025-02-13,Agent_16,Delivery Delay,High,WhatsApp,141.6,35.5,Escalated,Yes,No,85.3,5,84.8
INT-01401,2025-02-13,Agent_08,Delivery Delay,Medium,Email,60.9,37.1,Escalated,Yes,No,79.8,4,92.7
INT-02957,2025-02-13,Agent_06,Refund Issue,Medium,Chat,20.2,39.9,Resolved,Yes,No,81.2,5,93.6
INT-02651,2025-02-13,Agent_14,Login Issue,High,Email,104.2,34.1,In Progress,Yes,No,81.2,5,95.0
INT-00157,2025-02-13,Agent_13,General Inquiry,High,WhatsApp,90.3,41.7,Resolved,No,No,77.2,4,89.8
INT-00503,2025-02-13,Agent_06,Refund Issue,Medium,Phone,56.5,20.0,Resolved,No,No,77.7,5,90.9
INT-04797,2025-02-13,Agent_03,Account Blocked,Medium,Chat,83.4,50.2,Resolved,Yes,No,86.1,5,93.4
INT-01986,2025-02-13,Agent_16,General Inquiry,Low,Phone,35.8,30.9,Escalated,Yes,Yes,95.8,5,84.2
INT-03829,2025-02-13,Agent_02,Payment Issue,Medium,Chat,27.9,36.3,Resolved,Yes,No,84.7,4,84.3
INT-01873,2025-02-13,Agent_09,Payment Issue,High,WhatsApp,93.7,25.5,In Progress,No,No,87.7,4,98.3
INT-02124,2025-02-13,Agent_14,Refund Issue,Low,Phone,87.2,23.5,Resolved,Yes,No,89.7,5,90.6
INT-00645,2025-02-13,Agent_02,Login Issue,High,Chat,73.1,30.2,Escalated,Yes,No,80.7,5,87.8
INT-02303,2025-02-13,Agent_09,Delivery Delay,Medium,Chat,193.8,28.6,Resolved,No,No,66.4,4,90.9
INT-04765,2025-02-13,Agent_12,Product Defect,Low,Email,81.8,21.7,Resolved,Yes,No,94.5,4,88.9
INT-01782,2025-02-14,Agent_07,Payment Issue,High,Phone,178.8,56.9,Resolved,Yes,No,69.5,3,91.2
INT-03297,2025-02-14,Agent_03,Refund Issue,High,Phone,73.1,41.7,In Progress,No,No,75.1,5,91.0
INT-03367,2025-02-14,Agent_07,Refund Issue,Medium,Phone,175.1,38.9,Escalated,No,No,67.6,3,94.2
INT-01628,2025-02-14,Agent_09,Delivery Delay,Medium,WhatsApp,78.8,66.8,Resolved,Yes,No,74.0,4,87.0
INT-03647,2025-02-14,Agent_14,Login Issue,Low,Email,62.5,20.6,Escalated,Yes,No,93.0,5,95.4
INT-04999,2025-02-14,Agent_10,App Crash,Medium,Phone,102.0,46.6,In Progress,Yes,No,79.8,4,91.4
INT-01452,2025-02-14,Agent_08,Login Issue,High,Email,115.1,31.2,In Progress,No,No,73.3,4,91.0
INT-04725,2025-02-14,Agent_05,Payment Issue,Low,Chat,62.9,26.4,Resolved,Yes,No,81.4,5,90.2
INT-04604,2025-02-14,Agent_16,Account Blocked,High,Chat,100.4,50.7,In Progress,Yes,No,89.3,5,97.0
INT-03889,2025-02-14,Agent_11,Delivery Delay,Medium,Email,119.2,50.2,Resolved,Yes,No,80.7,5,96.3
INT-03445,2025-02-14,Agent_15,Product Defect,Medium,WhatsApp,70.9,39.2,In Progress,No,No,71.5,4,100.0
INT-01596,2025-02-14,Agent_19,Refund Issue,Low,Chat,73.5,30.3,Escalated,Yes,No,90.7,5,92.0
INT-00151,2025-02-14,Agent_01,App Crash,Low,Phone,155.1,31.2,Escalated,No,No,73.4,3,84.3
INT-02024,2025-02-14,Agent_15,Refund Issue,High,Email,149.9,89.5,Escalated,No,No,72.0,4,94.8
INT-02846,2025-02-14,Agent_13,App Crash,Medium,Chat,56.7,42.6,Resolved,Yes,No,93.1,5,89.6
INT-04411,2025-02-14,Agent_19,General Inquiry,Low,Phone,13.2,44.2,Resolved,Yes,No,100.0,5,92.5
INT-03201,2025-02-14,Agent_09,Delivery Delay,Low,Email,43.6,19.6,Resolved,Yes,No,80.0,5,92.8
INT-00612,2025-02-14,Agent_18,Payment Issue,Critical,Chat,80.8,60.7,Resolved,Yes,No,85.9,5,91.7
INT-03921,2025-02-14,Agent_02,Account Blocked,Critical,Email,100.7,53.5,Resolved,No,No,68.6,4,89.4
INT-00088,2025-02-14,Agent_18,App Crash,Medium,Phone,188.7,79.9,Resolved,No,No,70.9,4,83.8
INT-02768,2025-02-14,Agent_02,General Inquiry,Low,Chat,53.0,89.4,Escalated,No,Yes,64.3,3,83.7
INT-01862,2025-02-14,Agent_08,Payment Issue,Medium,Phone,97.8,29.8,Escalated,Yes,No,78.3,4,85.9
INT-00837,2025-02-14,Agent_05,App Crash,Low,Email,135.4,41.0,Escalated,Yes,No,85.7,4,92.9
INT-03307,2025-02-14,Agent_06,App Crash,Low,Chat,130.5,30.3,Resolved,Yes,No,88.6,4,91.1
INT-01955,2025-02-14,Agent_01,Payment Issue,Low,Email,78.1,19.5,Resolved,Yes,No,74.9,4,95.3
INT-01619,2025-02-14,Agent_07,App Crash,Medium,Email,41.3,35.0,Resolved,Yes,No,84.3,5,94.8
INT-03261,2025-02-15,Agent_19,Refund Issue,Medium,Phone,90.5,43.5,Resolved,Yes,No,96.9,5,98.9
INT-01349,2025-02-15,Agent_04,App Crash,Medium,Email,71.4,52.6,Escalated,Yes,No,81.1,4,93.5
INT-04119,2025-02-15,Agent_10,General Inquiry,High,WhatsApp,88.5,19.6,Resolved,Yes,No,83.6,5,92.4
INT-02130,2025-02-15,Agent_17,App Crash,Medium,Email,87.6,96.0,In Progress,No,No,80.3,5,92.5
INT-03959,2025-02-15,Agent_11,Login Issue,High,WhatsApp,134.2,27.6,Resolved,No,No,72.9,4,96.0
INT-04565,2025-02-15,Agent_06,Delivery Delay,Critical,Email,74.1,49.1,Resolved,Yes,No,77.6,5,83.3
INT-01647,2025-02-15,Agent_02,Refund Issue,High,Phone,129.4,43.6,Resolved,Yes,No,77.0,5,87.9
INT-03296,2025-02-15,Agent_19,Refund Issue,High,Email,149.7,53.5,Resolved,Yes,No,89.1,5,99.5
INT-00321,2025-02-15,Agent_11,App Crash,Critical,Phone,59.3,70.8,Resolved,Yes,No,77.6,5,88.7
INT-00833,2025-02-15,Agent_19,Login Issue,High,Email,123.3,80.0,Resolved,Yes,No,87.6,4,99.1
INT-03953,2025-02-15,Agent_14,Login Issue,High,Phone,119.6,34.1,Resolved,Yes,No,76.8,4,99.0
INT-04600,2025-02-15,Agent_08,App Crash,Low,Email,89.6,50.3,Escalated,Yes,No,80.5,5,89.8
INT-00508,2025-02-15,Agent_11,Product Defect,Low,Chat,112.1,29.1,In Progress,Yes,No,85.7,4,97.6
INT-02632,2025-02-15,Agent_08,App Crash,Medium,WhatsApp,19.4,33.9,Resolved,Yes,No,76.7,4,89.4
INT-01756,2025-02-15,Agent_01,Refund Issue,High,Phone,57.8,48.8,Resolved,Yes,No,75.4,5,90.2
INT-01482,2025-02-15,Agent_07,Delivery Delay,Medium,Chat,105.1,28.5,Escalated,Yes,Yes,73.0,3,89.7
INT-01111,2025-02-15,Agent_11,Refund Issue,Low,Phone,53.3,41.9,Resolved,Yes,No,88.8,4,87.9
INT-03014,2025-02-15,Agent_02,Delivery Delay,Critical,Phone,59.1,56.1,Resolved,No,No,63.7,4,82.1
INT-00692,2025-02-15,Agent_03,General Inquiry,Critical,Email,134.9,55.7,Resolved,Yes,No,75.5,4,82.3
INT-02257,2025-02-15,Agent_09,Product Defect,High,Phone,47.4,51.9,Resolved,No,No,73.4,4,92.1
INT-04422,2025-02-15,Agent_12,General Inquiry,Medium,Chat,116.6,27.9,Resolved,Yes,No,91.4,5,84.3
INT-02054,2025-02-15,Agent_01,General Inquiry,High,Phone,158.8,50.4,In Progress,Yes,No,76.3,4,91.6
INT-01260,2025-02-15,Agent_16,Payment Issue,Low,Email,53.2,12.8,Escalated,Yes,No,98.7,5,95.6
INT-01794,2025-02-15,Agent_11,Account Blocked,High,Email,68.2,61.5,Resolved,Yes,No,80.9,5,100.0
INT-03116,2025-02-15,Agent_16,Account Blocked,Medium,Email,45.6,59.0,Resolved,Yes,No,87.5,5,97.1
INT-03543,2025-02-15,Agent_08,Payment Issue,High,Phone,109.6,48.3,Resolved,No,No,67.9,4,89.9
INT-00329,2025-02-15,Agent_03,Refund Issue,Critical,Phone,126.1,92.9,Escalated,No,Yes,49.1,3,82.2
INT-04851,2025-02-15,Agent_14,Login Issue,Low,Email,97.2,57.3,Resolved,No,No,83.6,4,90.1
INT-02798,2025-02-15,Agent_05,General Inquiry,Medium,Email,104.3,17.5,Resolved,Yes,No,77.4,4,90.9
INT-02684,2025-02-15,Agent_01,Delivery Delay,Low,Email,69.1,34.2,In Progress,Yes,No,84.2,4,88.0
INT-01139,2025-02-15,Agent_18,Login Issue,Medium,Chat,93.6,46.6,Escalated,Yes,Yes,81.3,4,95.2
INT-01518,2025-02-15,Agent_04,Delivery Delay,Medium,Email,59.3,41.5,Resolved,Yes,No,85.1,5,89.2
INT-03103,2025-02-15,Agent_05,Login Issue,Medium,Chat,154.3,20.6,Resolved,Yes,No,77.2,5,87.2
INT-03833,2025-02-15,Agent_14,Product Defect,Medium,WhatsApp,72.5,45.3,Resolved,Yes,No,87.2,5,91.8
INT-01281,2025-02-16,Agent_09,Login Issue,High,Phone,112.3,81.4,Resolved,Yes,No,75.9,4,97.0
INT-02773,2025-02-16,Agent_01,Payment Issue,Medium,Chat,100.1,34.1,Resolved,Yes,No,79.7,4,96.4
INT-03935,2025-02-16,Agent_02,Refund Issue,Medium,Phone,133.2,45.7,Escalated,No,Yes,61.9,3,85.1
INT-01716,2025-02-16,Agent_08,Refund Issue,Medium,WhatsApp,109.1,28.7,Escalated,No,No,73.7,4,85.5
INT-00458,2025-02-16,Agent_02,General Inquiry,High,Email,140.7,32.0,Escalated,No,Yes,62.6,3,88.0
INT-03208,2025-02-16,Agent_01,General Inquiry,High,Chat,87.1,43.6,Resolved,Yes,No,80.7,5,91.1
INT-04319,2025-02-16,Agent_16,General Inquiry,Medium,Phone,125.9,20.6,Resolved,No,No,87.3,4,100.0
INT-02138,2025-02-16,Agent_15,General Inquiry,High,Email,119.1,45.2,Resolved,Yes,No,92.4,5,93.9
INT-03830,2025-02-16,Agent_15,Login Issue,High,Phone,60.3,52.7,Resolved,Yes,No,84.2,4,100.0
INT-00857,2025-02-16,Agent_19,Delivery Delay,High,Email,49.7,59.9,Resolved,Yes,No,87.9,5,95.1
INT-00762,2025-02-16,Agent_18,Delivery Delay,Critical,Chat,100.9,49.1,Resolved,No,No,76.4,4,94.8
INT-03086,2025-02-16,Agent_20,Account Blocked,Low,WhatsApp,37.8,9.9,Resolved,Yes,No,98.9,5,96.2
INT-03415,2025-02-16,Agent_19,Account Blocked,Medium,Chat,112.8,27.7,Escalated,Yes,No,94.1,5,87.5
INT-01407,2025-02-16,Agent_07,Login Issue,Medium,Email,33.7,36.7,Resolved,No,No,77.9,5,87.9
INT-03536,2025-02-16,Agent_01,General Inquiry,Critical,Chat,152.0,53.0,Resolved,No,No,68.9,3,84.3
INT-04462,2025-02-16,Agent_10,App Crash,Medium,Email,101.5,26.1,Resolved,Yes,No,79.4,4,93.3
INT-04546,2025-02-16,Agent_03,Payment Issue,Low,Phone,133.8,31.8,Resolved,Yes,No,82.2,5,84.6
INT-02765,2025-02-16,Agent_14,Login Issue,Medium,Email,121.2,29.5,Resolved,No,No,83.7,4,89.9
INT-04179,2025-02-16,Agent_04,Refund Issue,Low,Chat,73.4,28.7,Escalated,Yes,No,77.9,4,87.4
INT-01109,2025-02-16,Agent_15,App Crash,High,Chat,57.5,81.3,Resolved,Yes,No,86.1,5,98.0
INT-04100,2025-02-16,Agent_01,Account Blocked,Medium,WhatsApp,108.8,31.8,Resolved,Yes,No,78.2,5,87.2
INT-04626,2025-02-16,Agent_19,App Crash,Medium,Phone,82.9,24.2,Resolved,Yes,No,93.5,5,93.0
INT-00697,2025-02-16,Agent_02,Product Defect,Low,Phone,64.7,35.1,Escalated,Yes,No,84.7,4,88.2
INT-02307,2025-02-16,Agent_13,General Inquiry,High,Chat,137.0,50.2,Escalated,Yes,Yes,90.7,4,94.1
INT-02193,2025-02-16,Agent_10,Payment Issue,Critical,Chat,88.1,54.4,Resolved,No,No,73.1,4,91.1
INT-01080,2025-02-16,Agent_09,Payment Issue,Medium,Phone,61.5,59.9,Resolved,Yes,No,81.0,5,91.4
INT-04162,2025-02-16,Agent_15,Account Blocked,Low,Email,58.3,20.1,Resolved,Yes,No,92.7,5,87.7
INT-02775,2025-02-16,Agent_07,General Inquiry,Medium,Chat,133.2,25.3,Resolved,Yes,No,90.8,5,91.9
INT-01424,2025-02-16,Agent_05,General Inquiry,Low,Phone,240.0,6.4,Resolved,No,No,73.5,3,93.0
INT-00410,2025-02-16,Agent_14,Payment Issue,Low,Chat,158.5,39.6,Resolved,Yes,No,89.6,4,99.3
INT-03788,2025-02-16,Agent_10,Account Blocked,High,Phone,117.6,41.2,Resolved,No,No,86.1,5,92.8
INT-01088,2025-02-16,Agent_09,Login Issue,High,Email,96.7,37.3,In Progress,No,No,75.0,5,94.7
INT-00841,2025-02-16,Agent_13,Login Issue,High,Phone,108.2,47.0,Resolved,Yes,No,84.0,5,97.1
INT-01957,2025-02-16,Agent_18,Account Blocked,Medium,Email,54.3,33.7,Resolved,Yes,No,89.6,4,100.0
INT-02049,2025-02-16,Agent_10,Payment Issue,Medium,Phone,41.2,37.8,Resolved,Yes,No,82.4,4,92.2
INT-01544,2025-02-16,Agent_08,General Inquiry,Low,Phone,54.1,16.5,Resolved,Yes,No,91.1,5,94.6
INT-03605,2025-02-16,Agent_19,Account Blocked,Low,Chat,22.1,37.2,In Progress,Yes,No,94.3,5,94.0
INT-00958,2025-02-16,Agent_17,Product Defect,Medium,Phone,95.6,51.0,Escalated,Yes,No,86.2,5,99.1
INT-00658,2025-02-16,Agent_10,General Inquiry,Medium,Email,73.3,51.8,Resolved,Yes,No,85.9,4,99.6
INT-02981,2025-02-16,Agent_10,Login Issue,Medium,Email,94.6,27.2,Resolved,Yes,No,86.6,5,93.9
INT-00650,2025-02-16,Agent_07,App Crash,Critical,WhatsApp,166.4,62.6,Escalated,No,Yes,58.5,3,81.8
INT-03096,2025-02-16,Agent_13,General Inquiry,Medium,Chat,59.4,46.6,Escalated,Yes,No,79.7,5,92.3
INT-00076,2025-02-17,Agent_08,General Inquiry,Low,Email,41.7,13.8,Escalated,Yes,No,95.8,5,86.9
INT-00313,2025-02-17,Agent_15,Login Issue,Low,Email,51.0,15.1,Resolved,Yes,No,84.9,5,92.2
INT-04711,2025-02-17,Agent_15,Refund Issue,Medium,Email,146.6,17.9,Resolved,Yes,No,85.1,4,91.4
INT-00250,2025-02-17,Agent_20,App Crash,Medium,WhatsApp,54.8,69.8,In Progress,Yes,No,82.7,5,84.4
INT-00288,2025-02-17,Agent_03,Account Blocked,Low,Chat,100.2,14.7,In Progress,Yes,No,79.7,4,88.0
INT-04386,2025-02-17,Agent_09,Payment Issue,Medium,Phone,70.1,65.6,Escalated,Yes,Yes,70.8,3,83.4
INT-02061,2025-02-17,Agent_02,Refund Issue,Low,Phone,108.7,28.1,Resolved,Yes,No,81.0,4,92.5
INT-03783,2025-02-17,Agent_01,Account Blocked,Medium,Phone,50.5,49.8,Escalated,No,No,69.6,4,90.8
INT-03979,2025-02-17,Agent_07,General Inquiry,High,Email,123.9,43.3,Resolved,No,No,72.5,4,86.7
INT-03191,2025-02-17,Agent_17,Product Defect,Low,Phone,22.4,23.3,Resolved,Yes,No,88.3,5,98.5
INT-00257,2025-02-17,Agent_14,General Inquiry,Medium,Phone,69.2,19.2,Resolved,Yes,No,90.0,5,94.3
INT-00847,2025-02-17,Agent_19,Delivery Delay,Low,Chat,100.2,30.0,Resolved,Yes,No,93.9,5,99.2
INT-02115,2025-02-17,Agent_20,Product Defect,High,WhatsApp,100.9,65.6,Escalated,Yes,No,85.6,5,90.6
INT-02122,2025-02-17,Agent_16,App Crash,Low,WhatsApp,137.9,23.3,Resolved,Yes,No,87.1,4,94.2
INT-04913,2025-02-17,Agent_16,Product Defect,High,Email,97.4,63.8,In Progress,Yes,No,72.3,4,95.1
INT-01615,2025-02-17,Agent_04,Product Defect,Medium,WhatsApp,74.0,27.8,Resolved,Yes,No,77.4,5,94.9
INT-03550,2025-02-17,Agent_12,Payment Issue,Critical,WhatsApp,136.3,75.4,Resolved,No,No,71.7,4,89.0
INT-03399,2025-02-17,Agent_18,Delivery Delay,Low,Email,73.9,29.2,In Progress,Yes,No,100.0,5,97.2
INT-03571,2025-02-17,Agent_11,Payment Issue,High,WhatsApp,107.6,85.1,Escalated,Yes,Yes,66.3,3,88.0
INT-04753,2025-02-17,Agent_14,Delivery Delay,Low,Phone,90.7,28.2,Resolved,Yes,No,92.5,5,91.6
INT-04885,2025-02-17,Agent_05,Delivery Delay,Medium,Chat,42.0,54.2,Resolved,No,No,72.1,4,96.1
INT-00443,2025-02-17,Agent_04,App Crash,Medium,Phone,78.1,26.0,Escalated,Yes,No,79.7,5,84.1
INT-02517,2025-02-17,Agent_06,General Inquiry,High,Phone,166.1,47.8,Resolved,Yes,No,80.1,4,84.8
INT-04401,2025-02-17,Agent_13,Delivery Delay,High,Chat,58.8,45.5,Resolved,No,No,83.1,4,87.2
INT-00112,2025-02-17,Agent_14,Payment Issue,Low,Email,182.6,45.3,Resolved,No,No,82.8,4,96.0
INT-04479,2025-02-17,Agent_19,General Inquiry,High,Phone,137.4,47.7,Resolved,Yes,No,82.7,4,95.1
INT-04197,2025-02-17,Agent_15,Account Blocked,Medium,Email,119.1,31.4,Resolved,Yes,No,86.8,4,94.1
INT-04651,2025-02-17,Agent_17,Login Issue,Medium,WhatsApp,42.1,52.0,Resolved,Yes,No,93.0,5,90.6
INT-01508,2025-02-18,Agent_01,General Inquiry,Medium,WhatsApp,29.2,25.8,Escalated,Yes,Yes,80.1,4,85.0
INT-04720,2025-02-18,Agent_08,Delivery Delay,Low,Phone,99.0,35.9,Resolved,Yes,No,86.2,4,94.1
INT-03930,2025-02-18,Agent_11,Login Issue,Medium,Email,92.4,22.2,Resolved,Yes,No,83.0,5,95.3
INT-00317,2025-02-18,Agent_14,Delivery Delay,Medium,WhatsApp,177.6,37.0,Resolved,Yes,No,88.5,5,89.8
INT-03370,2025-02-18,Agent_18,Delivery Delay,Medium,Phone,39.3,21.2,Resolved,Yes,No,95.5,5,93.2
INT-02931,2025-02-18,Agent_07,General Inquiry,Critical,WhatsApp,83.7,52.6,Resolved,Yes,No,82.9,4,92.0
INT-02276,2025-02-18,Agent_07,Payment Issue,Medium,Email,138.9,26.8,Escalated,Yes,No,87.0,5,88.4
INT-04414,2025-02-18,Agent_04,Product Defect,Low,Phone,146.3,22.3,Resolved,Yes,No,76.0,4,91.1
INT-01823,2025-02-18,Agent_02,Account Blocked,High,Chat,51.0,38.0,Resolved,Yes,No,77.5,4,89.1
INT-04747,2025-02-18,Agent_11,Product Defect,High,Email,102.0,87.0,In Progress,Yes,No,80.1,5,100.0
INT-00659,2025-02-18,Agent_02,General Inquiry,Medium,Chat,143.8,30.7,Resolved,Yes,No,78.5,4,92.4
INT-03718,2025-02-18,Agent_20,Payment Issue,Medium,Chat,158.0,46.0,Resolved,Yes,No,93.4,5,98.5
INT-02228,2025-02-18,Agent_20,Product Defect,High,Phone,118.6,53.1,Resolved,Yes,No,91.3,5,93.6
INT-02101,2025-02-18,Agent_18,Refund Issue,Low,Email,53.3,37.0,Resolved,Yes,No,94.7,5,93.2
INT-01188,2025-02-18,Agent_19,Product Defect,High,Phone,123.0,68.8,Resolved,Yes,No,75.4,4,91.4
INT-04665,2025-02-18,Agent_16,Delivery Delay,High,Phone,80.3,52.4,Escalated,Yes,No,79.4,4,98.6
INT-00029,2025-02-18,Agent_10,Login Issue,High,Chat,126.9,46.6,Resolved,Yes,No,79.0,4,92.4
INT-01198,2025-02-18,Agent_12,App Crash,Low,WhatsApp,37.3,28.2,Resolved,Yes,No,94.8,5,100.0
INT-01984,2025-02-18,Agent_05,Payment Issue,Medium,Chat,112.5,34.9,In Progress,Yes,No,92.1,4,88.3
INT-03424,2025-02-18,Agent_09,Refund Issue,High,Email,57.1,29.0,Resolved,Yes,No,80.0,4,99.3
INT-01208,2025-02-18,Agent_20,App Crash,Medium,Chat,47.8,29.7,Resolved,Yes,No,91.2,5,93.0
INT-01402,2025-02-18,Agent_04,Product Defect,Critical,Phone,103.3,46.6,Resolved,Yes,No,77.1,4,78.5
INT-02877,2025-02-18,Agent_10,General Inquiry,Medium,Phone,44.4,52.9,Escalated,Yes,Yes,81.9,4,89.6
INT-03260,2025-02-18,Agent_06,App Crash,Low,Phone,88.7,46.9,Escalated,Yes,No,85.9,5,86.9
INT-02363,2025-02-18,Agent_18,Delivery Delay,Medium,Chat,48.5,49.5,Resolved,Yes,No,82.7,5,97.1
INT-02804,2025-02-18,Agent_04,App Crash,High,Email,115.1,28.9,Resolved,No,No,68.5,4,95.6
INT-03280,2025-02-18,Agent_11,Refund Issue,High,Phone,68.9,50.3,Resolved,No,No,82.4,5,95.1
INT-04234,2025-02-18,Agent_03,Payment Issue,Low,WhatsApp,75.1,19.0,Resolved,Yes,No,82.6,5,93.4
INT-01889,2025-02-18,Agent_05,Payment Issue,Medium,Phone,147.4,36.8,Resolved,Yes,No,79.2,5,88.0
INT-03824,2025-02-18,Agent_20,General Inquiry,Low,Chat,30.5,23.6,Resolved,Yes,No,90.8,5,94.2
INT-02744,2025-02-18,Agent_05,Account Blocked,Medium,Chat,98.1,38.9,Resolved,Yes,No,77.1,4,87.1
INT-00995,2025-02-18,Agent_01,Login Issue,Low,Chat,53.0,16.5,In Progress,Yes,No,72.8,4,91.3
INT-02211,2025-02-18,Agent_04,Delivery Delay,Low,Phone,72.9,26.8,Escalated,Yes,No,79.7,4,85.2
INT-04668,2025-02-18,Agent_18,App Crash,Critical,WhatsApp,51.1,64.3,Escalated,No,No,86.3,4,92.2
INT-03481,2025-02-18,Agent_08,Delivery Delay,High,Email,31.3,29.8,Resolved,Yes,No,75.5,5,86.8
INT-00393,2025-02-18,Agent_13,App Crash,Medium,Phone,72.9,44.3,In Progress,Yes,No,84.0,4,87.4
INT-02575,2025-02-18,Agent_06,Account Blocked,Low,WhatsApp,82.1,24.3,Resolved,Yes,No,73.0,5,89.7
INT-03727,2025-02-19,Agent_12,Product Defect,High,WhatsApp,64.9,77.6,Resolved,No,No,72.3,4,91.1
INT-03452,2025-02-19,Agent_11,Product Defect,Medium,Phone,146.3,40.8,Resolved,Yes,No,79.3,4,94.9
INT-02216,2025-02-19,Agent_01,Account Blocked,Medium,Phone,101.3,25.8,In Progress,Yes,No,76.7,4,92.4
INT-04170,2025-02-19,Agent_10,App Crash,High,Chat,151.6,40.7,Resolved,No,No,71.2,4,89.9
INT-01900,2025-02-19,Agent_12,App Crash,Low,WhatsApp,173.3,25.8,Resolved,Yes,No,88.3,4,94.1
INT-00364,2025-02-19,Agent_15,Product Defect,Medium,Chat,93.0,46.6,Resolved,No,No,69.8,5,100.0
INT-02786,2025-02-19,Agent_04,Account Blocked,Critical,Chat,94.3,45.8,Resolved,Yes,No,76.2,4,90.6
INT-02285,2025-02-19,Agent_12,General Inquiry,Medium,Chat,91.3,43.4,Resolved,No,No,84.8,5,85.5
INT-01676,2025-02-19,Agent_01,App Crash,Medium,Chat,164.6,58.7,Escalated,Yes,Yes,66.3,3,79.7
INT-03188,2025-02-19,Agent_08,Account Blocked,Critical,Phone,99.5,75.9,Resolved,No,No,65.0,4,81.3
INT-02647,2025-02-19,Agent_07,Delivery Delay,Low,Email,70.8,51.5,In Progress,Yes,No,86.6,5,89.4
INT-02012,2025-02-19,Agent_09,Account Blocked,High,Chat,75.6,27.7,Resolved,Yes,No,73.3,5,93.6
INT-03970,2025-02-19,Agent_12,Refund Issue,Low,Phone,112.9,61.1,Resolved,No,No,81.1,4,85.5
INT-00772,2025-02-19,Agent_07,General Inquiry,High,Phone,92.2,31.0,Escalated,Yes,No,82.6,5,87.3
INT-04924,2025-02-19,Agent_15,Payment Issue,High,Chat,155.0,70.1,Resolved,No,No,70.7,4,95.4
INT-04315,2025-02-19,Agent_12,Login Issue,High,Phone,111.3,26.0,Resolved,Yes,No,87.7,5,95.7
INT-01746,2025-02-19,Agent_14,Account Blocked,Medium,Email,44.9,31.7,Resolved,Yes,No,92.1,5,95.1
INT-00755,2025-02-19,Agent_14,Login Issue,Critical,Email,63.9,48.1,Resolved,Yes,No,84.5,4,92.4
INT-00062,2025-02-19,Agent_03,Delivery Delay,Low,WhatsApp,91.9,31.1,Resolved,No,No,67.9,4,76.1
INT-03749,2025-02-20,Agent_04,Refund Issue,Medium,Phone,44.1,37.4,Resolved,Yes,No,81.6,5,87.5
INT-04921,2025-02-20,Agent_06,General Inquiry,High,WhatsApp,158.0,24.0,Resolved,No,No,67.7,4,95.8
INT-00819,2025-02-20,Agent_16,Account Blocked,Critical,Phone,87.2,75.5,Resolved,Yes,No,77.1,4,90.4
INT-03885,2025-02-20,Agent_10,Login Issue,Low,Phone,83.0,32.3,Resolved,Yes,No,88.9,5,90.5
INT-03344,2025-02-20,Agent_03,Login Issue,Medium,Chat,106.3,30.0,In Progress,Yes,No,79.2,5,90.2
INT-00034,2025-02-20,Agent_03,Delivery Delay,Medium,Chat,167.8,34.8,In Progress,No,No,64.4,4,94.8
INT-01354,2025-02-20,Agent_17,Product Defect,Medium,Email,111.2,25.0,Resolved,Yes,No,96.2,5,96.1
INT-00174,2025-02-20,Agent_18,Product Defect,Low,Phone,44.9,35.6,In Progress,Yes,No,92.8,5,95.0
INT-01249,2025-02-20,Agent_02,Payment Issue,High,Phone,85.3,38.1,Resolved,Yes,No,84.2,5,91.0
INT-00385,2025-02-20,Agent_13,App Crash,High,Chat,41.6,45.0,In Progress,Yes,No,72.4,4,99.0
INT-03217,2025-02-20,Agent_07,App Crash,Medium,Phone,54.8,55.0,Resolved,Yes,No,90.5,5,87.7
INT-04206,2025-02-20,Agent_13,Payment Issue,Medium,Chat,81.0,35.0,In Progress,Yes,No,83.9,5,91.9
INT-02144,2025-02-20,Agent_17,Login Issue,Medium,Email,91.8,30.0,Resolved,Yes,No,88.6,5,100.0
INT-03451,2025-02-20,Agent_01,Payment Issue,Medium,Chat,98.8,27.5,Resolved,No,No,69.1,5,93.0
INT-03285,2025-02-20,Agent_19,Delivery Delay,High,Phone,143.2,75.8,Resolved,No,No,68.8,4,93.7
INT-00784,2025-02-20,Agent_17,Login Issue,Medium,Chat,30.5,26.8,Resolved,Yes,No,95.9,5,92.6
INT-00303,2025-02-20,Agent_16,Delivery Delay,Medium,Phone,43.4,30.6,Resolved,Yes,No,87.8,5,100.0
INT-01132,2025-02-20,Agent_07,Login Issue,High,Chat,57.3,58.9,In Progress,Yes,No,79.5,5,92.0
INT-00740,2025-02-20,Agent_05,Refund Issue,Low,Email,49.2,27.3,Resolved,No,No,80.6,5,95.7
INT-02558,2025-02-20,Agent_03,Payment Issue,Low,Chat,50.5,40.7,Escalated,Yes,No,79.0,4,96.8
INT-02969,2025-02-20,Agent_06,Payment Issue,Low,Phone,51.7,41.6,Escalated,Yes,No,87.5,5,92.8
INT-01872,2025-02-20,Agent_02,Account Blocked,High,Phone,58.9,36.6,Resolved,Yes,No,73.7,4,86.2
INT-03062,2025-02-20,Agent_09,Account Blocked,Medium,Email,71.2,31.0,Resolved,Yes,No,81.8,5,94.7
INT-03495,2025-02-20,Agent_17,General Inquiry,High,Chat,86.0,41.7,Resolved,Yes,No,95.9,5,93.2
INT-00039,2025-02-20,Agent_12,Product Defect,Medium,Chat,98.2,45.0,Resolved,Yes,No,85.7,4,94.5
INT-02794,2025-02-20,Agent_10,Account Blocked,Medium,Phone,122.3,29.3,Resolved,Yes,No,87.1,5,90.3
INT-03340,2025-02-20,Agent_07,App Crash,Medium,WhatsApp,98.9,48.5,Escalated,Yes,No,81.1,5,93.7
INT-00228,2025-02-21,Agent_19,Account Blocked,Medium,WhatsApp,142.0,39.1,Resolved,Yes,No,92.1,5,87.8
INT-03552,2025-02-21,Agent_02,Refund Issue,Medium,Chat,48.2,68.2,Resolved,Yes,No,68.7,3,82.8
INT-03163,2025-02-21,Agent_14,Delivery Delay,Low,Phone,62.6,24.7,Resolved,Yes,No,85.0,5,100.0
INT-03693,2025-02-21,Agent_03,General Inquiry,Medium,Phone,70.6,38.2,Resolved,Yes,No,86.4,4,93.5
INT-00414,2025-02-21,Agent_15,Product Defect,High,Chat,86.4,37.5,Resolved,Yes,No,79.7,5,89.6
INT-04561,2025-02-21,Agent_14,Login Issue,Medium,WhatsApp,129.7,47.2,Resolved,Yes,No,86.2,5,94.3
INT-01524,2025-02-21,Agent_17,Payment Issue,Medium,Chat,70.1,19.2,Resolved,No,No,97.8,5,96.9
INT-02154,2025-02-21,Agent_17,Delivery Delay,High,Phone,140.4,46.2,Resolved,Yes,No,84.6,4,94.0
INT-00184,2025-02-21,Agent_20,Payment Issue,Low,Email,108.1,25.1,Resolved,Yes,No,98.5,4,98.8
INT-04230,2025-02-21,Agent_03,General Inquiry,Low,Chat,128.7,7.0,Escalated,Yes,No,75.9,5,97.6
INT-00562,2025-02-21,Agent_15,General Inquiry,Medium,Email,97.1,39.3,Resolved,Yes,No,95.8,5,93.2
INT-02494,2025-02-21,Agent_15,Product Defect,Medium,Chat,156.0,52.6,Resolved,Yes,No,75.3,4,88.7
INT-02461,2025-02-21,Agent_03,Login Issue,Medium,Phone,218.0,27.5,Resolved,Yes,No,79.2,4,93.9
INT-03932,2025-02-21,Agent_02,Login Issue,Medium,Phone,48.8,55.9,In Progress,Yes,No,79.5,5,89.6
INT-02460,2025-02-21,Agent_03,Account Blocked,High,WhatsApp,52.8,77.1,Escalated,Yes,Yes,56.8,3,86.0
INT-03942,2025-02-21,Agent_01,Delivery Delay,Low,Phone,14.9,71.3,Escalated,Yes,No,84.4,5,86.1
INT-02025,2025-02-21,Agent_10,Account Blocked,Medium,Email,140.5,36.7,Resolved,Yes,No,81.8,5,93.9
INT-02498,2025-02-21,Agent_17,Delivery Delay,Low,Chat,114.7,26.4,Escalated,Yes,No,88.8,5,97.2
INT-00136,2025-02-21,Agent_09,Delivery Delay,Low,Phone,26.0,20.3,In Progress,Yes,No,84.2,4,91.5
INT-03213,2025-02-21,Agent_15,Delivery Delay,Medium,Chat,61.0,54.0,Resolved,Yes,No,76.8,4,96.2
INT-00779,2025-02-21,Agent_14,App Crash,Critical,Phone,56.7,58.8,In Progress,Yes,No,80.7,4,86.1
INT-04670,2025-02-22,Agent_06,Delivery Delay,Low,WhatsApp,88.1,24.4,Escalated,Yes,No,68.4,4,87.1
INT-03166,2025-02-22,Agent_08,Payment Issue,Low,Chat,34.6,33.4,In Progress,Yes,No,89.0,5,93.6
INT-00018,2025-02-22,Agent_19,Login Issue,Medium,Email,84.8,26.2,Resolved,Yes,No,100.0,5,96.1
INT-01741,2025-02-22,Agent_15,General Inquiry,Medium,Phone,80.7,29.6,Resolved,Yes,No,93.4,5,91.9
INT-00573,2025-02-22,Agent_15,Refund Issue,Medium,Chat,92.1,57.4,Resolved,Yes,No,82.1,4,91.8
INT-00732,2025-02-22,Agent_01,Login Issue,Medium,Phone,49.6,39.8,Resolved,Yes,No,77.7,5,88.6
INT-00401,2025-02-22,Agent_05,Login Issue,Medium,Email,74.4,48.5,Resolved,No,No,68.6,5,87.1
INT-00081,2025-02-22,Agent_15,Refund Issue,High,Chat,92.1,38.1,Escalated,Yes,No,86.0,5,95.5
INT-01870,2025-02-22,Agent_12,App Crash,Critical,Chat,161.8,69.4,Escalated,No,Yes,63.9,3,88.6
INT-02060,2025-02-22,Agent_05,Refund Issue,Low,Phone,79.8,24.5,Resolved,Yes,No,82.9,4,93.1
INT-04396,2025-02-22,Agent_04,General Inquiry,Low,Email,71.1,21.7,Escalated,Yes,No,98.0,5,96.5
INT-00797,2025-02-22,Agent_03,General Inquiry,Low,Email,25.6,7.9,Resolved,Yes,No,82.4,5,90.6
INT-04377,2025-02-22,Agent_15,App Crash,Medium,Email,189.6,39.0,In Progress,Yes,No,82.7,4,92.7
INT-03828,2025-02-22,Agent_01,Login Issue,Critical,WhatsApp,111.5,44.5,In Progress,Yes,No,71.7,5,88.5
INT-03701,2025-02-22,Agent_16,Login Issue,Medium,WhatsApp,30.8,32.1,Escalated,Yes,No,87.6,5,95.8
INT-00051,2025-02-22,Agent_04,Refund Issue,Critical,Chat,42.3,42.7,Resolved,Yes,No,72.2,4,88.2
INT-01292,2025-02-22,Agent_20,Refund Issue,Medium,Phone,198.1,41.1,Escalated,Yes,No,97.9,3,91.9
INT-03486,2025-02-22,Agent_12,Login Issue,High,Phone,50.7,38.4,Resolved,Yes,No,75.2,5,86.9
INT-01154,2025-02-22,Agent_14,Refund Issue,Critical,WhatsApp,122.2,72.6,Resolved,Yes,No,69.9,4,83.8
INT-03673,2025-02-22,Agent_18,Product Defect,Medium,Chat,72.3,44.1,Escalated,Yes,Yes,75.4,5,93.4
INT-03682,2025-02-22,Agent_09,Account Blocked,Medium,Phone,80.5,24.7,Escalated,Yes,Yes,83.4,4,85.1
INT-00202,2025-02-22,Agent_13,Delivery Delay,Low,Phone,136.3,41.5,Resolved,Yes,No,91.1,4,90.5
INT-04297,2025-02-22,Agent_09,Delivery Delay,Medium,Chat,133.6,20.1,Escalated,Yes,No,75.1,4,89.5
INT-01047,2025-02-22,Agent_05,App Crash,Medium,Email,142.6,23.5,Resolved,No,No,68.2,4,88.8
INT-03831,2025-02-22,Agent_10,App Crash,Low,Phone,90.9,67.3,Resolved,Yes,No,82.9,5,91.3
INT-01343,2025-02-22,Agent_05,Login Issue,High,Email,197.7,28.3,Resolved,No,No,66.7,3,95.7
INT-03692,2025-02-23,Agent_19,General Inquiry,Medium,WhatsApp,89.7,15.8,Escalated,Yes,No,97.7,5,96.7
INT-00067,2025-02-23,Agent_10,Product Defect,Critical,Chat,47.3,84.2,Resolved,Yes,No,79.4,4,88.8
INT-01531,2025-02-23,Agent_07,Login Issue,Medium,WhatsApp,124.7,58.4,Resolved,No,No,75.5,4,94.6
INT-03801,2025-02-23,Agent_17,Payment Issue,Medium,Phone,82.5,35.0,Resolved,Yes,No,94.7,5,89.1
INT-02717,2025-02-23,Agent_12,Login Issue,Critical,Email,90.9,43.2,Resolved,No,No,73.4,4,83.3
INT-03818,2025-02-23,Agent_04,Login Issue,Medium,Phone,77.7,40.4,Resolved,Yes,No,83.5,4,89.7
INT-03826,2025-02-23,Agent_03,Product Defect,Medium,Phone,56.5,46.1,Resolved,No,No,70.7,4,96.7
INT-01543,2025-02-23,Agent_07,Delivery Delay,High,Phone,57.7,70.3,Resolved,Yes,No,77.1,4,84.4
INT-00261,2025-02-23,Agent_18,Product Defect,Medium,Email,58.8,42.2,Resolved,Yes,No,89.1,5,92.5
INT-02695,2025-02-23,Agent_15,Product Defect,Medium,Phone,69.2,26.9,Resolved,Yes,No,89.8,5,97.3
INT-00196,2025-02-23,Agent_02,Refund Issue,Medium,Chat,60.9,39.8,Resolved,Yes,No,74.7,5,85.6
INT-04787,2025-02-23,Agent_11,Login Issue,Medium,Phone,105.0,47.2,Resolved,Yes,No,82.7,5,87.3
INT-01797,2025-02-23,Agent_12,General Inquiry,High,Chat,89.2,59.7,Escalated,Yes,No,79.3,5,93.8
INT-03594,2025-02-23,Agent_16,Login Issue,Medium,Chat,64.1,21.4,Resolved,Yes,No,99.8,5,95.2
INT-04147,2025-02-23,Agent_16,Refund Issue,High,Phone,77.1,40.3,Resolved,Yes,No,81.9,4,94.2
INT-04184,2025-02-23,Agent_19,Login Issue,Low,Email,45.2,40.1,Escalated,Yes,No,93.2,5,89.8
INT-00280,2025-02-23,Agent_10,General Inquiry,Medium,Email,77.5,22.7,Resolved,No,No,85.0,5,91.6
INT-00070,2025-02-23,Agent_09,Refund Issue,High,Phone,157.5,39.3,Resolved,Yes,No,78.3,4,92.5
INT-00340,2025-02-23,Agent_13,Login Issue,Medium,Phone,32.8,20.8,In Progress,Yes,No,92.4,5,92.1
INT-01247,2025-02-23,Agent_02,Refund Issue,Medium,Phone,52.6,29.2,In Progress,Yes,No,84.8,5,92.5
INT-02090,2025-02-23,Agent_04,Payment Issue,Low,WhatsApp,49.5,12.5,Resolved,Yes,No,86.2,5,89.6
INT-04683,2025-02-23,Agent_15,General Inquiry,High,WhatsApp,134.9,55.4,Resolved,No,No,81.2,4,98.4
INT-03944,2025-02-23,Agent_04,Delivery Delay,High,Phone,32.3,56.5,Resolved,Yes,No,72.9,4,86.5
INT-00757,2025-02-23,Agent_04,General Inquiry,Medium,Phone,72.2,27.9,Resolved,Yes,No,84.8,4,91.9
INT-00398,2025-02-23,Agent_17,Delivery Delay,Low,Phone,19.9,39.4,Resolved,No,No,84.6,4,90.6
INT-04329,2025-02-23,Agent_01,Delivery Delay,High,Phone,97.8,43.0,Resolved,Yes,No,74.4,5,86.2
INT-03534,2025-02-23,Agent_07,Product Defect,High,WhatsApp,91.6,43.5,Resolved,Yes,No,77.1,4,91.7
INT-03275,2025-02-23,Agent_12,Account Blocked,Medium,Phone,75.3,96.0,Escalated,Yes,Yes,71.0,3,89.3
INT-01352,2025-02-23,Agent_03,Product Defect,Low,Phone,94.0,49.0,Resolved,Yes,No,84.4,4,85.1
INT-02187,2025-02-23,Agent_10,General Inquiry,Medium,Email,101.4,32.8,Resolved,Yes,No,91.1,5,92.9
INT-01367,2025-02-23,Agent_16,Delivery Delay,High,Phone,89.8,42.6,Resolved,Yes,No,87.0,4,99.3
INT-00665,2025-02-23,Agent_07,Payment Issue,Medium,Phone,47.2,32.5,Resolved,Yes,No,85.9,4,93.8
INT-04433,2025-02-23,Agent_14,Refund Issue,Medium,Email,152.8,30.9,In Progress,No,No,86.4,5,93.5
INT-02397,2025-02-23,Agent_13,Login Issue,Medium,Phone,113.2,62.9,Escalated,Yes,No,83.3,4,86.5
INT-02389,2025-02-23,Agent_03,General Inquiry,Medium,Email,65.9,24.2,Resolved,Yes,No,91.9,5,87.4
INT-04529,2025-02-23,Agent_16,Product Defect,Low,Chat,31.7,26.6,Resolved,No,No,86.7,4,95.3
INT-02353,2025-02-24,Agent_07,App Crash,Low,Email,29.1,36.7,Escalated,Yes,No,75.5,4,97.8
INT-04567,2025-02-24,Agent_09,Refund Issue,High,Email,86.7,88.4,Resolved,Yes,No,71.5,4,93.2
INT-00036,2025-02-24,Agent_08,General Inquiry,Low,Email,63.0,12.7,In Progress,Yes,No,90.1,4,92.1
INT-04533,2025-02-24,Agent_18,Payment Issue,Medium,Phone,110.7,45.5,Escalated,No,No,82.0,5,92.1
INT-02312,2025-02-24,Agent_13,Account Blocked,Medium,Email,99.3,36.3,Resolved,Yes,No,88.6,5,100.0
INT-02308,2025-02-24,Agent_12,General Inquiry,Low,Email,43.1,28.5,In Progress,Yes,No,93.6,5,94.7
INT-00724,2025-02-24,Agent_12,Account Blocked,Medium,Email,108.6,76.6,Escalated,Yes,Yes,77.9,4,83.4
INT-00412,2025-02-24,Agent_07,Payment Issue,Medium,Email,58.1,15.6,Escalated,Yes,No,75.0,4,91.2
INT-03366,2025-02-24,Agent_08,Login Issue,Medium,WhatsApp,59.5,19.1,Resolved,Yes,No,83.3,4,91.5
INT-02733,2025-02-24,Agent_03,General Inquiry,Low,WhatsApp,101.3,34.5,Resolved,Yes,No,80.4,5,92.6
INT-03223,2025-02-24,Agent_04,Login Issue,Medium,Phone,86.0,16.9,Escalated,Yes,No,78.7,4,87.9
INT-01865,2025-02-24,Agent_14,General Inquiry,Medium,Chat,109.7,44.4,Resolved,Yes,No,90.6,4,96.3
INT-00925,2025-02-24,Agent_03,Payment Issue,Low,Phone,112.9,18.5,Resolved,Yes,No,79.2,5,86.6
INT-02041,2025-02-24,Agent_17,Login Issue,Low,WhatsApp,79.5,44.5,Resolved,Yes,No,82.2,5,93.7
INT-02979,2025-02-24,Agent_13,Login Issue,Low,Phone,75.6,38.1,In Progress,Yes,No,89.6,5,90.8
INT-04564,2025-02-24,Agent_15,Delivery Delay,Low,Phone,101.3,13.1,Resolved,Yes,No,91.1,4,98.3
INT-01237,2025-02-24,Agent_18,App Crash,Medium,Phone,52.7,24.1,Resolved,Yes,No,90.8,5,96.3
INT-03988,2025-02-24,Agent_20,Account Blocked,Critical,Email,85.3,78.2,In Progress,Yes,No,83.0,4,95.6
INT-01369,2025-02-24,Agent_19,Payment Issue,Low,Phone,111.6,62.6,Resolved,No,No,87.6,5,92.5
INT-04032,2025-02-24,Agent_16,General Inquiry,Medium,Chat,78.2,11.0,In Progress,Yes,No,92.8,5,94.4
INT-03875,2025-02-24,Agent_06,Account Blocked,High,Phone,134.5,59.3,Escalated,No,No,70.5,4,92.6
INT-01471,2025-02-24,Agent_20,Product Defect,Low,WhatsApp,16.8,28.5,Escalated,Yes,No,97.8,5,90.9
INT-01228,2025-02-24,Agent_13,Payment Issue,Medium,Email,113.9,28.6,Resolved,Yes,No,91.8,4,92.3
INT-01406,2025-02-24,Agent_08,Product Defect,High,Chat,135.7,55.9,In Progress,No,No,67.2,4,85.6
INT-03670,2025-02-24,Agent_10,Delivery Delay,Low,Email,42.4,32.7,Escalated,Yes,No,96.8,5,93.2
INT-01264,2025-02-24,Agent_02,App Crash,Low,Phone,78.2,35.6,Resolved,Yes,No,75.9,5,87.5
INT-04935,2025-02-24,Agent_16,Login Issue,Medium,WhatsApp,149.2,67.5,In Progress,No,No,73.1,4,96.7
INT-01148,2025-02-24,Agent_18,General Inquiry,Medium,Chat,207.9,19.6,Resolved,No,No,84.2,4,94.1
INT-00639,2025-02-25,Agent_05,Login Issue,Medium,Phone,77.8,43.5,Resolved,Yes,No,73.6,4,90.0
INT-00700,2025-02-25,Agent_02,Product Defect,Low,Phone,22.5,20.4,Resolved,Yes,No,86.9,4,87.5
INT-00859,2025-02-25,Agent_20,Account Blocked,High,WhatsApp,152.3,32.9,Escalated,No,No,79.0,4,91.3
INT-03257,2025-02-25,Agent_20,General Inquiry,Critical,WhatsApp,138.6,46.5,Resolved,Yes,No,81.6,4,99.4
INT-04687,2025-02-25,Agent_11,General Inquiry,Medium,Chat,141.2,73.0,Resolved,Yes,No,78.7,4,93.7
INT-01601,2025-02-25,Agent_16,Delivery Delay,Medium,Email,75.8,41.2,Resolved,No,No,77.1,4,86.9
INT-00843,2025-02-25,Agent_09,General Inquiry,Low,Email,124.6,33.3,Resolved,Yes,No,81.1,4,89.6
INT-00867,2025-02-25,Agent_20,App Crash,Medium,Email,37.3,55.4,Resolved,Yes,No,90.4,5,100.0
INT-02706,2025-02-25,Agent_10,General Inquiry,Critical,Phone,123.0,52.9,Resolved,No,No,80.0,4,87.1
INT-02180,2025-02-25,Agent_12,Delivery Delay,Medium,Phone,60.8,27.7,Resolved,Yes,No,82.8,4,92.2
INT-01374,2025-02-25,Agent_07,Login Issue,Medium,Phone,140.5,25.3,Resolved,Yes,No,77.8,4,95.0
INT-03906,2025-02-25,Agent_11,Login Issue,Medium,Phone,67.4,41.1,Resolved,Yes,No,84.5,5,86.6
INT-02440,2025-02-25,Agent_11,Product Defect,Low,Email,182.7,18.6,Resolved,No,No,71.6,4,94.8
INT-03413,2025-02-25,Agent_04,Refund Issue,Low,WhatsApp,42.8,43.0,Resolved,Yes,No,75.4,4,85.4
INT-01987,2025-02-25,Agent_01,Delivery Delay,Medium,WhatsApp,15.8,25.0,Resolved,Yes,No,74.6,5,87.9
INT-03754,2025-02-25,Agent_13,App Crash,Medium,Chat,97.2,40.1,Resolved,Yes,No,94.3,5,88.8
INT-04554,2025-02-25,Agent_13,Payment Issue,Low,Phone,114.3,21.0,Resolved,Yes,No,95.0,5,96.0
INT-04855,2025-02-25,Agent_17,General Inquiry,High,Phone,162.7,72.9,In Progress,No,No,76.1,4,93.0
INT-04091,2025-02-25,Agent_14,Payment Issue,Low,Email,105.7,21.5,Resolved,Yes,No,87.4,5,87.2
INT-04507,2025-02-25,Agent_10,Account Blocked,Medium,Chat,52.3,96.0,Resolved,Yes,No,83.2,5,94.4
INT-01879,2025-02-25,Agent_01,App Crash,Low,Phone,151.3,45.4,Resolved,No,No,69.6,4,86.0
INT-01337,2025-02-26,Agent_06,General Inquiry,Medium,Email,87.6,33.3,Resolved,Yes,No,88.4,5,84.1
INT-02824,2025-02-26,Agent_19,Product Defect,Medium,WhatsApp,44.0,29.8,In Progress,Yes,No,88.8,5,86.9
INT-01405,2025-02-26,Agent_13,App Crash,Medium,Email,59.5,37.0,Resolved,Yes,No,92.9,4,91.9
INT-00576,2025-02-26,Agent_12,Delivery Delay,High,Chat,64.7,45.5,Resolved,Yes,No,81.9,5,96.0
INT-01536,2025-02-26,Agent_19,App Crash,Medium,Chat,143.1,36.8,Resolved,No,No,82.6,4,90.1
INT-02766,2025-02-26,Agent_17,Product Defect,Medium,Chat,67.3,36.2,Resolved,Yes,No,85.9,5,92.1
INT-03877,2025-02-26,Agent_10,Login Issue,Low,Email,141.0,28.6,Resolved,Yes,No,84.2,4,93.3
INT-04593,2025-02-26,Agent_04,General Inquiry,Medium,Chat,106.4,58.7,Escalated,Yes,No,81.6,4,88.9
INT-03100,2025-02-26,Agent_19,Refund Issue,Medium,Phone,155.6,27.9,Resolved,Yes,No,91.3,4,99.1
INT-03684,2025-02-26,Agent_02,Delivery Delay,High,Phone,99.5,53.4,Resolved,Yes,No,72.3,5,92.4
INT-02817,2025-02-26,Agent_17,Payment Issue,Medium,Email,109.1,29.4,In Progress,No,No,87.2,4,95.1
INT-01145,2025-02-26,Agent_12,Payment Issue,Low,Email,42.3,38.0,Escalated,Yes,No,80.9,5,89.4
INT-01975,2025-02-26,Agent_04,Product Defect,Low,Email,84.8,21.4,Resolved,Yes,No,71.4,4,93.4
INT-03604,2025-02-26,Agent_16,General Inquiry,High,Chat,58.4,30.6,Resolved,Yes,No,92.1,5,97.3
INT-04150,2025-02-26,Agent_08,Product Defect,Medium,WhatsApp,58.6,42.2,Resolved,Yes,No,83.6,5,90.5
INT-04792,2025-02-26,Agent_16,Product Defect,High,Email,66.2,57.6,Resolved,No,No,73.6,4,90.9
INT-03823,2025-02-26,Agent_16,General Inquiry,Low,Phone,136.5,5.0,Escalated,Yes,Yes,83.8,4,92.8
INT-01157,2025-02-26,Agent_12,Payment Issue,High,Phone,58.7,76.5,Resolved,Yes,No,72.5,5,100.0
INT-04221,2025-02-26,Agent_10,App Crash,Low,Email,141.2,24.1,Resolved,Yes,No,88.9,5,94.5
INT-03401,2025-02-26,Agent_16,Payment Issue,Low,Email,23.2,35.2,Escalated,No,No,91.1,5,98.6
INT-02868,2025-02-26,Agent_12,Payment Issue,Critical,Phone,47.2,74.7,Resolved,Yes,No,75.3,4,91.1
INT-04146,2025-02-26,Agent_10,General Inquiry,Medium,Email,65.9,27.3,Resolved,Yes,No,86.6,5,91.5
INT-04719,2025-02-26,Agent_16,Delivery Delay,Low,Phone,43.8,27.3,Resolved,Yes,No,95.1,5,86.6
INT-04284,2025-02-26,Agent_16,Account Blocked,Medium,Phone,120.3,31.4,Resolved,Yes,No,77.2,4,97.1
INT-04707,2025-02-26,Agent_17,Account Blocked,Low,Email,54.2,40.0,Escalated,Yes,No,96.4,5,97.0
INT-02913,2025-02-26,Agent_05,Account Blocked,Medium,WhatsApp,116.1,31.9,In Progress,Yes,No,85.4,5,86.7
INT-04306,2025-02-26,Agent_15,General Inquiry,High,Chat,115.2,78.7,Resolved,Yes,No,87.5,4,89.0
INT-00370,2025-02-26,Agent_17,Account Blocked,Low,WhatsApp,131.2,27.7,Resolved,No,No,83.7,4,97.1
INT-03934,2025-02-26,Agent_19,Refund Issue,Medium,Email,165.5,18.2,Escalated,Yes,No,86.5,4,90.9
INT-04336,2025-02-26,Agent_14,General Inquiry,High,WhatsApp,44.0,28.9,Resolved,Yes,No,94.3,5,89.9
INT-00759,2025-02-26,Agent_13,Refund Issue,Critical,Email,230.7,61.1,Escalated,No,Yes,45.0,2,87.8
INT-01244,2025-02-26,Agent_13,Payment Issue,High,Chat,73.1,42.6,Resolved,Yes,No,86.4,4,90.7
INT-02723,2025-02-26,Agent_15,Account Blocked,High,Email,85.4,48.5,Resolved,Yes,No,84.2,4,92.8
INT-01848,2025-02-27,Agent_05,Payment Issue,Low,Email,147.5,30.8,Resolved,No,No,67.3,4,94.2
INT-02694,2025-02-27,Agent_16,General Inquiry,Critical,Phone,44.1,46.8,In Progress,Yes,No,91.0,4,92.7
INT-02550,2025-02-27,Agent_06,General Inquiry,High,Chat,69.2,27.5,Resolved,Yes,No,83.1,5,94.5
INT-01692,2025-02-27,Agent_07,Account Blocked,High,Email,83.0,30.0,Resolved,Yes,No,76.2,4,89.1
INT-02289,2025-02-27,Agent_19,Account Blocked,Low,Email,49.9,26.4,Resolved,Yes,No,98.3,5,100.0
INT-02521,2025-02-27,Agent_13,App Crash,Low,Chat,24.7,50.5,Resolved,Yes,No,90.4,5,91.1
INT-01629,2025-02-27,Agent_20,Login Issue,Medium,Email,46.9,57.5,Resolved,Yes,No,100.0,5,90.8
INT-02870,2025-02-27,Agent_02,Payment Issue,High,Chat,109.2,43.3,Resolved,Yes,No,69.7,4,93.6
INT-02481,2025-02-27,Agent_16,Login Issue,High,Email,131.1,63.5,Resolved,No,No,75.9,4,97.0
INT-03065,2025-02-27,Agent_03,General Inquiry,Medium,Chat,46.0,56.7,Resolved,No,No,76.0,4,93.5
INT-02950,2025-02-27,Agent_01,Refund Issue,Medium,Phone,36.2,81.9,Resolved,Yes,No,83.0,5,89.3
INT-01723,2025-02-27,Agent_10,Login Issue,Medium,Chat,78.1,18.4,Resolved,Yes,No,79.3,5,95.9
INT-02752,2025-02-27,Agent_16,Account Blocked,High,Phone,88.4,38.4,Resolved,Yes,No,86.7,5,96.6
INT-04169,2025-02-27,Agent_18,Payment Issue,Medium,Phone,66.9,41.9,Resolved,Yes,No,90.1,5,90.7
INT-04473,2025-02-27,Agent_17,Payment Issue,Low,WhatsApp,69.7,36.7,Resolved,Yes,No,99.9,4,88.8
INT-00628,2025-02-27,Agent_19,Product Defect,Medium,Chat,54.0,65.6,In Progress,No,No,85.6,4,98.6
INT-00644,2025-02-27,Agent_12,Login Issue,Medium,Chat,63.9,35.3,Resolved,Yes,No,82.8,5,89.0
INT-04574,2025-02-27,Agent_09,Delivery Delay,Critical,WhatsApp,83.0,49.6,Resolved,Yes,No,74.1,4,90.9
INT-00436,2025-02-27,Agent_13,Product Defect,Medium,Chat,107.7,32.7,Resolved,Yes,No,82.9,4,96.1
INT-00427,2025-02-27,Agent_12,Payment Issue,Low,Chat,211.6,35.6,Resolved,Yes,No,84.3,4,93.2
INT-00391,2025-02-27,Agent_08,App Crash,Medium,WhatsApp,66.0,19.0,Resolved,No,No,74.9,4,90.9
INT-00390,2025-02-27,Agent_15,Account Blocked,High,WhatsApp,109.4,35.2,Escalated,Yes,No,81.9,5,93.6
INT-04667,2025-02-27,Agent_04,Login Issue,Low,Chat,80.1,34.5,Resolved,Yes,No,69.2,4,92.0
INT-04343,2025-02-27,Agent_02,Delivery Delay,Low,Phone,29.4,35.5,Escalated,Yes,Yes,64.6,3,81.0
INT-00341,2025-02-27,Agent_06,Product Defect,Low,Email,62.7,28.4,Escalated,Yes,No,80.7,5,88.3
INT-00521,2025-02-27,Agent_19,App Crash,High,Email,171.6,96.0,Escalated,No,Yes,65.8,3,94.3
INT-04073,2025-02-27,Agent_08,Delivery Delay,Medium,Chat,44.5,39.6,In Progress,Yes,No,84.1,5,92.1
INT-04510,2025-02-27,Agent_07,Payment Issue,High,Email,78.1,52.3,In Progress,Yes,No,75.1,4,82.7
INT-04253,2025-02-27,Agent_14,Delivery Delay,Medium,Chat,72.5,36.6,Resolved,Yes,No,78.8,4,91.6
INT-04757,2025-02-27,Agent_16,Payment Issue,Medium,Email,82.9,40.2,Resolved,Yes,No,93.2,4,100.0
INT-00026,2025-02-27,Agent_20,Login Issue,Medium,Email,37.5,35.3,Resolved,No,No,85.0,5,97.8
INT-04763,2025-02-27,Agent_01,Delivery Delay,High,Chat,144.4,68.2,Escalated,No,No,62.2,4,95.5
INT-02927,2025-02-28,Agent_19,Refund Issue,High,Chat,82.7,54.2,Escalated,No,No,70.3,5,95.1
INT-02607,2025-02-28,Agent_06,Payment Issue,Medium,WhatsApp,77.4,29.4,Escalated,Yes,No,79.0,5,87.1
INT-04791,2025-02-28,Agent_11,Login Issue,Medium,Email,100.3,43.0,Resolved,Yes,No,83.6,5,87.1
INT-03707,2025-02-28,Agent_17,Product Defect,Medium,Phone,43.8,26.2,Resolved,Yes,No,93.2,5,97.5
INT-01420,2025-02-28,Agent_09,Payment Issue,Medium,Chat,71.9,45.7,Resolved,Yes,No,84.9,4,91.0
INT-04919,2025-02-28,Agent_09,Account Blocked,High,Email,81.6,40.5,In Progress,Yes,No,80.1,5,89.0
INT-03890,2025-02-28,Agent_04,Login Issue,Medium,WhatsApp,38.2,15.5,Resolved,Yes,No,73.1,4,94.5
INT-01613,2025-02-28,Agent_14,Refund Issue,High,Phone,108.7,37.5,Resolved,Yes,No,85.4,5,84.7
INT-00177,2025-02-28,Agent_16,Delivery Delay,High,Chat,95.5,73.0,Resolved,Yes,No,81.7,4,93.7
INT-04734,2025-02-28,Agent_11,Product Defect,Medium,Email,53.3,19.7,Resolved,No,No,74.3,4,92.2
INT-03028,2025-02-28,Agent_11,Account Blocked,Medium,Email,134.6,40.5,Resolved,Yes,No,80.9,4,96.7
INT-01614,2025-02-28,Agent_13,Delivery Delay,Medium,Chat,56.3,46.7,Resolved,Yes,No,81.3,5,84.9
INT-03915,2025-02-28,Agent_07,App Crash,High,Chat,156.2,65.8,Escalated,No,No,67.2,4,94.9
INT-04767,2025-02-28,Agent_15,General Inquiry,Medium,WhatsApp,25.0,59.5,Resolved,Yes,No,94.9,4,96.7
INT-01301,2025-02-28,Agent_10,Account Blocked,Low,Phone,53.2,23.9,Resolved,Yes,No,87.9,5,87.7
INT-01441,2025-02-28,Agent_06,Refund Issue,Medium,Phone,203.8,25.0,Escalated,No,No,72.8,3,98.0
INT-04080,2025-02-28,Agent_07,Refund Issue,Critical,WhatsApp,76.8,68.4,Resolved,Yes,No,77.3,4,85.6
INT-04258,2025-02-28,Agent_11,General Inquiry,Critical,Phone,99.5,47.3,Escalated,Yes,No,73.4,5,88.6
INT-03997,2025-02-28,Agent_12,Login Issue,Medium,Phone,62.8,26.6,Resolved,Yes,No,90.7,5,94.3
INT-00030,2025-02-28,Agent_20,Refund Issue,Medium,Phone,31.3,49.1,In Progress,Yes,No,87.0,5,98.2
INT-02003,2025-02-28,Agent_13,Refund Issue,Low,Email,147.2,12.0,In Progress,Yes,No,83.7,4,84.0
INT-04312,2025-02-28,Agent_08,General Inquiry,Low,Email,151.9,26.3,Resolved,No,No,79.7,4,95.6
INT-04964,2025-02-28,Agent_13,Account Blocked,Medium,Email,48.3,54.4,Escalated,No,No,89.8,4,91.6
INT-03286,2025-02-28,Agent_16,General Inquiry,Low,Chat,49.8,40.7,Resolved,Yes,No,96.4,5,89.8
INT-00715,2025-02-28,Agent_18,Delivery Delay,Low,WhatsApp,58.7,42.3,Resolved,Yes,No,97.3,5,90.2
INT-00909,2025-02-28,Agent_04,Refund Issue,High,WhatsApp,53.9,36.6,Resolved,Yes,No,72.0,4,92.3
INT-04187,2025-02-28,Agent_06,Product Defect,Low,Phone,234.5,31.5,Escalated,Yes,Yes,64.0,3,88.0
INT-01881,2025-02-28,Agent_07,Payment Issue,Critical,Chat,96.5,38.8,Escalated,Yes,Yes,70.9,4,82.2
INT-03454,2025-02-28,Agent_01,Account Blocked,Medium,WhatsApp,42.8,62.9,Escalated,No,Yes,56.5,3,87.2
INT-01526,2025-02-28,Agent_18,Login Issue,High,Phone,56.3,67.0,Escalated,No,Yes,62.3,4,98.5
INT-04398,2025-02-28,Agent_18,Payment Issue,Low,Phone,129.5,47.5,Resolved,Yes,No,100.0,5,90.8
INT-03472,2025-02-28,Agent_11,Refund Issue,Medium,Phone,110.2,20.0,Resolved,Yes,No,84.3,4,84.4
INT-04943,2025-02-28,Agent_07,General Inquiry,Medium,Email,72.7,11.4,Resolved,Yes,No,82.1,4,90.8
INT-04389,2025-02-28,Agent_16,General Inquiry,Medium,Phone,64.5,30.2,Resolved,Yes,No,94.7,4,93.7
INT-00246,2025-03-01,Agent_17,General Inquiry,Medium,Chat,124.2,27.4,Escalated,No,No,76.6,4,100.0
INT-01010,2025-03-01,Agent_07,Delivery Delay,High,Chat,227.3,51.6,In Progress,No,No,68.6,3,91.9
INT-01017,2025-03-01,Agent_20,Delivery Delay,Critical,WhatsApp,70.5,50.4,Resolved,Yes,No,85.7,5,97.7
INT-01939,2025-03-01,Agent_18,Product Defect,Medium,Email,114.0,33.0,Escalated,Yes,No,94.2,5,99.9
INT-02516,2025-03-01,Agent_16,Delivery Delay,High,Email,133.2,33.6,Resolved,Yes,No,83.6,4,91.4
INT-04737,2025-03-01,Agent_09,Payment Issue,Medium,Email,42.4,16.2,Resolved,Yes,No,85.8,5,94.7
INT-01661,2025-03-01,Agent_03,General Inquiry,High,Email,75.9,74.3,Resolved,No,No,73.6,4,90.0
INT-02277,2025-03-01,Agent_17,Login Issue,Low,Email,73.0,17.2,Resolved,No,No,80.1,5,89.6
INT-02986,2025-03-01,Agent_13,Delivery Delay,Medium,Phone,15.6,23.1,Resolved,Yes,No,82.1,4,90.9
INT-02098,2025-03-01,Agent_05,General Inquiry,Medium,Phone,90.5,52.9,Resolved,Yes,No,86.3,5,88.3
INT-00368,2025-03-01,Agent_10,Login Issue,Low,Phone,191.2,17.5,Resolved,Yes,No,82.3,4,91.6
INT-03045,2025-03-01,Agent_06,Refund Issue,Medium,Phone,67.4,49.9,Escalated,Yes,No,71.5,4,90.9
INT-00402,2025-03-01,Agent_20,Delivery Delay,Critical,WhatsApp,81.6,49.1,Resolved,Yes,No,80.5,5,95.6
INT-02428,2025-03-01,Agent_17,Payment Issue,High,Phone,240.0,89.9,Escalated,Yes,Yes,67.7,3,90.5
INT-02422,2025-03-01,Agent_13,App Crash,Medium,Email,73.3,31.7,Resolved,Yes,No,93.5,5,87.8
INT-00682,2025-03-01,Agent_10,Delivery Delay,High,WhatsApp,199.8,37.5,Resolved,Yes,No,76.1,4,95.1
INT-01737,2025-03-01,Agent_11,Refund Issue,Critical,Chat,60.8,64.6,Resolved,No,No,69.7,4,87.1
INT-02220,2025-03-01,Agent_12,Delivery Delay,Medium,Email,62.5,58.8,In Progress,Yes,No,86.5,5,93.8
INT-02360,2025-03-01,Agent_06,Login Issue,Medium,Chat,192.7,33.8,Escalated,Yes,Yes,70.7,3,86.8
INT-01118,2025-03-01,Agent_15,App Crash,Medium,Phone,48.8,30.8,Resolved,Yes,No,89.1,5,93.1
INT-01752,2025-03-01,Agent_10,Account Blocked,Medium,Phone,134.9,55.7,Resolved,Yes,No,76.5,4,91.7
INT-03760,2025-03-01,Agent_06,Payment Issue,Medium,WhatsApp,80.6,34.0,Resolved,Yes,No,75.9,5,84.0
INT-00047,2025-03-01,Agent_04,Account Blocked,High,Email,90.9,60.1,Resolved,Yes,No,72.3,4,97.7
INT-04849,2025-03-01,Agent_14,Payment Issue,Low,Phone,82.0,16.1,Escalated,Yes,No,89.5,5,90.9
INT-02822,2025-03-01,Agent_14,Account Blocked,Medium,Email,111.0,27.3,In Progress,Yes,No,91.6,5,94.4
INT-01590,2025-03-01,Agent_18,App Crash,Medium,Email,55.4,30.5,In Progress,Yes,No,87.0,5,94.6
INT-02742,2025-03-01,Agent_13,Refund Issue,Medium,Email,50.6,58.9,Resolved,No,No,72.5,5,93.8
INT-01825,2025-03-02,Agent_14,General Inquiry,Critical,Phone,48.7,61.5,Resolved,No,No,79.5,4,99.0
INT-04752,2025-03-02,Agent_05,Delivery Delay,Critical,Chat,114.5,71.4,Escalated,Yes,Yes,66.8,4,83.2
INT-00817,2025-03-02,Agent_15,Delivery Delay,Low,Email,196.7,50.4,Escalated,Yes,Yes,75.7,3,89.7
INT-01385,2025-03-02,Agent_02,Account Blocked,Medium,Chat,181.5,41.8,Resolved,No,No,69.4,4,88.7
INT-04909,2025-03-02,Agent_17,Login Issue,Medium,Chat,151.4,21.7,Resolved,Yes,No,88.4,4,97.8
INT-00825,2025-03-02,Agent_15,Payment Issue,Low,Chat,53.9,21.6,Resolved,Yes,No,88.7,5,96.9
INT-04873,2025-03-02,Agent_01,Delivery Delay,Medium,Phone,58.7,22.3,Resolved,Yes,No,72.4,4,91.6
INT-03950,2025-03-02,Agent_02,Refund Issue,Medium,Chat,95.4,38.6,In Progress,Yes,No,77.5,4,96.2
INT-04558,2025-03-02,Agent_01,General Inquiry,High,Phone,47.8,26.0,Resolved,Yes,No,81.5,4,99.2
INT-01513,2025-03-02,Agent_18,Payment Issue,Medium,Chat,85.6,28.0,Resolved,Yes,No,76.8,4,91.9
INT-04903,2025-03-02,Agent_03,Delivery Delay,Medium,Email,49.9,41.4,Escalated,Yes,Yes,66.5,3,91.1
INT-00848,2025-03-02,Agent_06,Product Defect,High,Phone,138.1,74.2,Resolved,Yes,No,70.7,4,93.6
INT-04527,2025-03-02,Agent_19,Payment Issue,Low,Phone,71.1,17.0,Resolved,Yes,No,100.0,5,90.6
INT-04654,2025-03-02,Agent_11,Payment Issue,Medium,Chat,90.4,23.5,Resolved,Yes,No,86.7,5,87.6
INT-03648,2025-03-02,Agent_07,Account Blocked,High,Email,100.2,32.5,Resolved,Yes,No,73.2,4,91.7
INT-00312,2025-03-02,Agent_06,Login Issue,Medium,Email,187.4,57.3,Resolved,Yes,No,66.3,4,85.7
INT-02784,2025-03-02,Agent_18,App Crash,Medium,Email,71.3,24.0,Escalated,Yes,Yes,81.1,4,87.2
INT-03242,2025-03-02,Agent_07,Payment Issue,High,Phone,198.8,56.7,Resolved,Yes,No,77.2,4,81.4
INT-03155,2025-03-02,Agent_11,Product Defect,Medium,Chat,145.3,40.9,In Progress,Yes,No,84.1,4,92.0
INT-02895,2025-03-02,Agent_07,General Inquiry,Low,Phone,51.2,2.2,Escalated,Yes,No,92.4,4,87.8
INT-00630,2025-03-02,Agent_06,Account Blocked,Low,Chat,15.0,14.3,Resolved,No,No,83.1,5,90.3
INT-04579,2025-03-02,Agent_12,Account Blocked,Medium,WhatsApp,106.5,32.1,In Progress,Yes,No,86.7,4,89.8
INT-04470,2025-03-02,Agent_04,Product Defect,Low,Email,65.7,19.1,Escalated,Yes,No,82.1,5,84.5
INT-04157,2025-03-02,Agent_10,Login Issue,Medium,WhatsApp,162.7,89.7,Escalated,Yes,No,79.0,4,92.9
INT-00649,2025-03-02,Agent_10,Payment Issue,Medium,WhatsApp,116.9,34.1,Escalated,Yes,Yes,68.6,4,85.6
INT-01550,2025-03-02,Agent_20,Refund Issue,Low,Email,19.4,18.5,In Progress,Yes,No,100.0,5,94.1
INT-04814,2025-03-02,Agent_09,Payment Issue,Low,Phone,142.0,23.1,Resolved,Yes,No,82.0,5,93.7
INT-02894,2025-03-02,Agent_11,Delivery Delay,Low,Chat,23.9,24.7,Escalated,Yes,No,91.6,5,100.0
INT-01026,2025-03-03,Agent_06,General Inquiry,Critical,Email,88.4,46.5,Resolved,Yes,No,76.5,5,85.6
INT-00114,2025-03-03,Agent_07,Payment Issue,Medium,Email,59.6,24.0,Resolved,Yes,No,85.5,5,86.9
INT-02476,2025-03-03,Agent_06,Login Issue,Low,Chat,37.3,22.3,Resolved,Yes,No,95.8,5,95.2
INT-04346,2025-03-03,Agent_08,Login Issue,Critical,WhatsApp,67.4,56.8,In Progress,No,No,62.6,4,91.4
INT-00430,2025-03-03,Agent_07,General Inquiry,High,Chat,177.3,39.1,Resolved,Yes,No,79.7,3,96.4
INT-02468,2025-03-03,Agent_02,Delivery Delay,High,Chat,123.1,35.8,Resolved,Yes,No,76.9,4,79.6
INT-03369,2025-03-03,Agent_14,App Crash,Medium,WhatsApp,225.1,44.9,Resolved,Yes,No,86.1,4,82.8
INT-01839,2025-03-03,Agent_07,Delivery Delay,Medium,Phone,107.6,55.7,Resolved,Yes,No,81.1,4,84.3
INT-04671,2025-03-03,Agent_07,App Crash,Medium,Phone,94.9,28.6,Resolved,Yes,No,87.4,5,93.5
INT-01938,2025-03-03,Agent_01,Payment Issue,Medium,Chat,115.0,27.7,Resolved,No,No,74.4,5,79.7
INT-04338,2025-03-03,Agent_14,App Crash,Medium,WhatsApp,57.2,62.0,Resolved,Yes,No,85.9,4,100.0
INT-03956,2025-03-03,Agent_11,App Crash,High,WhatsApp,80.9,45.3,Escalated,No,No,78.9,4,100.0
INT-00548,2025-03-03,Agent_12,Refund Issue,Low,Chat,96.8,15.6,Resolved,Yes,No,91.3,5,91.3
INT-01597,2025-03-03,Agent_01,Payment Issue,Critical,Email,113.5,71.3,Resolved,Yes,No,73.5,4,83.0
INT-03180,2025-03-03,Agent_11,Payment Issue,Low,Email,34.6,22.7,In Progress,Yes,No,90.8,5,92.0
INT-00921,2025-03-03,Agent_01,Product Defect,Medium,Email,49.8,42.6,Resolved,Yes,No,76.7,5,90.6
INT-01841,2025-03-03,Agent_19,Refund Issue,Medium,WhatsApp,101.2,28.9,Escalated,Yes,Yes,83.9,4,83.4
INT-00942,2025-03-03,Agent_17,Refund Issue,Medium,Phone,92.9,26.9,Resolved,Yes,No,92.3,4,99.2
INT-00152,2025-03-03,Agent_15,Login Issue,Medium,Chat,155.7,26.0,Resolved,Yes,No,89.1,5,93.7
INT-00183,2025-03-03,Agent_09,Product Defect,High,Phone,70.9,57.1,Resolved,Yes,No,72.8,4,89.4
INT-01555,2025-03-03,Agent_15,Delivery Delay,High,Chat,59.2,66.5,Resolved,Yes,No,78.7,5,92.9
INT-04997,2025-03-03,Agent_18,Account Blocked,Medium,Chat,86.9,27.2,Escalated,Yes,No,92.0,5,95.8
INT-04144,2025-03-03,Agent_02,Delivery Delay,High,Chat,79.8,49.6,Escalated,Yes,No,64.6,3,94.6
INT-04781,2025-03-03,Agent_11,Login Issue,High,Chat,56.1,41.3,Escalated,Yes,Yes,70.1,3,90.5
INT-00172,2025-03-03,Agent_18,Product Defect,Low,Phone,49.4,39.6,Resolved,Yes,No,100.0,5,90.2
INT-04472,2025-03-03,Agent_17,Payment Issue,Medium,Email,28.5,37.0,Escalated,Yes,No,99.4,5,98.8
INT-00997,2025-03-03,Agent_06,Payment Issue,Low,Chat,20.4,16.6,Resolved,Yes,No,90.9,5,91.5
INT-04746,2025-03-03,Agent_03,Login Issue,High,Phone,44.3,26.9,Resolved,Yes,No,74.7,5,88.5
INT-04314,2025-03-03,Agent_03,App Crash,Medium,WhatsApp,131.6,35.3,Resolved,Yes,No,76.1,5,92.6
INT-04735,2025-03-03,Agent_18,Refund Issue,Low,Phone,87.6,43.9,Resolved,No,No,83.1,5,91.3
INT-04761,2025-03-03,Agent_16,Delivery Delay,Critical,Email,112.1,96.0,Escalated,Yes,No,83.2,5,86.8
INT-01484,2025-03-03,Agent_06,Payment Issue,Medium,Email,31.6,32.7,Resolved,Yes,No,84.9,4,89.8
INT-01521,2025-03-03,Agent_02,Product Defect,Low,Email,68.2,35.5,Resolved,Yes,No,81.5,4,92.9
INT-03272,2025-03-03,Agent_09,General Inquiry,Medium,Phone,103.4,25.2,Escalated,No,Yes,79.8,4,89.2
INT-04808,2025-03-03,Agent_11,Payment Issue,High,Phone,66.8,74.9,Escalated,No,No,66.4,4,91.5
INT-04811,2025-03-03,Agent_17,Product Defect,Medium,Chat,120.4,37.0,Escalated,Yes,No,83.0,4,95.1
INT-01204,2025-03-03,Agent_10,Product Defect,Low,Email,126.0,65.4,Resolved,Yes,No,73.1,4,89.4
INT-01409,2025-03-03,Agent_16,Payment Issue,Critical,Email,100.1,55.3,Escalated,Yes,Yes,84.6,4,89.1
INT-04334,2025-03-04,Agent_20,Account Blocked,Medium,Phone,113.2,28.5,Resolved,Yes,No,95.2,5,100.0
INT-01162,2025-03-04,Agent_19,Login Issue,High,WhatsApp,100.2,31.7,Resolved,Yes,No,98.5,5,97.4
INT-02065,2025-03-04,Agent_07,Account Blocked,Low,Phone,34.5,31.2,Resolved,Yes,No,86.8,4,93.4
INT-01147,2025-03-04,Agent_13,General Inquiry,Low,Phone,86.9,5.0,In Progress,Yes,No,100.0,5,93.0
INT-00424,2025-03-04,Agent_04,Delivery Delay,High,Chat,71.4,94.6,Resolved,Yes,No,72.6,5,85.8
INT-04559,2025-03-04,Agent_02,Product Defect,Medium,Email,49.8,29.5,Resolved,No,No,73.2,4,86.4
INT-00096,2025-03-04,Agent_07,App Crash,High,Email,80.5,29.6,Resolved,Yes,No,83.8,5,93.4
INT-03144,2025-03-04,Agent_07,Product Defect,Medium,Phone,98.7,39.6,In Progress,No,No,75.1,4,93.4
INT-01183,2025-03-04,Agent_12,Login Issue,High,Chat,52.3,62.4,Resolved,No,No,70.6,4,89.5
INT-00846,2025-03-04,Agent_19,Payment Issue,High,WhatsApp,98.4,33.9,Resolved,Yes,No,84.5,5,99.0
INT-04463,2025-03-04,Agent_03,Product Defect,High,Chat,90.9,49.8,Resolved,Yes,No,70.3,4,89.2
INT-01530,2025-03-04,Agent_11,Delivery Delay,Low,WhatsApp,72.3,29.8,Resolved,Yes,No,83.4,4,82.3
INT-02762,2025-03-04,Agent_16,App Crash,Low,Chat,51.4,23.4,Resolved,Yes,No,97.4,5,91.5
INT-02745,2025-03-04,Agent_04,Delivery Delay,High,Email,85.6,28.9,Resolved,Yes,No,75.8,4,93.2
INT-01043,2025-03-04,Agent_19,Product Defect,Medium,WhatsApp,47.8,22.0,Resolved,Yes,No,89.2,4,95.7
INT-02930,2025-03-04,Agent_16,Delivery Delay,Critical,Phone,54.2,92.7,Resolved,No,No,78.5,5,96.2
INT-01659,2025-03-04,Agent_09,Delivery Delay,Low,Email,35.4,63.1,Escalated,No,Yes,67.0,4,90.7
INT-00984,2025-03-04,Agent_16,Delivery Delay,Low,Phone,10.7,18.3,Escalated,Yes,No,90.8,5,93.3
INT-03582,2025-03-04,Agent_13,Payment Issue,Medium,Chat,141.6,59.0,In Progress,No,No,79.1,4,88.6
INT-04486,2025-03-04,Agent_20,Product Defect,Medium,Chat,54.4,38.4,Resolved,No,No,90.8,5,87.1
INT-01196,2025-03-04,Agent_07,App Crash,Medium,Email,175.1,52.6,Resolved,Yes,No,75.1,4,83.2
INT-01517,2025-03-04,Agent_09,Payment Issue,Medium,Chat,71.8,34.0,In Progress,Yes,No,92.8,4,94.2
INT-04840,2025-03-04,Agent_18,Login Issue,High,Email,96.5,28.6,Resolved,No,No,79.2,5,94.8
INT-00713,2025-03-04,Agent_13,Payment Issue,High,Phone,153.7,53.8,Escalated,Yes,No,86.5,4,90.4
INT-01223,2025-03-04,Agent_09,Account Blocked,High,Email,74.7,91.1,In Progress,No,No,72.4,4,86.3
INT-00387,2025-03-04,Agent_03,Login Issue,Critical,Phone,180.2,39.8,Escalated,No,Yes,62.9,3,86.5
INT-03395,2025-03-04,Agent_19,App Crash,Low,Email,182.7,56.6,Resolved,Yes,No,90.5,4,86.5
INT-01765,2025-03-04,Agent_04,App Crash,Low,Phone,24.4,41.2,Resolved,Yes,No,86.1,5,94.2
INT-04233,2025-03-04,Agent_09,Product Defect,High,Email,43.1,67.4,Escalated,Yes,Yes,71.7,4,85.4
INT-02466,2025-03-04,Agent_10,Login Issue,Medium,Phone,97.0,48.1,In Progress,No,No,81.7,4,92.6
INT-00134,2025-03-04,Agent_05,Payment Issue,Low,Phone,38.3,24.3,In Progress,Yes,No,94.7,5,84.5
INT-04522,2025-03-04,Agent_07,Refund Issue,High,Email,97.8,34.8,Resolved,Yes,No,83.0,5,84.5
INT-03018,2025-03-04,Agent_16,App Crash,Low,Phone,203.1,32.4,Resolved,Yes,No,100.0,4,87.0
INT-03980,2025-03-05,Agent_07,Login Issue,High,WhatsApp,107.2,28.5,In Progress,Yes,No,83.4,5,79.0
INT-01771,2025-03-05,Agent_01,Login Issue,Critical,WhatsApp,52.7,96.0,Resolved,Yes,No,67.7,5,81.7
INT-03597,2025-03-05,Agent_08,Login Issue,Medium,WhatsApp,124.8,29.7,In Progress,No,No,80.0,4,85.0
INT-02802,2025-03-05,Agent_17,App Crash,Medium,Email,140.2,26.9,Escalated,Yes,No,87.4,5,88.3
INT-02245,2025-03-05,Agent_06,Product Defect,Low,Chat,71.5,48.6,Resolved,Yes,No,87.3,5,95.4
INT-03160,2025-03-05,Agent_07,Product Defect,Medium,Phone,117.1,27.2,Resolved,Yes,No,84.7,4,82.8
INT-01775,2025-03-05,Agent_16,Login Issue,Low,Email,77.6,27.9,In Progress,Yes,No,92.5,5,91.5
INT-03187,2025-03-05,Agent_16,Payment Issue,Medium,Chat,60.5,28.6,Resolved,Yes,No,91.9,5,96.9
INT-04948,2025-03-05,Agent_16,Login Issue,High,Phone,75.8,64.1,Escalated,No,Yes,70.8,4,98.9
INT-04270,2025-03-05,Agent_15,Product Defect,Low,Email,50.8,19.7,In Progress,Yes,No,93.4,5,91.7
INT-01350,2025-03-05,Agent_15,Refund Issue,Low,Email,51.2,42.5,Resolved,Yes,No,87.9,4,90.5
INT-03427,2025-03-05,Agent_16,General Inquiry,Medium,Email,53.6,17.9,Resolved,Yes,No,92.3,4,98.7
INT-00962,2025-03-05,Agent_01,Refund Issue,Low,Email,68.7,45.6,Resolved,Yes,No,80.5,4,87.5
INT-01976,2025-03-05,Agent_01,Refund Issue,Low,WhatsApp,26.1,23.6,Resolved,Yes,No,85.0,4,90.3
INT-04732,2025-03-05,Agent_17,Payment Issue,High,Chat,82.4,37.1,Resolved,Yes,No,91.3,5,87.7
INT-00908,2025-03-05,Agent_20,App Crash,Medium,WhatsApp,52.2,21.6,Escalated,No,No,92.9,5,96.7
INT-00037,2025-03-05,Agent_08,Delivery Delay,Critical,Email,92.7,65.6,Escalated,Yes,Yes,67.4,3,85.5
INT-04653,2025-03-05,Agent_18,Payment Issue,Medium,Email,55.2,47.6,Resolved,No,No,81.8,5,94.5
INT-01008,2025-03-05,Agent_05,Login Issue,High,Chat,140.3,54.4,In Progress,No,No,69.6,5,90.5
INT-03529,2025-03-05,Agent_06,Account Blocked,Medium,Phone,216.8,33.0,Escalated,Yes,Yes,73.4,3,87.3
INT-01011,2025-03-05,Agent_09,Login Issue,Low,Email,69.1,22.0,In Progress,Yes,No,94.1,5,94.4
INT-02564,2025-03-05,Agent_20,Payment Issue,Medium,Email,114.3,87.0,Resolved,Yes,No,84.7,5,100.0
INT-02678,2025-03-05,Agent_03,Login Issue,High,Email,70.3,52.3,Resolved,Yes,No,71.1,4,92.9
INT-03734,2025-03-05,Agent_05,General Inquiry,Medium,Phone,55.5,25.1,Resolved,Yes,No,93.8,5,91.2
INT-01729,2025-03-05,Agent_17,Login Issue,Medium,Chat,41.4,32.3,Resolved,Yes,No,91.7,5,97.2
INT-04778,2025-03-05,Agent_07,General Inquiry,Medium,Chat,141.6,25.6,Resolved,No,No,78.6,4,92.9
INT-04392,2025-03-06,Agent_19,Payment Issue,High,Email,111.8,46.8,In Progress,No,No,70.2,5,91.6
INT-04491,2025-03-06,Agent_05,Delivery Delay,High,WhatsApp,45.4,72.9,Escalated,Yes,Yes,64.3,3,89.7
INT-04011,2025-03-06,Agent_19,Delivery Delay,Critical,Chat,75.8,64.0,In Progress,Yes,No,86.2,5,95.3
INT-03675,2025-03-06,Agent_12,Account Blocked,Medium,WhatsApp,44.7,23.8,In Progress,Yes,No,84.6,5,85.0
INT-00983,2025-03-06,Agent_14,General Inquiry,High,Email,135.9,64.3,Escalated,No,Yes,81.5,4,87.8
INT-04947,2025-03-06,Agent_06,App Crash,Low,Phone,68.4,9.6,Resolved,Yes,No,81.8,4,94.8
INT-03819,2025-03-06,Agent_17,Login Issue,Medium,Email,110.0,22.4,Resolved,Yes,No,84.6,5,91.1
INT-00707,2025-03-06,Agent_13,Account Blocked,Low,Email,65.0,26.4,Resolved,Yes,No,92.1,4,91.1
INT-03199,2025-03-06,Agent_20,Account Blocked,Low,Phone,66.1,59.6,Escalated,Yes,Yes,86.8,4,90.5
INT-00608,2025-03-06,Agent_06,Account Blocked,Medium,Email,46.0,33.2,Resolved,Yes,No,90.0,5,89.4
INT-01493,2025-03-06,Agent_05,App Crash,Critical,WhatsApp,118.7,39.3,In Progress,No,No,67.6,3,91.6
INT-03857,2025-03-06,Agent_10,Payment Issue,Low,Phone,101.9,13.0,Resolved,Yes,No,93.9,5,86.8
INT-04205,2025-03-06,Agent_09,App Crash,Low,Email,67.0,17.0,Escalated,Yes,Yes,77.6,4,89.4
INT-02906,2025-03-06,Agent_02,Product Defect,Medium,Phone,77.8,42.5,Resolved,Yes,No,80.5,5,88.2
INT-02330,2025-03-06,Agent_06,Payment Issue,Medium,Email,84.3,28.4,Escalated,No,No,72.0,4,91.7
INT-02093,2025-03-06,Agent_08,General Inquiry,Medium,Phone,205.8,35.0,Resolved,Yes,No,73.1,4,95.5
INT-03365,2025-03-06,Agent_07,Delivery Delay,Medium,Email,196.3,56.0,Escalated,No,Yes,66.7,3,84.7
INT-02485,2025-03-06,Agent_17,Refund Issue,Low,Chat,59.6,44.0,Resolved,Yes,No,87.9,4,92.7
INT-03616,2025-03-06,Agent_07,General Inquiry,Critical,Phone,124.8,34.0,Resolved,No,No,76.0,4,85.6
INT-02394,2025-03-06,Agent_16,Payment Issue,Critical,WhatsApp,73.1,51.0,Resolved,Yes,No,81.2,4,86.5
INT-01243,2025-03-06,Agent_04,Product Defect,High,Email,69.5,42.5,Resolved,Yes,No,80.2,4,82.3
INT-00089,2025-03-06,Agent_13,App Crash,Medium,Chat,88.6,33.6,Escalated,No,No,78.4,4,91.3
INT-04239,2025-03-06,Agent_02,General Inquiry,Low,Phone,103.6,24.1,Resolved,Yes,No,85.2,5,89.3
INT-03929,2025-03-06,Agent_05,Product Defect,Low,Phone,49.1,46.5,Resolved,Yes,No,76.4,4,90.0
INT-00498,2025-03-06,Agent_04,Login Issue,Medium,Phone,121.1,43.4,Escalated,Yes,No,72.4,4,92.3
INT-03414,2025-03-06,Agent_19,Payment Issue,Medium,WhatsApp,62.9,48.1,In Progress,Yes,No,96.5,5,95.5
INT-04688,2025-03-06,Agent_11,General Inquiry,Critical,Phone,126.2,63.6,Resolved,Yes,No,88.5,5,87.3
INT-03433,2025-03-06,Agent_12,Account Blocked,Low,Chat,69.9,11.1,In Progress,Yes,No,92.2,5,91.7
INT-00374,2025-03-06,Agent_16,App Crash,Medium,Chat,45.7,25.7,Resolved,Yes,No,86.8,5,90.3
INT-03739,2025-03-06,Agent_02,Delivery Delay,Low,WhatsApp,71.4,84.2,Resolved,Yes,No,75.3,5,89.9
INT-01950,2025-03-07,Agent_02,Product Defect,Medium,WhatsApp,116.2,44.7,Resolved,Yes,No,73.1,4,88.0
INT-01070,2025-03-07,Agent_15,App Crash,Critical,Email,179.7,96.0,Resolved,No,No,80.1,4,93.4
INT-04979,2025-03-07,Agent_15,Account Blocked,High,Phone,69.7,30.6,In Progress,Yes,No,85.8,5,98.3
INT-01908,2025-03-07,Agent_16,Payment Issue,Low,WhatsApp,25.6,28.9,Resolved,Yes,No,89.2,5,88.9
INT-04375,2025-03-07,Agent_07,Login Issue,High,Email,103.1,62.2,Resolved,No,No,70.4,4,96.7
INT-04976,2025-03-07,Agent_05,Payment Issue,Low,Phone,67.5,8.7,Resolved,Yes,No,88.5,5,81.9
INT-00933,2025-03-07,Agent_14,Refund Issue,Medium,Phone,110.2,32.8,Resolved,Yes,No,89.0,5,90.7
INT-04341,2025-03-07,Agent_20,App Crash,High,Phone,151.6,50.4,Escalated,No,No,72.5,4,90.7
INT-04031,2025-03-07,Agent_02,Payment Issue,Medium,Email,80.3,40.5,Resolved,Yes,No,79.6,4,88.1
INT-00766,2025-03-07,Agent_16,Product Defect,Medium,Phone,132.7,38.7,In Progress,Yes,No,83.6,4,94.3
INT-02686,2025-03-07,Agent_03,General Inquiry,Medium,WhatsApp,52.9,31.6,Escalated,Yes,Yes,78.1,4,88.8
INT-02344,2025-03-07,Agent_02,Account Blocked,Medium,Chat,75.5,40.4,Escalated,Yes,No,76.8,4,83.4
INT-03661,2025-03-07,Agent_07,Refund Issue,Critical,Email,193.0,50.5,In Progress,No,No,69.6,4,87.1
INT-02954,2025-03-07,Agent_06,Delivery Delay,Medium,Chat,142.6,51.5,Escalated,Yes,No,70.3,4,94.0
INT-03653,2025-03-07,Agent_08,Login Issue,Medium,Chat,43.0,63.2,Resolved,Yes,No,73.2,4,97.5
INT-04723,2025-03-07,Agent_01,Payment Issue,Medium,Chat,106.8,25.7,Resolved,Yes,No,77.3,4,85.7
INT-00382,2025-03-07,Agent_17,Login Issue,Medium,WhatsApp,114.2,43.8,Resolved,Yes,No,95.5,5,91.9
INT-03083,2025-03-07,Agent_13,Delivery Delay,Medium,WhatsApp,240.0,34.7,Escalated,No,Yes,66.4,3,87.6
INT-02381,2025-03-07,Agent_12,Refund Issue,Medium,Email,91.7,35.6,Resolved,No,No,79.0,4,94.2
INT-00149,2025-03-07,Agent_04,Payment Issue,Low,Email,149.1,16.8,Resolved,No,No,72.9,5,94.3
INT-02914,2025-03-07,Agent_11,General Inquiry,Low,Phone,67.3,3.4,Escalated,Yes,No,82.5,5,100.0
INT-00497,2025-03-08,Agent_04,Delivery Delay,Low,Phone,39.3,55.7,Resolved,Yes,No,80.2,4,93.0
INT-02349,2025-03-08,Agent_06,Delivery Delay,Critical,Chat,198.2,41.7,Resolved,No,No,67.4,3,88.0
INT-04052,2025-03-08,Agent_02,General Inquiry,Medium,Phone,91.7,23.2,Resolved,Yes,No,90.8,5,85.9
INT-02372,2025-03-08,Agent_19,Delivery Delay,Low,WhatsApp,92.2,22.7,In Progress,Yes,No,95.3,5,96.0
INT-03443,2025-03-08,Agent_05,Product Defect,Critical,Phone,45.7,67.7,In Progress,Yes,No,76.1,5,79.4
INT-01248,2025-03-08,Agent_16,Delivery Delay,Medium,WhatsApp,111.2,27.5,Resolved,Yes,No,93.3,5,100.0
INT-00342,2025-03-08,Agent_05,General Inquiry,High,Phone,170.3,28.4,Resolved,Yes,No,85.3,4,89.8
INT-04729,2025-03-08,Agent_10,Delivery Delay,Medium,Chat,95.9,58.5,Resolved,Yes,No,80.3,4,95.4
INT-01245,2025-03-08,Agent_17,App Crash,Critical,Phone,167.5,57.0,Resolved,Yes,No,87.3,5,88.3
INT-03615,2025-03-08,Agent_09,Product Defect,Medium,Phone,55.0,31.9,Resolved,Yes,No,78.3,5,85.9
INT-03093,2025-03-08,Agent_01,Product Defect,Critical,Chat,135.7,53.1,Resolved,No,No,64.9,4,83.3
INT-04134,2025-03-08,Agent_04,Account Blocked,Critical,Email,91.5,52.0,Resolved,Yes,No,84.3,4,89.2
INT-04380,2025-03-08,Agent_05,Login Issue,Medium,WhatsApp,119.2,33.6,Resolved,Yes,No,82.3,4,91.1
INT-00336,2025-03-08,Agent_11,App Crash,Low,Chat,112.3,19.6,Resolved,No,No,80.9,5,90.1
INT-02250,2025-03-08,Agent_13,Payment Issue,Medium,Email,137.8,29.6,Resolved,Yes,No,83.7,4,88.8
INT-02286,2025-03-08,Agent_04,Login Issue,High,Email,113.0,39.8,Resolved,Yes,No,71.7,4,86.9
INT-01054,2025-03-08,Agent_15,Login Issue,High,WhatsApp,123.2,38.4,Escalated,Yes,Yes,72.5,3,91.0
INT-03230,2025-03-08,Agent_05,App Crash,High,Chat,91.8,36.1,Resolved,Yes,No,85.0,4,96.9
INT-00891,2025-03-08,Agent_08,Payment Issue,High,Email,105.0,51.1,Resolved,No,No,75.8,4,91.3
INT-01570,2025-03-08,Agent_03,General Inquiry,Medium,Chat,86.4,22.1,Escalated,Yes,Yes,65.5,3,90.3
INT-01600,2025-03-08,Agent_08,Login Issue,Low,Chat,111.9,7.2,In Progress,Yes,No,87.0,4,89.0
INT-03584,2025-03-08,Agent_05,Payment Issue,Medium,Email,58.1,35.9,Resolved,Yes,No,77.0,5,89.6
INT-03593,2025-03-08,Agent_12,Delivery Delay,High,Chat,72.1,47.0,Resolved,Yes,No,78.2,5,86.1
INT-04902,2025-03-09,Agent_03,Product Defect,Medium,Phone,109.8,30.3,Resolved,Yes,No,70.3,4,95.9
INT-04089,2025-03-09,Agent_09,Delivery Delay,Medium,WhatsApp,54.8,65.4,Escalated,No,No,68.8,4,89.5
INT-02075,2025-03-09,Agent_07,Refund Issue,Critical,WhatsApp,87.8,80.0,Escalated,No,Yes,53.3,3,84.7
INT-02410,2025-03-09,Agent_19,Delivery Delay,Medium,WhatsApp,125.7,58.1,Resolved,Yes,No,80.8,4,94.1
INT-03926,2025-03-09,Agent_07,General Inquiry,High,WhatsApp,77.9,31.0,In Progress,Yes,No,84.5,5,87.3
INT-01121,2025-03-09,Agent_20,Login Issue,Medium,Email,70.1,45.2,Resolved,No,No,84.8,4,93.9
INT-01089,2025-03-09,Agent_17,Delivery Delay,High,Email,95.2,63.3,In Progress,Yes,No,76.7,4,96.1
INT-01564,2025-03-09,Agent_01,Product Defect,Medium,Phone,113.9,35.4,Resolved,No,No,68.2,4,96.3
INT-04070,2025-03-09,Agent_12,Account Blocked,Medium,Phone,162.7,26.4,Escalated,Yes,Yes,75.8,3,89.5
INT-00953,2025-03-09,Agent_01,Payment Issue,Medium,Chat,79.8,25.6,Escalated,Yes,No,81.2,4,84.9
INT-00889,2025-03-09,Agent_03,General Inquiry,High,Chat,53.2,36.2,In Progress,Yes,No,79.4,4,87.4
INT-04121,2025-03-09,Agent_13,App Crash,High,Chat,95.3,47.1,Resolved,Yes,No,85.8,5,92.6
INT-03977,2025-03-09,Agent_02,Payment Issue,Medium,Chat,100.5,41.0,Resolved,Yes,No,73.4,5,88.5
INT-03197,2025-03-09,Agent_09,General Inquiry,Medium,WhatsApp,66.5,40.8,In Progress,Yes,No,87.5,5,97.9
INT-03478,2025-03-09,Agent_17,App Crash,Low,Phone,68.4,24.8,In Progress,Yes,No,93.3,4,87.3
INT-00206,2025-03-09,Agent_12,Payment Issue,Low,Email,48.1,14.5,Resolved,Yes,No,91.3,5,93.2
INT-02578,2025-03-09,Agent_12,General Inquiry,Low,Phone,57.1,3.5,Resolved,Yes,No,97.0,5,89.2
INT-04412,2025-03-09,Agent_09,Delivery Delay,Low,WhatsApp,21.5,29.0,In Progress,Yes,No,87.3,5,90.6
INT-02259,2025-03-09,Agent_02,Delivery Delay,High,Phone,50.7,37.8,Escalated,Yes,No,70.0,4,87.6
INT-02215,2025-03-09,Agent_14,App Crash,Critical,Phone,40.4,43.4,Escalated,Yes,No,83.7,5,84.7
INT-02938,2025-03-09,Agent_05,Account Blocked,High,WhatsApp,178.1,48.1,Resolved,No,No,59.2,3,93.3
INT-03322,2025-03-09,Agent_14,App Crash,High,Email,90.1,39.5,Resolved,Yes,No,77.3,4,91.3
INT-00284,2025-03-09,Agent_10,App Crash,Medium,Phone,43.6,27.5,Resolved,Yes,No,87.9,4,91.6
INT-01500,2025-03-09,Agent_11,Delivery Delay,Medium,Chat,72.9,39.2,Resolved,Yes,No,84.7,4,88.9
INT-04531,2025-03-09,Agent_18,Product Defect,Medium,Chat,70.6,37.6,Resolved,Yes,No,93.9,5,91.8
INT-03503,2025-03-09,Agent_20,General Inquiry,High,Chat,141.9,54.3,Resolved,Yes,No,92.1,4,99.1
INT-03169,2025-03-09,Agent_01,Account Blocked,Medium,Email,59.1,46.2,In Progress,No,No,66.1,4,83.3
INT-01667,2025-03-09,Agent_14,Product Defect,Medium,Chat,58.6,26.2,In Progress,Yes,No,87.7,5,84.1
INT-04196,2025-03-09,Agent_04,Delivery Delay,Medium,Phone,102.2,56.6,Resolved,No,No,70.3,4,82.1
INT-02146,2025-03-09,Agent_15,Account Blocked,Medium,Chat,142.9,68.3,Resolved,Yes,No,79.7,4,96.7
INT-00996,2025-03-10,Agent_13,General Inquiry,Low,Email,100.2,5.4,Resolved,Yes,No,89.4,5,92.5
INT-01101,2025-03-10,Agent_17,Delivery Delay,Medium,WhatsApp,57.0,31.0,Escalated,Yes,Yes,76.7,4,90.1
INT-03031,2025-03-10,Agent_17,Login Issue,High,Phone,82.6,33.0,In Progress,Yes,No,87.9,5,95.6
INT-03439,2025-03-10,Agent_10,General Inquiry,Low,Chat,110.0,10.6,Resolved,Yes,No,89.7,4,90.7
INT-00211,2025-03-10,Agent_19,Product Defect,Low,Chat,84.6,33.0,Resolved,Yes,No,94.8,5,98.1
INT-04141,2025-03-10,Agent_10,Login Issue,Medium,Phone,89.4,51.8,Resolved,Yes,No,83.2,4,92.4
INT-03479,2025-03-10,Agent_14,App Crash,Medium,Email,37.9,57.5,Resolved,Yes,No,90.8,5,93.1
INT-02004,2025-03-10,Agent_05,Login Issue,High,Phone,91.6,48.5,Resolved,Yes,No,74.8,4,93.2
INT-02873,2025-03-10,Agent_14,Refund Issue,Medium,Email,88.4,37.6,Resolved,Yes,No,79.2,5,97.5
INT-02532,2025-03-10,Agent_06,Delivery Delay,High,Phone,75.0,72.4,Resolved,Yes,No,72.7,4,90.3
INT-01373,2025-03-10,Agent_13,Refund Issue,Medium,Email,44.0,60.0,Resolved,Yes,No,87.6,5,88.5
INT-03428,2025-03-10,Agent_02,General Inquiry,Low,Email,128.9,41.1,Resolved,No,No,76.4,4,86.3
INT-04465,2025-03-10,Agent_08,Payment Issue,Low,Email,65.2,24.5,Escalated,Yes,Yes,79.1,4,90.8
INT-04663,2025-03-10,Agent_02,Delivery Delay,Medium,Chat,86.8,38.0,Escalated,Yes,No,77.9,4,97.0
INT-04550,2025-03-10,Agent_02,Login Issue,Critical,Chat,65.3,65.8,Escalated,Yes,No,69.2,5,85.8
INT-04344,2025-03-10,Agent_20,App Crash,Medium,Phone,57.5,25.3,Resolved,Yes,No,85.7,5,94.6
INT-01935,2025-03-10,Agent_08,Account Blocked,Medium,Chat,68.6,41.4,Resolved,Yes,No,83.3,5,92.6
INT-03190,2025-03-10,Agent_03,Account Blocked,Critical,WhatsApp,73.6,57.5,Resolved,Yes,No,69.9,4,77.7
INT-00794,2025-03-10,Agent_15,General Inquiry,High,Email,87.1,60.3,Resolved,Yes,No,95.7,5,100.0
INT-03731,2025-03-10,Agent_13,Account Blocked,High,Email,51.0,34.6,Resolved,Yes,No,84.9,5,94.0
INT-00477,2025-03-10,Agent_06,Delivery Delay,Critical,Chat,94.1,72.9,Escalated,Yes,Yes,62.3,4,88.3
INT-04309,2025-03-10,Agent_02,Payment Issue,Low,Phone,102.2,42.0,Resolved,No,No,72.2,4,94.8
INT-00457,2025-03-10,Agent_13,Payment Issue,Medium,Email,87.1,29.9,Resolved,Yes,No,83.8,4,90.4
INT-00448,2025-03-10,Agent_13,Payment Issue,Low,Email,133.1,63.9,Escalated,Yes,Yes,80.6,4,86.9
INT-00469,2025-03-10,Agent_18,Account Blocked,Medium,Phone,100.5,27.1,Resolved,Yes,No,84.7,4,92.1
INT-03585,2025-03-10,Agent_18,Payment Issue,Low,WhatsApp,100.6,26.0,Resolved,Yes,No,88.0,4,98.3
INT-02783,2025-03-10,Agent_05,Product Defect,High,Phone,165.2,31.6,Resolved,Yes,No,70.5,4,92.6
INT-02800,2025-03-10,Agent_10,Delivery Delay,Low,Chat,41.4,39.6,In Progress,Yes,No,91.2,4,86.6
INT-02226,2025-03-10,Agent_14,Delivery Delay,Critical,Email,133.5,80.1,Resolved,Yes,No,72.9,4,92.1
INT-02062,2025-03-10,Agent_14,Refund Issue,Low,Phone,87.3,12.4,Resolved,Yes,No,93.8,5,89.8
INT-00567,2025-03-10,Agent_04,General Inquiry,Medium,Phone,59.9,58.7,Resolved,Yes,No,78.8,5,93.5
INT-03072,2025-03-10,Agent_19,General Inquiry,Low,Email,76.4,54.2,In Progress,Yes,No,99.4,4,97.3
INT-04842,2025-03-11,Agent_01,Login Issue,High,Email,48.0,31.6,Resolved,Yes,No,74.3,4,86.6
INT-03814,2025-03-11,Agent_07,Refund Issue,Medium,Chat,59.7,24.3,In Progress,Yes,No,74.2,4,82.2
INT-02292,2025-03-11,Agent_18,Payment Issue,Medium,Phone,51.4,19.4,Resolved,Yes,No,92.8,4,96.8
INT-00615,2025-03-11,Agent_13,Delivery Delay,Medium,Chat,112.8,30.2,In Progress,Yes,No,83.9,4,92.2
INT-02809,2025-03-11,Agent_14,Payment Issue,Low,Email,86.4,17.8,In Progress,Yes,No,81.6,4,90.0
INT-02705,2025-03-11,Agent_13,Refund Issue,Medium,WhatsApp,75.9,67.2,Resolved,No,No,79.0,5,94.1
INT-01945,2025-03-11,Agent_14,Login Issue,Low,Chat,55.5,23.3,In Progress,No,No,80.9,5,97.3
INT-04831,2025-03-11,Agent_19,Payment Issue,Medium,Phone,148.1,27.7,Escalated,No,No,74.7,4,100.0
INT-04148,2025-03-11,Agent_12,Payment Issue,Medium,WhatsApp,138.5,53.7,Resolved,No,No,76.3,4,90.6
INT-01656,2025-03-11,Agent_02,App Crash,High,Phone,144.1,48.8,Resolved,No,No,67.8,4,83.2
INT-04387,2025-03-11,Agent_07,Login Issue,Critical,Email,158.0,38.6,Resolved,No,No,69.9,4,94.4
INT-00218,2025-03-11,Agent_06,General Inquiry,Critical,Phone,120.2,46.7,Resolved,No,No,75.2,4,89.0
INT-02273,2025-03-11,Agent_05,Payment Issue,Medium,Chat,110.9,29.5,In Progress,Yes,No,86.3,5,81.0
INT-02843,2025-03-11,Agent_12,Product Defect,Medium,Phone,76.3,32.4,In Progress,Yes,No,87.2,5,94.4
INT-00828,2025-03-11,Agent_02,General Inquiry,High,Phone,77.6,36.6,Resolved,No,No,76.9,4,89.4
INT-01318,2025-03-11,Agent_09,Product Defect,Medium,Chat,100.7,33.1,In Progress,Yes,No,79.2,4,98.1
INT-03554,2025-03-11,Agent_18,Account Blocked,Low,Phone,170.5,34.3,Resolved,Yes,No,92.1,4,86.5
INT-00916,2025-03-11,Agent_13,Refund Issue,Medium,Email,88.3,27.6,Resolved,Yes,No,81.5,4,88.5
INT-02855,2025-03-11,Agent_02,Delivery Delay,High,Phone,69.0,32.3,Resolved,Yes,No,72.5,4,89.6
INT-00396,2025-03-11,Agent_06,Login Issue,Medium,Phone,142.9,41.9,Escalated,Yes,No,75.0,4,84.0
INT-03545,2025-03-11,Agent_09,Refund Issue,High,WhatsApp,92.5,54.5,Resolved,Yes,No,76.9,4,91.5
INT-02129,2025-03-11,Agent_04,Login Issue,High,WhatsApp,141.9,34.9,Resolved,No,No,74.3,4,85.5
INT-03974,2025-03-11,Agent_19,Product Defect,Medium,Chat,78.3,35.2,Resolved,Yes,No,83.8,5,91.6
INT-02819,2025-03-11,Agent_07,General Inquiry,High,Phone,100.6,49.4,Resolved,Yes,No,77.1,4,91.5
INT-00950,2025-03-11,Agent_18,Account Blocked,Medium,WhatsApp,114.0,48.7,Resolved,No,No,80.0,5,95.0
INT-04227,2025-03-11,Agent_13,General Inquiry,Low,WhatsApp,145.1,96.0,Resolved,Yes,No,85.1,5,92.1
INT-02728,2025-03-12,Agent_20,Login Issue,Medium,Phone,56.3,32.1,Escalated,Yes,No,100.0,5,91.8
INT-04661,2025-03-12,Agent_14,Delivery Delay,High,WhatsApp,89.7,36.6,Resolved,Yes,No,80.0,4,100.0
INT-02179,2025-03-12,Agent_13,General Inquiry,Medium,WhatsApp,78.5,45.5,Resolved,Yes,No,84.1,4,94.6
INT-00611,2025-03-12,Agent_16,App Crash,Medium,Chat,60.1,58.7,Resolved,No,No,78.9,5,93.2
INT-04949,2025-03-12,Agent_16,Delivery Delay,Medium,WhatsApp,57.6,37.9,Resolved,No,No,79.3,5,96.7
INT-04768,2025-03-12,Agent_19,Refund Issue,Medium,Email,87.9,48.1,Resolved,Yes,No,92.0,5,94.7
INT-00091,2025-03-12,Agent_09,General Inquiry,Critical,WhatsApp,125.7,41.8,In Progress,Yes,No,81.7,4,87.1
INT-02889,2025-03-12,Agent_10,App Crash,Medium,Email,129.0,25.5,Escalated,No,Yes,61.6,3,84.2
INT-00146,2025-03-12,Agent_20,Account Blocked,Medium,WhatsApp,50.0,22.5,In Progress,Yes,No,98.4,5,97.6
INT-03143,2025-03-12,Agent_18,App Crash,Medium,WhatsApp,122.1,37.2,Resolved,No,No,81.4,5,89.1
INT-04352,2025-03-12,Agent_16,Product Defect,Medium,Email,65.1,30.8,Resolved,Yes,No,87.3,5,89.8
INT-03612,2025-03-12,Agent_12,Login Issue,Low,Phone,51.5,5.1,Resolved,Yes,No,91.1,5,94.3
INT-01199,2025-03-12,Agent_18,Payment Issue,Medium,Phone,110.9,17.9,Resolved,Yes,No,94.9,5,90.1
INT-04101,2025-03-12,Agent_05,Login Issue,High,WhatsApp,71.8,80.6,Resolved,Yes,No,72.9,4,89.3
INT-04051,2025-03-12,Agent_06,Refund Issue,Low,Chat,76.9,53.1,In Progress,Yes,No,84.6,5,89.4
INT-04285,2025-03-13,Agent_06,Refund Issue,Low,Chat,118.8,30.5,Escalated,Yes,No,84.1,4,87.2
INT-02978,2025-03-13,Agent_18,Account Blocked,Medium,Chat,67.9,26.6,Resolved,Yes,No,79.2,5,89.1
INT-01584,2025-03-13,Agent_14,Delivery Delay,Medium,Chat,53.2,50.8,Escalated,No,No,83.8,4,88.5
INT-01125,2025-03-13,Agent_02,Login Issue,Medium,Phone,91.9,55.4,Resolved,No,No,71.5,4,96.1
INT-04292,2025-03-13,Agent_13,Product Defect,Medium,Chat,119.0,26.6,Resolved,Yes,No,82.9,4,90.3
INT-01769,2025-03-13,Agent_04,Delivery Delay,Medium,Email,90.0,24.5,In Progress,Yes,No,79.8,5,92.1
INT-02114,2025-03-13,Agent_12,App Crash,Low,Chat,121.9,18.8,In Progress,Yes,No,81.3,3,100.0
INT-02671,2025-03-13,Agent_01,Payment Issue,High,Phone,51.4,45.7,Escalated,Yes,Yes,61.6,3,85.4
INT-00108,2025-03-13,Agent_05,Product Defect,Low,Phone,108.3,13.0,In Progress,No,No,75.3,5,92.5
INT-03120,2025-03-13,Agent_13,General Inquiry,Medium,Phone,119.9,30.1,Escalated,No,No,83.6,4,96.1
INT-01736,2025-03-13,Agent_15,General Inquiry,Medium,Phone,61.9,46.8,In Progress,Yes,No,92.4,5,99.6
INT-01772,2025-03-13,Agent_17,Delivery Delay,High,Chat,78.4,49.8,Resolved,Yes,No,87.4,5,87.1
INT-02052,2025-03-13,Agent_05,Login Issue,Medium,WhatsApp,27.0,28.8,In Progress,Yes,No,76.7,4,88.3
INT-03236,2025-03-13,Agent_19,Product Defect,High,WhatsApp,83.8,57.8,Escalated,Yes,No,83.9,4,88.8
INT-01527,2025-03-13,Agent_13,Login Issue,High,Chat,126.6,47.9,Resolved,Yes,No,72.7,4,96.8
INT-03580,2025-03-13,Agent_06,Delivery Delay,Medium,Chat,139.7,29.2,Resolved,Yes,No,77.7,4,85.1
INT-01013,2025-03-13,Agent_01,General Inquiry,Critical,Phone,157.2,43.7,Resolved,Yes,No,79.7,5,86.7
INT-01246,2025-03-13,Agent_11,Refund Issue,Low,Phone,133.7,28.5,Resolved,Yes,No,80.8,4,96.5
INT-03642,2025-03-13,Agent_16,General Inquiry,High,Phone,43.3,35.3,Escalated,Yes,No,96.0,5,94.7
INT-04634,2025-03-13,Agent_06,Login Issue,Medium,Chat,76.6,30.6,Resolved,Yes,No,87.0,4,89.0
INT-03573,2025-03-13,Agent_13,Product Defect,Critical,Phone,72.1,68.4,Resolved,No,No,65.5,4,87.1
INT-01836,2025-03-13,Agent_20,App Crash,Low,Phone,119.1,45.6,In Progress,Yes,No,88.9,4,98.2
INT-00006,2025-03-13,Agent_10,General Inquiry,High,Phone,75.7,44.9,In Progress,Yes,No,83.2,5,91.4
INT-01440,2025-03-13,Agent_15,Delivery Delay,High,Email,80.4,60.0,Resolved,No,No,76.1,5,93.0
INT-02209,2025-03-13,Agent_11,Account Blocked,High,WhatsApp,44.2,57.8,Resolved,No,No,67.3,4,97.2
INT-01033,2025-03-13,Agent_04,General Inquiry,Medium,Phone,89.8,43.8,Escalated,Yes,Yes,75.1,4,82.8
INT-03303,2025-03-13,Agent_17,Product Defect,Low,Phone,77.0,46.3,Resolved,Yes,No,91.0,5,96.0
INT-00748,2025-03-13,Agent_14,Account Blocked,Low,Phone,72.1,22.2,Resolved,Yes,No,100.0,5,96.2
INT-03384,2025-03-14,Agent_20,Product Defect,Critical,WhatsApp,130.9,54.4,Escalated,Yes,Yes,79.1,4,86.6
INT-04685,2025-03-14,Agent_13,Refund Issue,Low,Phone,39.2,22.2,Escalated,Yes,No,100.0,5,86.0
INT-04496,2025-03-14,Agent_17,Refund Issue,Critical,Email,103.0,54.8,Resolved,Yes,No,78.2,4,86.4
INT-03572,2025-03-14,Agent_05,App Crash,Medium,Email,102.4,86.0,In Progress,Yes,No,69.8,4,90.3
INT-02573,2025-03-14,Agent_02,Product Defect,Medium,Email,91.1,42.7,Resolved,Yes,No,77.2,4,95.0
INT-04225,2025-03-14,Agent_06,Delivery Delay,Low,Email,115.8,22.6,Resolved,Yes,No,76.0,4,89.0
INT-03145,2025-03-14,Agent_04,Product Defect,Medium,Phone,51.7,71.8,Resolved,Yes,No,81.3,5,89.9
INT-01506,2025-03-14,Agent_18,Delivery Delay,Medium,Phone,83.2,33.0,Resolved,Yes,No,92.4,5,95.5
INT-02269,2025-03-14,Agent_02,Product Defect,Critical,Email,71.6,63.8,Escalated,Yes,Yes,59.0,4,83.4
INT-03799,2025-03-14,Agent_09,Product Defect,Medium,Chat,49.7,27.6,Resolved,Yes,No,84.9,4,83.1
INT-02845,2025-03-14,Agent_05,Payment Issue,High,WhatsApp,91.4,53.0,Resolved,No,No,67.1,4,95.6
INT-02066,2025-03-14,Agent_10,Payment Issue,Medium,Phone,165.3,22.4,Resolved,Yes,No,70.5,5,96.2
INT-02072,2025-03-14,Agent_06,App Crash,Low,Phone,11.2,54.6,Resolved,Yes,No,79.7,5,89.0
INT-00839,2025-03-14,Agent_12,Account Blocked,High,Chat,159.3,57.8,Resolved,No,No,78.1,4,88.9
INT-01381,2025-03-14,Agent_17,General Inquiry,Medium,Chat,107.5,13.3,Resolved,Yes,No,91.3,4,96.6
INT-04421,2025-03-14,Agent_18,Product Defect,Medium,Email,143.0,68.8,Resolved,No,No,77.7,4,94.8
INT-01830,2025-03-14,Agent_14,General Inquiry,High,Email,121.7,24.8,Resolved,Yes,No,82.4,5,94.2
INT-04445,2025-03-14,Agent_01,Payment Issue,Medium,WhatsApp,71.2,22.7,In Progress,Yes,No,70.8,4,84.0
INT-04384,2025-03-14,Agent_03,Product Defect,Medium,Email,41.8,33.5,Resolved,Yes,No,81.1,4,80.0
INT-01563,2025-03-14,Agent_08,Product Defect,Medium,Chat,49.8,36.6,Resolved,Yes,No,84.6,5,97.1
INT-02377,2025-03-14,Agent_06,Product Defect,High,Chat,55.8,54.2,Resolved,Yes,No,82.8,4,99.2
INT-00986,2025-03-14,Agent_09,General Inquiry,Low,Chat,37.3,71.0,Escalated,No,Yes,78.8,4,87.9
INT-00042,2025-03-14,Agent_14,Delivery Delay,Medium,Email,151.6,80.3,Resolved,Yes,No,70.9,3,93.4
INT-02445,2025-03-14,Agent_12,App Crash,Medium,Phone,200.2,49.5,Resolved,Yes,No,82.6,4,91.1
INT-01074,2025-03-15,Agent_13,Payment Issue,High,WhatsApp,63.2,42.0,Resolved,No,No,78.6,4,93.3
INT-00590,2025-03-15,Agent_14,Login Issue,Low,Email,48.5,13.3,In Progress,Yes,No,92.6,5,91.1
INT-00670,2025-03-15,Agent_07,Refund Issue,Medium,Phone,54.9,31.7,Resolved,Yes,No,90.1,5,85.3
INT-02806,2025-03-15,Agent_18,Login Issue,Low,Chat,99.3,93.7,Resolved,Yes,No,92.9,5,99.4
INT-01404,2025-03-15,Agent_03,General Inquiry,Low,WhatsApp,202.6,18.6,Escalated,Yes,Yes,74.2,3,82.0
INT-04640,2025-03-15,Agent_20,Delivery Delay,Low,Phone,146.7,43.5,Escalated,Yes,No,87.4,4,93.7
INT-01534,2025-03-15,Agent_15,Account Blocked,Medium,Chat,68.4,31.4,In Progress,Yes,No,83.7,5,91.8
INT-04430,2025-03-15,Agent_03,Payment Issue,High,Phone,63.6,56.8,Resolved,Yes,No,75.6,5,92.4
INT-03832,2025-03-15,Agent_18,Delivery Delay,Low,Email,34.7,16.6,In Progress,Yes,No,88.2,5,88.6
INT-00791,2025-03-15,Agent_20,App Crash,Medium,Email,120.2,24.7,Resolved,Yes,No,81.6,4,97.1
INT-02108,2025-03-15,Agent_09,Delivery Delay,Medium,Chat,75.3,55.1,Resolved,No,No,70.4,4,99.8
INT-01104,2025-03-15,Agent_14,App Crash,Low,Chat,68.9,20.1,Resolved,No,No,80.8,4,88.9
INT-00501,2025-03-15,Agent_19,Refund Issue,Medium,Phone,88.7,18.8,Resolved,Yes,No,97.2,5,97.8
INT-04908,2025-03-15,Agent_04,Delivery Delay,Medium,Chat,25.7,84.6,Resolved,Yes,No,68.7,4,95.3
INT-04023,2025-03-15,Agent_11,Account Blocked,Medium,Email,99.7,62.4,Resolved,Yes,No,80.4,5,91.8
INT-03690,2025-03-15,Agent_12,Refund Issue,Medium,Email,194.8,89.7,Resolved,No,No,65.1,4,95.4
INT-02907,2025-03-15,Agent_15,Refund Issue,Low,Chat,32.8,17.8,Resolved,Yes,No,91.5,5,97.3
INT-02972,2025-03-15,Agent_03,Delivery Delay,Critical,WhatsApp,46.6,89.6,Escalated,No,Yes,58.9,3,77.5
INT-02915,2025-03-15,Agent_15,General Inquiry,High,Chat,56.2,22.0,Resolved,Yes,No,100.0,5,92.2
INT-04361,2025-03-15,Agent_04,Refund Issue,Medium,Email,106.7,96.0,In Progress,Yes,No,74.1,4,93.0
INT-01267,2025-03-15,Agent_06,Login Issue,High,Phone,140.8,30.6,Resolved,Yes,No,66.5,4,87.4
INT-02175,2025-03-15,Agent_04,Product Defect,Medium,Phone,96.9,32.7,Resolved,No,No,74.9,4,87.7
INT-01658,2025-03-15,Agent_09,Delivery Delay,Low,Chat,44.8,36.6,Resolved,Yes,No,90.4,5,92.2
INT-04826,2025-03-15,Agent_17,General Inquiry,Low,Email,38.7,19.5,In Progress,Yes,No,100.0,5,93.3
INT-03556,2025-03-16,Agent_08,General Inquiry,Medium,Phone,106.2,44.9,Resolved,Yes,No,78.8,5,95.7
INT-03716,2025-03-16,Agent_04,App Crash,Medium,Chat,45.5,74.4,Resolved,Yes,No,76.5,4,84.6
INT-03341,2025-03-16,Agent_02,Delivery Delay,Critical,Email,240.0,39.1,Resolved,Yes,No,83.2,4,87.0
INT-02778,2025-03-16,Agent_20,App Crash,Low,Chat,170.2,26.3,Resolved,Yes,No,91.8,5,97.1
INT-03887,2025-03-16,Agent_07,Payment Issue,Medium,Chat,69.5,14.0,Escalated,Yes,Yes,66.2,4,82.0
INT-02703,2025-03-16,Agent_05,Account Blocked,High,Phone,55.2,44.1,Resolved,No,No,64.2,4,98.4
INT-04863,2025-03-16,Agent_05,Payment Issue,Low,Phone,67.2,39.2,Resolved,Yes,No,85.3,5,94.5
INT-01165,2025-03-16,Agent_01,General Inquiry,Low,WhatsApp,68.8,7.2,Resolved,Yes,No,86.5,5,86.2
INT-04475,2025-03-16,Agent_20,App Crash,Low,Chat,52.9,10.9,In Progress,Yes,No,91.0,5,99.3
INT-03640,2025-03-16,Agent_05,App Crash,Low,Phone,90.9,26.4,In Progress,Yes,No,88.3,5,88.8
INT-00266,2025-03-16,Agent_08,Delivery Delay,Low,WhatsApp,64.8,80.8,Resolved,No,No,71.0,4,90.3
INT-03909,2025-03-16,Agent_20,Delivery Delay,Low,WhatsApp,57.8,20.8,Resolved,Yes,No,93.5,5,98.3
INT-01704,2025-03-16,Agent_08,Delivery Delay,Medium,Phone,77.6,50.9,Resolved,Yes,No,86.3,5,90.7
INT-02087,2025-03-16,Agent_19,Login Issue,Medium,Email,51.8,96.0,Resolved,Yes,No,99.1,5,93.5
INT-04298,2025-03-16,Agent_01,App Crash,Medium,Email,96.4,19.1,Resolved,Yes,No,74.0,4,96.6
INT-00160,2025-03-16,Agent_08,Delivery Delay,Low,WhatsApp,92.2,14.6,Resolved,Yes,No,91.2,5,89.0
INT-00523,2025-03-16,Agent_05,Payment Issue,Medium,Phone,72.3,37.5,Resolved,Yes,No,81.6,4,92.7
INT-02348,2025-03-16,Agent_20,Product Defect,Low,Chat,43.1,34.6,Resolved,Yes,No,99.4,5,94.6
INT-04739,2025-03-16,Agent_14,Account Blocked,Low,Email,111.6,45.0,Resolved,Yes,No,83.7,5,86.8
INT-00934,2025-03-16,Agent_19,General Inquiry,Low,Phone,122.8,38.3,Resolved,No,No,84.2,4,93.2
INT-03968,2025-03-16,Agent_10,General Inquiry,Medium,WhatsApp,60.5,36.7,Resolved,Yes,No,99.5,5,93.9
INT-04982,2025-03-16,Agent_02,Delivery Delay,Medium,Phone,63.1,57.5,Resolved,Yes,No,73.0,4,93.0
INT-00586,2025-03-16,Agent_15,Account Blocked,High,Email,113.4,35.4,Resolved,Yes,No,80.6,5,90.2
INT-01317,2025-03-16,Agent_10,App Crash,High,Phone,121.0,32.0,Resolved,Yes,No,75.0,4,89.4
INT-00920,2025-03-16,Agent_19,Account Blocked,Medium,Phone,71.5,52.1,Escalated,No,No,85.4,4,100.0
INT-00010,2025-03-16,Agent_15,Refund Issue,Critical,Chat,112.7,81.8,Resolved,No,No,67.3,4,87.2
INT-00767,2025-03-16,Agent_05,App Crash,High,Phone,75.8,37.1,Resolved,Yes,No,85.0,4,91.8
INT-03398,2025-03-16,Agent_19,Delivery Delay,Medium,Chat,50.3,41.6,Resolved,Yes,No,88.8,5,94.1
INT-04937,2025-03-16,Agent_13,App Crash,High,Email,118.1,45.3,Resolved,Yes,No,81.2,4,95.9
INT-03066,2025-03-16,Agent_17,Payment Issue,Medium,Email,60.6,50.7,Resolved,Yes,No,91.6,4,94.4
INT-03444,2025-03-16,Agent_01,Login Issue,High,Phone,145.3,28.7,Resolved,No,No,70.7,4,94.9
INT-04163,2025-03-17,Agent_06,Payment Issue,High,Chat,108.9,49.9,Resolved,Yes,No,76.3,4,86.3
INT-04783,2025-03-17,Agent_20,Refund Issue,Medium,WhatsApp,57.8,34.4,Escalated,Yes,No,91.2,5,97.3
INT-03053,2025-03-17,Agent_08,Refund Issue,High,Email,59.6,65.6,Resolved,Yes,No,87.0,4,95.2
INT-03302,2025-03-17,Agent_19,Product Defect,Medium,Chat,98.3,48.9,Resolved,Yes,No,85.4,4,93.2
INT-02750,2025-03-17,Agent_18,General Inquiry,Low,Phone,56.6,30.2,Resolved,Yes,No,93.7,5,91.2
INT-02923,2025-03-17,Agent_09,App Crash,Medium,Email,25.2,33.2,In Progress,Yes,No,86.0,5,89.5
INT-00558,2025-03-17,Agent_06,Account Blocked,Medium,Phone,74.6,45.8,Resolved,Yes,No,75.1,5,94.4
INT-04591,2025-03-17,Agent_12,Login Issue,Low,Chat,23.9,11.6,Resolved,Yes,No,91.5,4,90.8
INT-02094,2025-03-17,Agent_04,Login Issue,Low,Phone,116.5,24.7,Resolved,No,No,76.9,5,88.1
INT-03982,2025-03-17,Agent_09,Login Issue,Medium,Email,134.7,24.7,Resolved,Yes,No,81.7,4,92.1
INT-03332,2025-03-17,Agent_15,General Inquiry,Medium,Chat,66.0,13.9,Resolved,No,No,87.9,4,83.8
INT-03228,2025-03-17,Agent_14,Product Defect,Medium,WhatsApp,71.0,27.4,In Progress,Yes,No,79.2,5,87.1
INT-01792,2025-03-17,Agent_20,Login Issue,High,Phone,102.1,25.8,Resolved,No,No,88.8,4,95.7
INT-01004,2025-03-17,Agent_05,Login Issue,Critical,Chat,58.4,53.8,Escalated,No,No,66.2,3,87.7
INT-00451,2025-03-17,Agent_03,Delivery Delay,Critical,WhatsApp,68.6,47.0,Resolved,Yes,No,70.9,4,79.5
INT-04095,2025-03-17,Agent_07,App Crash,Medium,Phone,52.2,17.9,Resolved,Yes,No,85.1,5,92.8
INT-02051,2025-03-17,Agent_12,App Crash,Medium,Chat,166.2,53.7,Resolved,Yes,No,84.1,4,100.0
INT-03205,2025-03-17,Agent_06,Payment Issue,Low,Phone,96.2,30.4,Resolved,Yes,No,83.0,5,94.5
INT-03206,2025-03-17,Agent_07,General Inquiry,High,Chat,66.1,30.6,Resolved,Yes,No,79.7,5,87.3
INT-04235,2025-03-17,Agent_18,Login Issue,Medium,Email,85.5,42.0,Resolved,Yes,No,93.2,5,88.7
INT-01966,2025-03-17,Agent_18,Payment Issue,Low,WhatsApp,143.4,49.4,Resolved,Yes,No,97.0,5,87.0
INT-01575,2025-03-17,Agent_10,Payment Issue,Medium,WhatsApp,120.1,32.9,Escalated,No,No,74.4,5,91.3
INT-01331,2025-03-17,Agent_17,General Inquiry,Low,WhatsApp,86.3,12.5,Resolved,Yes,No,99.2,5,95.1
INT-01090,2025-03-17,Agent_05,Payment Issue,Medium,Phone,49.2,16.3,Resolved,Yes,No,78.8,4,86.3
INT-01888,2025-03-17,Agent_18,Payment Issue,Medium,Email,66.2,50.4,Resolved,No,No,83.7,4,90.6
INT-00588,2025-03-17,Agent_05,General Inquiry,Medium,Chat,143.6,39.9,Escalated,No,No,76.8,4,86.6
INT-02167,2025-03-18,Agent_18,Payment Issue,Medium,Email,28.5,49.7,Resolved,No,No,87.8,5,93.4
INT-01809,2025-03-18,Agent_02,General Inquiry,Low,Phone,55.0,37.2,Resolved,Yes,No,87.0,5,91.1
INT-03109,2025-03-18,Agent_20,Account Blocked,High,Phone,63.3,42.8,Resolved,No,No,83.8,4,98.5
INT-01643,2025-03-18,Agent_15,Delivery Delay,High,Chat,51.1,54.7,In Progress,Yes,No,87.1,4,94.4
INT-04487,2025-03-18,Agent_01,Payment Issue,Low,Chat,137.2,47.7,Resolved,Yes,No,74.5,4,91.8
INT-01522,2025-03-18,Agent_18,Delivery Delay,Low,Phone,50.4,29.2,Resolved,Yes,No,90.4,5,88.0
INT-03969,2025-03-18,Agent_14,Product Defect,High,Chat,114.9,36.1,Resolved,Yes,No,84.4,5,89.2
INT-04859,2025-03-18,Agent_09,General Inquiry,Medium,Chat,55.8,23.0,Resolved,No,No,86.6,4,89.8
INT-02538,2025-03-18,Agent_09,Payment Issue,Low,Chat,45.4,34.4,Escalated,Yes,No,90.1,4,89.1
INT-03294,2025-03-18,Agent_08,Account Blocked,High,Phone,175.2,46.1,Resolved,Yes,No,73.4,3,93.8
INT-00968,2025-03-18,Agent_19,Payment Issue,Low,Phone,52.0,19.8,Resolved,Yes,No,97.5,5,100.0
INT-03471,2025-03-18,Agent_14,Delivery Delay,High,Chat,175.8,96.0,Escalated,No,Yes,54.3,3,85.9
INT-02305,2025-03-18,Agent_03,General Inquiry,High,Email,49.4,31.5,Resolved,Yes,No,81.1,5,87.9
INT-02073,2025-03-18,Agent_04,Product Defect,High,Chat,62.3,46.7,Escalated,Yes,No,77.7,4,89.0
INT-02242,2025-03-18,Agent_08,Delivery Delay,Medium,Phone,148.6,39.7,Escalated,Yes,No,79.0,4,85.6
INT-04724,2025-03-18,Agent_12,General Inquiry,Medium,Email,85.4,57.0,Resolved,No,No,82.7,5,97.7
INT-02419,2025-03-19,Agent_03,App Crash,Critical,WhatsApp,102.2,41.6,In Progress,No,No,63.7,4,86.2
INT-02776,2025-03-19,Agent_15,Delivery Delay,High,Email,110.6,32.1,Resolved,Yes,No,88.8,5,95.4
INT-00737,2025-03-19,Agent_02,Refund Issue,High,Phone,171.8,42.7,Resolved,No,No,66.1,3,86.0
INT-00862,2025-03-19,Agent_16,Refund Issue,Critical,Email,170.4,53.6,Resolved,Yes,No,71.3,4,93.4
INT-01994,2025-03-19,Agent_13,General Inquiry,High,Phone,82.3,62.9,Escalated,Yes,Yes,71.2,3,89.0
INT-01216,2025-03-19,Agent_17,Delivery Delay,Medium,Email,62.1,47.9,Resolved,Yes,No,93.2,5,87.9
INT-02608,2025-03-19,Agent_14,General Inquiry,Low,Email,75.7,37.5,Resolved,Yes,No,100.0,5,86.9
INT-01257,2025-03-19,Agent_19,Delivery Delay,Low,WhatsApp,40.4,29.8,Resolved,Yes,No,93.0,5,93.5
INT-04308,2025-03-19,Agent_16,App Crash,Medium,Email,52.1,44.3,Resolved,Yes,No,90.5,5,91.2
INT-03958,2025-03-19,Agent_03,Refund Issue,Low,Email,82.8,18.2,Resolved,Yes,No,93.2,5,89.9
INT-02151,2025-03-19,Agent_12,Delivery Delay,Critical,Email,111.1,70.1,Resolved,Yes,No,76.9,5,86.4
INT-02579,2025-03-19,Agent_04,Login Issue,Critical,Chat,94.5,49.6,Resolved,Yes,No,73.1,4,82.3
INT-03167,2025-03-19,Agent_18,General Inquiry,Critical,WhatsApp,80.6,62.6,Resolved,Yes,No,89.8,5,87.1
INT-01024,2025-03-19,Agent_18,App Crash,Medium,WhatsApp,47.0,40.0,Escalated,Yes,No,94.5,4,95.9
INT-00999,2025-03-19,Agent_12,Login Issue,Low,WhatsApp,88.6,27.5,Resolved,Yes,No,84.8,5,91.2
INT-04252,2025-03-19,Agent_17,General Inquiry,Medium,WhatsApp,50.9,20.8,Resolved,Yes,No,92.2,5,94.3
INT-03124,2025-03-19,Agent_14,Login Issue,Low,Phone,51.1,37.2,Resolved,No,No,86.3,5,100.0
INT-02241,2025-03-19,Agent_09,Payment Issue,High,Email,123.8,55.3,Resolved,No,No,70.4,4,93.5
INT-01931,2025-03-19,Agent_18,Payment Issue,Critical,WhatsApp,54.8,41.8,Resolved,No,No,76.5,5,84.4
INT-00836,2025-03-19,Agent_03,Login Issue,High,Phone,40.2,43.5,Resolved,No,No,67.0,4,92.6
INT-04717,2025-03-20,Agent_09,Payment Issue,Low,Chat,41.8,25.8,Resolved,Yes,No,93.9,5,86.2
INT-00781,2025-03-20,Agent_14,Product Defect,High,Phone,66.8,91.4,Escalated,No,No,71.4,4,94.7
INT-01662,2025-03-20,Agent_18,Payment Issue,Low,Phone,165.1,32.6,Resolved,Yes,No,83.9,4,92.5
INT-04726,2025-03-20,Agent_06,Product Defect,Low,Email,78.2,27.9,Resolved,No,No,81.3,5,97.7
INT-00936,2025-03-20,Agent_10,Product Defect,Medium,Chat,129.2,63.1,Escalated,No,Yes,63.9,3,89.1
INT-03703,2025-03-20,Agent_20,Account Blocked,High,Email,46.5,64.8,Resolved,Yes,No,83.3,5,93.7
INT-00943,2025-03-20,Agent_18,Product Defect,Medium,Chat,36.8,55.1,Escalated,Yes,Yes,85.5,5,82.2
INT-04325,2025-03-20,Agent_12,Login Issue,Critical,Chat,119.9,96.0,Escalated,Yes,No,82.8,5,97.0
INT-00776,2025-03-20,Agent_16,Payment Issue,Medium,Phone,134.5,50.4,Resolved,No,No,77.8,4,88.3
INT-01689,2025-03-20,Agent_02,Refund Issue,Medium,Phone,27.5,45.3,In Progress,Yes,No,77.6,5,92.8
INT-04397,2025-03-20,Agent_01,Delivery Delay,Medium,Email,68.2,52.3,Escalated,Yes,No,68.4,4,96.5
INT-01743,2025-03-20,Agent_05,Refund Issue,Low,Chat,198.1,10.1,Resolved,Yes,No,78.6,4,84.3
INT-03897,2025-03-20,Agent_09,Product Defect,Medium,Chat,46.9,24.9,Resolved,Yes,No,85.0,5,94.7
INT-04518,2025-03-20,Agent_12,Payment Issue,Low,WhatsApp,62.4,41.5,Resolved,No,No,90.5,5,91.7
INT-02527,2025-03-20,Agent_20,Delivery Delay,Low,Email,94.9,28.4,In Progress,Yes,No,97.6,5,92.4
INT-04847,2025-03-20,Agent_07,Payment Issue,Low,Phone,104.9,12.0,Resolved,Yes,No,91.0,5,90.8
INT-02943,2025-03-20,Agent_01,Login Issue,High,Chat,70.7,56.6,Resolved,No,No,63.3,4,82.4
INT-02478,2025-03-20,Agent_20,App Crash,Critical,Phone,90.0,82.2,Resolved,No,No,80.8,5,88.6
INT-02409,2025-03-20,Agent_13,Delivery Delay,Low,Email,146.0,18.6,Resolved,Yes,No,90.3,5,92.7
INT-01909,2025-03-20,Agent_08,General Inquiry,Low,Chat,59.7,13.6,Escalated,Yes,No,93.4,4,92.7
INT-03719,2025-03-20,Agent_07,Login Issue,Low,Email,124.7,27.3,Resolved,No,No,86.4,4,93.1
INT-03393,2025-03-20,Agent_02,Refund Issue,Critical,Phone,211.9,86.8,Resolved,No,No,68.9,4,86.3
INT-01434,2025-03-20,Agent_20,Login Issue,High,Email,130.6,61.4,Resolved,Yes,No,82.2,5,93.2
INT-02396,2025-03-21,Agent_07,App Crash,Critical,Phone,121.3,85.1,Resolved,Yes,No,74.4,4,88.5
INT-04003,2025-03-21,Agent_19,Login Issue,Low,Phone,109.7,45.0,Resolved,Yes,No,94.3,5,92.2
INT-02373,2025-03-21,Agent_07,Refund Issue,Medium,Phone,86.2,43.9,In Progress,Yes,No,74.5,4,91.2
INT-02137,2025-03-21,Agent_15,Product Defect,High,Chat,94.9,43.1,Escalated,Yes,No,85.7,5,92.6
INT-04272,2025-03-21,Agent_16,Refund Issue,High,Phone,61.5,54.0,Resolved,Yes,No,84.8,4,89.2
INT-00803,2025-03-21,Agent_20,Payment Issue,High,Chat,40.1,27.6,Resolved,Yes,No,89.8,4,93.9
INT-02026,2025-03-21,Agent_07,App Crash,Medium,Phone,123.2,22.5,Resolved,No,No,81.8,5,91.1
INT-00652,2025-03-21,Agent_19,General Inquiry,Medium,Email,88.2,16.9,Resolved,Yes,No,92.6,5,94.2
INT-04799,2025-03-21,Agent_16,Payment Issue,Medium,Email,60.3,56.0,Resolved,Yes,No,77.3,5,92.5
INT-01410,2025-03-21,Agent_06,Delivery Delay,High,Chat,105.6,58.7,Escalated,Yes,No,83.2,4,86.3
INT-04576,2025-03-21,Agent_14,Account Blocked,Medium,WhatsApp,24.6,30.8,Resolved,Yes,No,91.3,4,86.8
INT-00481,2025-03-21,Agent_06,Account Blocked,Critical,Phone,98.0,39.6,Resolved,No,No,77.0,5,82.6
INT-02990,2025-03-21,Agent_03,General Inquiry,Low,Chat,59.4,40.9,Resolved,Yes,No,79.6,5,91.4
INT-01796,2025-03-21,Agent_14,Delivery Delay,Medium,WhatsApp,92.8,52.5,Resolved,Yes,No,76.9,5,90.5
INT-01609,2025-03-21,Agent_07,Product Defect,Medium,WhatsApp,117.8,51.6,Resolved,No,No,71.6,3,93.6
INT-04267,2025-03-21,Agent_12,Product Defect,Medium,Chat,121.9,46.7,Escalated,No,Yes,71.9,3,85.4
INT-02449,2025-03-21,Agent_07,Product Defect,Medium,Email,85.6,24.3,In Progress,Yes,No,87.6,5,90.7
INT-02840,2025-03-21,Agent_08,Product Defect,Low,Phone,102.0,24.9,In Progress,No,No,78.3,4,86.5
INT-01963,2025-03-21,Agent_03,Product Defect,High,Phone,65.0,88.4,In Progress,Yes,No,66.6,4,87.5
INT-02732,2025-03-21,Agent_01,App Crash,Medium,Phone,72.5,31.6,Escalated,Yes,Yes,78.2,5,93.0
INT-04691,2025-03-21,Agent_06,General Inquiry,High,WhatsApp,145.5,52.4,In Progress,Yes,No,84.2,4,94.8
INT-02792,2025-03-22,Agent_05,Delivery Delay,Medium,WhatsApp,98.2,26.5,Resolved,Yes,No,80.6,4,91.8
INT-03577,2025-03-22,Agent_15,Refund Issue,Medium,Phone,73.2,41.0,Resolved,Yes,No,89.7,4,90.5
INT-04208,2025-03-22,Agent_08,General Inquiry,Low,WhatsApp,30.3,33.0,Resolved,Yes,No,83.3,5,93.4
INT-02569,2025-03-22,Agent_12,Payment Issue,Medium,Phone,56.0,39.2,In Progress,Yes,No,93.9,5,96.6
INT-00060,2025-03-22,Agent_08,General Inquiry,Low,Phone,81.0,4.2,Escalated,Yes,No,89.0,5,89.2
INT-01414,2025-03-22,Agent_11,Login Issue,High,Phone,83.9,63.7,Resolved,No,No,74.2,4,96.5
INT-04800,2025-03-22,Agent_16,Login Issue,Medium,Email,55.9,22.9,In Progress,Yes,No,89.5,5,98.4
INT-03576,2025-03-22,Agent_03,Login Issue,Medium,Phone,128.5,19.5,Resolved,Yes,No,81.9,4,94.1
INT-03361,2025-03-22,Agent_07,Login Issue,Medium,Phone,137.5,36.8,Resolved,Yes,No,88.0,5,90.1
INT-00098,2025-03-22,Agent_16,Payment Issue,Critical,Chat,63.1,46.2,Resolved,Yes,No,89.3,4,88.1
INT-04014,2025-03-22,Agent_19,Payment Issue,Low,WhatsApp,49.1,29.8,Resolved,Yes,No,98.9,5,92.5
INT-00511,2025-03-22,Agent_03,App Crash,High,Email,44.0,32.4,Escalated,Yes,No,68.2,5,96.7
INT-02892,2025-03-22,Agent_04,Refund Issue,Medium,Chat,35.0,51.2,Resolved,Yes,No,75.0,4,96.8
INT-00849,2025-03-22,Agent_13,Product Defect,High,Phone,41.9,41.2,In Progress,No,No,70.5,4,89.7
INT-04222,2025-03-22,Agent_15,General Inquiry,High,Chat,54.4,58.7,Resolved,Yes,No,92.5,5,91.5
INT-00192,2025-03-22,Agent_01,Payment Issue,Medium,Phone,107.0,30.5,In Progress,Yes,No,86.6,5,86.8
INT-01593,2025-03-22,Agent_06,Refund Issue,Medium,WhatsApp,75.2,35.4,Resolved,No,No,63.6,5,90.0
INT-04240,2025-03-22,Agent_17,Account Blocked,Critical,WhatsApp,108.1,67.3,Resolved,No,No,71.1,3,97.2
INT-01378,2025-03-22,Agent_06,Delivery Delay,High,Email,136.3,57.7,Resolved,No,No,60.1,4,95.2
INT-04232,2025-03-22,Agent_11,General Inquiry,High,Phone,60.8,53.8,Resolved,Yes,No,84.9,4,89.5
INT-03839,2025-03-22,Agent_14,Payment Issue,Critical,Phone,88.8,50.1,Resolved,Yes,No,81.3,4,90.0
INT-00785,2025-03-22,Agent_09,Delivery Delay,High,Email,61.1,31.9,Resolved,Yes,No,78.3,4,91.5
INT-01189,2025-03-22,Agent_11,General Inquiry,Medium,Chat,74.6,28.3,Resolved,No,No,86.3,5,86.6
INT-01298,2025-03-22,Agent_04,Account Blocked,Medium,Email,25.8,29.4,In Progress,Yes,No,82.9,5,89.0
INT-01712,2025-03-22,Agent_17,Refund Issue,High,Email,170.3,61.0,Resolved,Yes,No,81.9,4,100.0
INT-03687,2025-03-22,Agent_17,General Inquiry,Medium,Email,88.5,56.0,Resolved,Yes,No,94.1,5,95.6
INT-02488,2025-03-23,Agent_06,General Inquiry,High,Email,48.5,52.5,Resolved,Yes,No,73.2,4,88.1
INT-04477,2025-03-23,Agent_13,Login Issue,Low,Phone,149.7,48.4,Escalated,Yes,No,85.3,5,99.5
INT-04722,2025-03-23,Agent_15,App Crash,Medium,Phone,79.7,26.0,Resolved,Yes,No,89.5,5,91.6
INT-03064,2025-03-23,Agent_05,Account Blocked,Critical,Phone,167.2,42.0,Resolved,Yes,No,72.6,4,97.1
INT-00695,2025-03-23,Agent_10,General Inquiry,High,Chat,53.7,34.4,Escalated,Yes,No,85.1,5,91.6
INT-00279,2025-03-23,Agent_03,Payment Issue,High,Phone,67.7,28.9,Resolved,Yes,No,68.7,4,91.1
INT-01776,2025-03-23,Agent_08,Delivery Delay,Medium,Phone,187.4,57.7,Resolved,No,No,68.0,4,97.1
INT-04506,2025-03-23,Agent_09,App Crash,Low,Email,44.5,39.1,Resolved,Yes,No,84.6,5,89.7
INT-04481,2025-03-23,Agent_11,Delivery Delay,Medium,Email,36.8,23.9,Resolved,Yes,No,78.9,4,83.4
INT-02500,2025-03-23,Agent_01,Delivery Delay,High,Phone,120.9,37.2,In Progress,Yes,No,70.0,5,83.7
INT-04333,2025-03-23,Agent_15,General Inquiry,Critical,Email,111.3,39.9,In Progress,No,No,73.1,4,94.4
INT-03747,2025-03-23,Agent_02,Refund Issue,Medium,Chat,165.8,35.1,Resolved,Yes,No,76.9,4,90.2
INT-01278,2025-03-23,Agent_15,Account Blocked,Medium,Email,76.4,29.2,Escalated,Yes,No,91.1,5,93.2
INT-03713,2025-03-23,Agent_14,Login Issue,High,Phone,65.1,36.4,Resolved,Yes,No,86.7,5,95.3
INT-02366,2025-03-23,Agent_15,General Inquiry,Low,Email,75.2,46.2,In Progress,Yes,No,94.0,5,98.0
INT-00079,2025-03-23,Agent_10,App Crash,Medium,Phone,123.2,24.0,Escalated,Yes,No,96.4,5,93.7
INT-03515,2025-03-23,Agent_17,Payment Issue,Low,WhatsApp,65.2,14.0,Escalated,Yes,No,90.3,5,99.3
INT-01874,2025-03-23,Agent_10,Delivery Delay,High,WhatsApp,76.5,36.8,Resolved,No,No,71.4,4,97.4
INT-03326,2025-03-23,Agent_18,Delivery Delay,Medium,Chat,139.8,27.6,In Progress,Yes,No,85.3,4,96.1
INT-03320,2025-03-23,Agent_12,Delivery Delay,Medium,Phone,65.7,26.3,Resolved,Yes,No,90.1,5,98.1
INT-02872,2025-03-23,Agent_13,Delivery Delay,Medium,Phone,56.6,35.7,Resolved,Yes,No,87.5,5,93.2
INT-02082,2025-03-23,Agent_15,Refund Issue,Low,Phone,29.8,17.9,Resolved,Yes,No,83.2,4,91.1
INT-01442,2025-03-23,Agent_15,Account Blocked,Medium,WhatsApp,137.9,19.2,Resolved,Yes,No,80.8,4,87.9
INT-00774,2025-03-23,Agent_06,Login Issue,Critical,Email,37.5,79.3,Escalated,Yes,Yes,71.2,4,86.6
INT-02739,2025-03-23,Agent_05,Refund Issue,High,Phone,44.8,73.7,Resolved,No,No,63.0,4,85.4
INT-04348,2025-03-23,Agent_09,General Inquiry,High,WhatsApp,189.8,45.5,Resolved,Yes,No,74.2,3,90.2
INT-01640,2025-03-23,Agent_15,Refund Issue,High,Chat,67.2,33.1,Resolved,Yes,No,85.9,5,89.9
INT-04069,2025-03-23,Agent_16,Refund Issue,Medium,WhatsApp,77.6,34.2,Resolved,Yes,No,88.3,5,93.0
INT-01554,2025-03-23,Agent_09,Refund Issue,Medium,Chat,29.6,28.4,Escalated,No,No,73.4,4,86.4
INT-03563,2025-03-23,Agent_09,Payment Issue,Medium,Chat,105.2,25.3,Resolved,Yes,No,86.4,4,89.4
INT-02849,2025-03-23,Agent_01,Login Issue,Medium,WhatsApp,104.8,39.4,Escalated,Yes,No,78.9,4,89.0
INT-00233,2025-03-23,Agent_08,Payment Issue,Low,Email,139.8,12.1,Resolved,Yes,No,89.2,4,91.6
INT-00734,2025-03-24,Agent_04,App Crash,Medium,WhatsApp,47.1,39.3,Resolved,Yes,No,80.8,5,90.2
INT-00605,2025-03-24,Agent_05,Product Defect,High,Chat,148.7,52.9,Resolved,Yes,No,80.1,4,88.0
INT-04248,2025-03-24,Agent_03,Login Issue,High,Email,38.0,34.5,Resolved,Yes,No,74.8,4,88.0
INT-04900,2025-03-24,Agent_12,General Inquiry,Medium,Chat,88.6,48.5,Resolved,Yes,No,89.0,5,89.4
INT-03922,2025-03-24,Agent_08,General Inquiry,Low,WhatsApp,129.3,14.9,Resolved,Yes,No,89.3,5,95.6
INT-03751,2025-03-24,Agent_02,Delivery Delay,Low,Email,7.1,21.9,Escalated,Yes,No,81.1,4,97.2
INT-03135,2025-03-24,Agent_04,Account Blocked,High,Chat,156.8,41.9,Resolved,Yes,No,72.3,4,86.6
INT-01411,2025-03-24,Agent_07,App Crash,Low,Phone,53.2,17.4,Resolved,Yes,No,90.4,5,91.1
INT-02441,2025-03-24,Agent_15,App Crash,High,Chat,71.5,32.1,Resolved,Yes,No,87.9,4,93.7
INT-04946,2025-03-24,Agent_05,Delivery Delay,Low,Chat,59.5,31.3,Resolved,Yes,No,78.4,4,95.0
INT-02085,2025-03-24,Agent_05,App Crash,High,WhatsApp,78.0,52.5,Resolved,No,No,74.0,4,88.2
INT-04290,2025-03-24,Agent_19,Refund Issue,Medium,WhatsApp,123.6,55.4,Resolved,Yes,No,82.7,5,94.2
INT-04730,2025-03-24,Agent_10,Payment Issue,High,Email,92.4,70.5,Resolved,Yes,No,79.8,4,94.9
INT-04265,2025-03-24,Agent_08,General Inquiry,High,Email,82.3,62.9,In Progress,No,No,73.7,5,87.8
INT-04548,2025-03-24,Agent_01,Payment Issue,Low,WhatsApp,102.7,20.9,Resolved,Yes,No,83.3,5,93.2
INT-03649,2025-03-24,Agent_05,Delivery Delay,Medium,Phone,37.9,46.7,Resolved,Yes,No,80.7,5,85.0
INT-04260,2025-03-24,Agent_03,Payment Issue,Low,Chat,72.4,53.3,Resolved,Yes,No,78.9,5,93.4
INT-00901,2025-03-24,Agent_12,Refund Issue,High,Phone,99.4,49.1,Resolved,No,No,82.3,4,92.5
INT-04393,2025-03-24,Agent_20,Login Issue,Medium,WhatsApp,132.1,51.7,Resolved,No,No,81.0,4,93.7
INT-00563,2025-03-24,Agent_16,General Inquiry,Medium,Email,240.0,49.0,In Progress,Yes,No,93.0,4,91.5
INT-01022,2025-03-24,Agent_07,Product Defect,Medium,Phone,76.1,75.4,Escalated,Yes,No,76.0,4,91.5
INT-04697,2025-03-24,Agent_14,General Inquiry,High,Email,47.7,48.8,Resolved,No,No,78.4,5,93.0
INT-04417,2025-03-24,Agent_13,Login Issue,Medium,Email,102.7,23.4,Resolved,Yes,No,86.0,5,93.3
INT-02826,2025-03-25,Agent_10,Login Issue,Low,Phone,110.9,49.5,Resolved,Yes,No,81.1,4,92.9
INT-02334,2025-03-25,Agent_08,General Inquiry,High,Email,54.4,31.6,Resolved,Yes,No,90.9,5,93.8
INT-02184,2025-03-25,Agent_02,Refund Issue,Medium,Email,43.0,31.3,Resolved,Yes,No,77.2,5,86.2
INT-02020,2025-03-25,Agent_13,Product Defect,Low,Phone,138.1,35.7,In Progress,No,No,88.4,5,96.4
INT-04109,2025-03-25,Agent_17,Login Issue,Low,Chat,79.9,15.6,Escalated,Yes,No,93.7,5,99.2
INT-04229,2025-03-25,Agent_16,Refund Issue,Medium,Phone,119.9,54.0,Resolved,No,No,81.2,5,97.8
INT-00485,2025-03-25,Agent_08,Account Blocked,High,Phone,72.9,42.4,In Progress,Yes,No,81.7,3,85.8
INT-03777,2025-03-25,Agent_04,General Inquiry,Low,Email,82.7,21.3,Escalated,Yes,No,86.6,4,89.5
INT-00053,2025-03-25,Agent_06,Payment Issue,High,WhatsApp,108.6,51.6,Resolved,No,No,79.8,5,86.4
INT-00982,2025-03-25,Agent_16,Payment Issue,Critical,WhatsApp,47.9,41.3,Escalated,Yes,Yes,72.3,4,88.8
INT-04993,2025-03-25,Agent_08,Login Issue,Low,Email,65.4,40.0,Resolved,Yes,No,87.6,5,90.7
INT-00549,2025-03-25,Agent_10,Payment Issue,High,Chat,200.3,38.4,Resolved,Yes,No,78.4,3,96.2
INT-01761,2025-03-25,Agent_17,Refund Issue,High,Email,49.7,48.3,In Progress,Yes,No,85.7,4,98.4
INT-03941,2025-03-25,Agent_01,Login Issue,Medium,Email,82.9,22.4,Resolved,Yes,No,77.8,5,88.4
INT-01709,2025-03-25,Agent_02,Login Issue,Medium,Email,75.3,28.4,Resolved,Yes,No,70.8,4,90.7
INT-01943,2025-03-25,Agent_10,Payment Issue,Critical,Chat,67.4,40.8,Resolved,No,No,76.1,4,83.7
INT-04015,2025-03-25,Agent_05,Payment Issue,Medium,Email,90.4,48.6,Resolved,No,No,70.5,4,90.1
INT-02848,2025-03-25,Agent_10,Account Blocked,High,Chat,78.4,38.0,Escalated,Yes,Yes,76.2,4,81.4
INT-01190,2025-03-25,Agent_11,General Inquiry,High,Phone,95.7,43.7,Resolved,No,No,83.3,4,97.4
INT-03319,2025-03-25,Agent_14,Payment Issue,Medium,WhatsApp,74.1,26.1,In Progress,Yes,No,95.5,5,89.2
INT-03858,2025-03-25,Agent_11,Refund Issue,Medium,WhatsApp,81.1,48.2,Resolved,Yes,No,92.7,4,99.0
INT-03256,2025-03-25,Agent_15,Payment Issue,High,Email,52.6,55.3,In Progress,No,No,71.1,4,88.7
INT-04373,2025-03-25,Agent_17,Delivery Delay,Medium,Email,71.0,41.6,Resolved,Yes,No,85.6,5,94.7
INT-01718,2025-03-25,Agent_18,App Crash,High,WhatsApp,124.0,43.9,Resolved,Yes,No,83.3,5,96.5
INT-01840,2025-03-25,Agent_16,Delivery Delay,Medium,WhatsApp,66.1,38.6,Resolved,Yes,No,81.1,4,96.5
INT-00271,2025-03-25,Agent_12,Login Issue,Medium,Phone,48.9,30.7,Resolved,Yes,No,94.3,5,86.6
INT-04832,2025-03-25,Agent_07,Payment Issue,Medium,Phone,58.0,16.8,In Progress,Yes,No,83.3,5,90.8
INT-00793,2025-03-25,Agent_14,Delivery Delay,Low,Phone,81.2,29.6,Resolved,Yes,No,88.2,4,93.0
INT-01845,2025-03-25,Agent_05,Delivery Delay,Medium,Email,74.1,56.7,Resolved,Yes,No,73.6,5,89.8
INT-04834,2025-03-25,Agent_19,General Inquiry,Low,WhatsApp,30.8,23.0,Resolved,Yes,No,100.0,5,93.6
INT-04323,2025-03-25,Agent_19,Payment Issue,High,Phone,82.5,26.1,Resolved,Yes,No,86.5,5,89.5
INT-03330,2025-03-25,Agent_08,Product Defect,Low,Phone,61.6,20.5,In Progress,Yes,No,88.4,5,88.3
INT-01491,2025-03-25,Agent_19,Refund Issue,High,Phone,86.8,47.5,Resolved,No,No,71.3,5,91.2
INT-03125,2025-03-25,Agent_16,Login Issue,High,WhatsApp,130.4,23.9,Resolved,Yes,No,80.7,5,99.3
INT-04547,2025-03-25,Agent_03,Refund Issue,Critical,Phone,101.4,95.7,Escalated,Yes,No,69.8,4,90.9
INT-00158,2025-03-25,Agent_14,Delivery Delay,High,Email,107.7,56.4,Resolved,Yes,No,86.6,5,96.5
INT-03350,2025-03-25,Agent_08,Refund Issue,Medium,WhatsApp,114.4,38.8,In Progress,No,No,67.9,4,98.6
INT-04607,2025-03-26,Agent_04,Account Blocked,Low,Phone,46.8,71.0,Resolved,No,No,71.9,4,92.2
INT-02908,2025-03-26,Agent_09,Account Blocked,Medium,Email,53.6,30.1,Resolved,Yes,No,78.1,5,92.0
INT-03496,2025-03-26,Agent_13,Login Issue,Medium,Chat,70.4,41.6,Resolved,No,No,80.3,4,95.4
INT-01321,2025-03-26,Agent_02,App Crash,High,Phone,42.6,45.4,Resolved,Yes,No,77.5,4,83.2
INT-01271,2025-03-26,Agent_07,Refund Issue,Critical,Phone,131.2,96.0,Resolved,No,No,62.9,3,94.0
INT-04508,2025-03-26,Agent_10,Delivery Delay,Low,Email,138.9,83.4,Resolved,No,No,74.5,4,92.7
INT-04156,2025-03-26,Agent_08,General Inquiry,High,Chat,240.0,49.5,Resolved,Yes,No,71.3,4,99.2
INT-00764,2025-03-26,Agent_03,Refund Issue,Medium,Phone,78.2,35.6,Resolved,No,No,76.3,4,83.0
INT-02112,2025-03-26,Agent_10,General Inquiry,High,Email,106.8,64.9,Resolved,Yes,No,79.9,5,83.6
INT-00711,2025-03-26,Agent_05,App Crash,Medium,Phone,128.6,63.2,Escalated,No,Yes,69.1,3,87.4
INT-03520,2025-03-26,Agent_14,Delivery Delay,Critical,Phone,164.2,57.6,In Progress,Yes,No,77.2,4,88.7
INT-00736,2025-03-26,Agent_14,Refund Issue,Medium,Chat,75.6,36.6,Resolved,Yes,No,96.0,5,81.8
INT-02977,2025-03-26,Agent_08,Product Defect,Medium,Chat,55.6,24.0,Escalated,Yes,No,78.2,4,97.8
INT-02346,2025-03-26,Agent_14,Product Defect,Low,WhatsApp,59.0,49.6,Escalated,Yes,No,94.6,5,94.6
INT-03270,2025-03-26,Agent_10,Refund Issue,High,Email,64.6,36.7,In Progress,Yes,No,78.7,5,97.9
INT-04436,2025-03-26,Agent_08,Payment Issue,High,Chat,98.3,31.4,Resolved,Yes,No,81.1,4,89.4
INT-02881,2025-03-26,Agent_07,Login Issue,High,Phone,121.8,34.4,Resolved,Yes,No,76.9,4,85.0
INT-02031,2025-03-26,Agent_04,Login Issue,High,Phone,49.0,92.8,Resolved,Yes,No,77.3,4,91.8
INT-04897,2025-03-26,Agent_18,Login Issue,Medium,Email,77.5,25.9,Escalated,Yes,No,85.7,5,92.5
INT-04540,2025-03-26,Agent_11,Login Issue,Low,Email,126.1,33.1,In Progress,No,No,73.2,4,90.5
INT-00462,2025-03-26,Agent_19,Refund Issue,Medium,Phone,38.1,38.9,In Progress,Yes,No,91.9,5,97.0
INT-02248,2025-03-26,Agent_20,Account Blocked,Critical,Email,150.3,46.0,Resolved,Yes,No,87.2,4,95.3
INT-03175,2025-03-27,Agent_02,Payment Issue,Medium,Chat,146.4,35.3,Resolved,Yes,No,76.8,4,84.8
INT-04161,2025-03-27,Agent_19,Delivery Delay,High,Phone,147.4,43.2,Resolved,Yes,No,78.3,4,96.9
INT-02922,2025-03-27,Agent_07,Payment Issue,High,Chat,107.9,63.9,Escalated,Yes,Yes,65.7,3,89.4
INT-01295,2025-03-27,Agent_15,Payment Issue,Medium,Email,116.0,18.6,Resolved,No,No,71.6,4,91.3
INT-01431,2025-03-27,Agent_14,General Inquiry,Medium,Chat,72.9,35.0,Escalated,No,Yes,73.2,4,94.5
INT-03485,2025-03-27,Agent_15,Delivery Delay,Low,Chat,63.7,35.1,Resolved,No,No,83.8,4,96.2
INT-00551,2025-03-27,Agent_11,App Crash,Medium,Email,94.7,21.4,Resolved,No,No,85.2,5,89.9
INT-03957,2025-03-27,Agent_19,Delivery Delay,Low,Email,190.7,21.1,Resolved,Yes,No,86.5,4,91.4
INT-00714,2025-03-27,Agent_20,Account Blocked,Medium,Chat,77.4,20.1,Resolved,Yes,No,93.6,4,97.0
INT-00882,2025-03-27,Agent_06,App Crash,High,Email,169.6,75.6,Resolved,Yes,No,67.6,4,100.0
INT-04887,2025-03-27,Agent_20,Delivery Delay,Medium,Email,34.7,34.2,Resolved,Yes,No,92.3,5,89.5
INT-00392,2025-03-27,Agent_15,Payment Issue,High,Phone,190.5,40.5,Escalated,Yes,Yes,72.9,3,87.6
INT-02359,2025-03-27,Agent_10,Login Issue,High,Phone,58.0,48.7,Resolved,No,No,80.1,5,90.4
INT-00384,2025-03-27,Agent_14,Account Blocked,Low,Chat,29.1,10.6,Resolved,Yes,No,93.6,5,90.4
INT-00609,2025-03-27,Agent_04,Payment Issue,Low,Email,42.8,28.8,Resolved,Yes,No,85.0,4,83.8
INT-02038,2025-03-27,Agent_16,Refund Issue,Medium,Phone,65.1,59.2,Resolved,Yes,No,82.4,5,90.9
INT-02890,2025-03-27,Agent_12,Delivery Delay,High,Phone,116.6,54.6,Resolved,Yes,No,86.1,4,95.8
INT-01195,2025-03-27,Agent_01,Product Defect,High,Phone,105.2,34.9,Escalated,Yes,No,59.2,4,86.7
INT-02636,2025-03-27,Agent_06,Login Issue,Medium,WhatsApp,111.8,40.1,Resolved,No,No,69.2,4,88.9
INT-04690,2025-03-27,Agent_01,General Inquiry,Medium,Email,47.6,41.5,Escalated,Yes,Yes,73.9,4,85.1
INT-01335,2025-03-27,Agent_07,Login Issue,Low,Chat,129.4,40.7,Resolved,Yes,No,80.9,4,92.3
INT-03231,2025-03-27,Agent_09,Refund Issue,Medium,Phone,150.6,41.0,In Progress,Yes,No,86.2,4,86.3
INT-02473,2025-03-27,Agent_07,Payment Issue,Medium,Chat,69.2,28.8,Resolved,Yes,No,87.1,5,93.8
INT-00455,2025-03-27,Agent_09,Refund Issue,High,Phone,126.3,54.0,Resolved,Yes,No,73.0,4,89.1
INT-04019,2025-03-27,Agent_02,Account Blocked,Low,Email,80.9,32.9,Resolved,Yes,No,86.5,4,87.4
INT-00349,2025-03-27,Agent_11,Refund Issue,Medium,WhatsApp,80.6,40.0,Resolved,Yes,No,94.7,5,88.4
INT-02692,2025-03-27,Agent_19,Login Issue,Medium,Email,86.8,45.9,Escalated,Yes,No,91.4,5,88.1
INT-00147,2025-03-27,Agent_13,Account Blocked,Medium,Phone,86.0,75.2,Resolved,Yes,No,83.9,4,93.1
INT-04017,2025-03-27,Agent_08,Account Blocked,High,Chat,130.6,34.1,Resolved,Yes,No,80.5,5,84.7
INT-02291,2025-03-27,Agent_05,Delivery Delay,Low,Email,145.5,41.3,Resolved,Yes,No,79.9,4,86.7
INT-01798,2025-03-27,Agent_17,Delivery Delay,Low,Email,88.9,36.7,Resolved,Yes,No,85.1,4,87.0
INT-01069,2025-03-27,Agent_20,Payment Issue,Medium,Phone,66.5,51.6,Resolved,No,No,86.0,5,85.2
INT-02834,2025-03-27,Agent_13,Refund Issue,Low,Chat,68.7,29.8,Escalated,Yes,No,71.9,4,90.2
INT-02901,2025-03-27,Agent_14,Refund Issue,Medium,Email,178.8,48.7,In Progress,Yes,No,81.2,4,95.7
INT-04597,2025-03-28,Agent_02,General Inquiry,Medium,Email,79.5,21.2,Escalated,Yes,No,87.7,4,89.8
INT-01236,2025-03-28,Agent_19,App Crash,High,Chat,93.0,44.2,Resolved,Yes,No,86.1,5,95.0
INT-03091,2025-03-28,Agent_03,Payment Issue,Medium,Email,116.0,41.3,Escalated,Yes,No,77.9,4,94.3
INT-04590,2025-03-28,Agent_04,App Crash,Low,WhatsApp,150.6,21.6,Escalated,Yes,Yes,64.6,3,83.2
INT-04078,2025-03-28,Agent_10,App Crash,Medium,Chat,81.6,36.4,Resolved,Yes,No,82.8,4,100.0
INT-02128,2025-03-28,Agent_06,Refund Issue,Critical,Email,112.0,73.5,Resolved,Yes,No,69.9,3,91.4
INT-04941,2025-03-28,Agent_19,Product Defect,Critical,Phone,142.0,56.6,Escalated,No,No,75.2,4,99.3
INT-03725,2025-03-28,Agent_11,Delivery Delay,Low,Chat,74.5,29.0,Resolved,Yes,No,88.8,5,87.0
INT-02539,2025-03-28,Agent_19,Account Blocked,Low,WhatsApp,107.6,17.3,Resolved,Yes,No,91.3,5,98.8
INT-02875,2025-03-28,Agent_10,App Crash,Medium,Email,60.9,38.3,Resolved,Yes,No,84.8,5,88.1
INT-02535,2025-03-28,Agent_15,Product Defect,Medium,Chat,65.8,35.2,Resolved,Yes,No,88.6,4,90.2
INT-03804,2025-03-28,Agent_05,General Inquiry,High,Phone,112.7,22.1,Resolved,Yes,No,79.8,4,87.9
INT-03314,2025-03-28,Agent_02,Refund Issue,High,Phone,69.3,64.5,Resolved,No,No,68.6,4,85.1
INT-03488,2025-03-28,Agent_01,Delivery Delay,Low,Phone,52.4,41.7,Resolved,Yes,No,80.6,4,92.2
INT-03237,2025-03-28,Agent_03,Account Blocked,Critical,Phone,207.6,41.0,Resolved,Yes,No,68.1,4,84.7
INT-04914,2025-03-28,Agent_03,Refund Issue,Medium,Phone,196.1,50.2,Resolved,Yes,No,75.6,4,89.8
INT-01858,2025-03-28,Agent_17,Login Issue,Medium,Email,52.8,58.1,Resolved,Yes,No,92.3,5,99.6
INT-03202,2025-03-28,Agent_06,Account Blocked,Critical,Phone,68.7,60.3,Resolved,Yes,No,66.8,4,88.5
INT-03466,2025-03-28,Agent_20,Account Blocked,Critical,Phone,72.6,55.1,Resolved,Yes,No,87.5,5,86.3
INT-01332,2025-03-28,Agent_13,Product Defect,High,Phone,79.6,40.7,Resolved,Yes,No,69.1,4,91.1
INT-01927,2025-03-28,Agent_10,General Inquiry,Medium,Email,91.8,17.0,In Progress,Yes,No,92.0,5,97.2
INT-04168,2025-03-28,Agent_18,App Crash,Medium,Email,50.7,27.0,Resolved,No,No,87.7,5,98.1
INT-02529,2025-03-28,Agent_07,Payment Issue,Low,Phone,151.6,31.6,Resolved,Yes,No,81.8,4,90.8
INT-00197,2025-03-28,Agent_16,Delivery Delay,Low,Email,102.3,28.3,Resolved,Yes,No,88.1,5,93.5
INT-01510,2025-03-29,Agent_01,App Crash,Low,Email,81.3,30.8,Resolved,Yes,No,77.0,5,89.1
INT-01256,2025-03-29,Agent_10,Payment Issue,Medium,WhatsApp,88.6,35.0,Resolved,Yes,No,86.9,4,88.3
INT-02089,2025-03-29,Agent_12,App Crash,Medium,Chat,66.0,42.2,Resolved,Yes,No,83.4,5,93.0
INT-01519,2025-03-29,Agent_06,Login Issue,Medium,Phone,240.0,24.6,Escalated,No,Yes,64.7,3,93.8
INT-02650,2025-03-29,Agent_09,Login Issue,Medium,Email,51.4,22.0,Resolved,Yes,No,80.0,5,88.7
INT-04210,2025-03-29,Agent_16,App Crash,Medium,Chat,76.4,24.9,Escalated,Yes,No,83.1,4,95.0
INT-03442,2025-03-29,Agent_08,App Crash,Critical,Phone,144.7,43.9,Resolved,No,No,72.5,4,86.6
INT-00020,2025-03-29,Agent_11,Refund Issue,Medium,Chat,113.3,46.9,In Progress,No,No,74.5,4,97.0
INT-00011,2025-03-29,Agent_14,App Crash,Medium,WhatsApp,81.5,30.1,In Progress,Yes,No,85.2,5,91.0
INT-00093,2025-03-29,Agent_12,Delivery Delay,Low,Chat,55.4,44.0,Resolved,Yes,No,88.1,5,92.7
INT-03726,2025-03-29,Agent_09,Account Blocked,High,Email,48.8,42.4,Resolved,Yes,No,86.9,5,91.7
INT-02924,2025-03-29,Agent_01,General Inquiry,High,Phone,80.0,32.2,Resolved,Yes,No,79.3,4,85.3
INT-04562,2025-03-29,Agent_19,Product Defect,Medium,Chat,36.1,27.1,Resolved,Yes,No,88.3,4,93.9
INT-04658,2025-03-29,Agent_10,Refund Issue,High,Chat,187.2,38.9,Escalated,Yes,Yes,67.4,3,80.2
INT-04530,2025-03-29,Agent_17,General Inquiry,Low,Email,63.0,38.7,Resolved,Yes,No,99.3,5,87.5
INT-03129,2025-03-29,Agent_08,Product Defect,Medium,Phone,47.2,29.9,Resolved,Yes,No,79.4,4,91.9
INT-01768,2025-03-29,Agent_14,App Crash,High,Phone,105.0,40.6,Resolved,Yes,No,83.5,4,93.9
INT-04016,2025-03-29,Agent_17,App Crash,High,Email,133.4,52.7,Resolved,No,No,79.3,4,100.0
INT-03283,2025-03-29,Agent_11,Delivery Delay,Medium,Email,99.0,34.6,Resolved,Yes,No,73.1,4,91.9
INT-01789,2025-03-29,Agent_13,App Crash,High,Chat,53.8,52.2,Resolved,Yes,No,71.6,4,86.7
INT-01179,2025-03-29,Agent_03,Account Blocked,Medium,Phone,153.2,24.0,Resolved,Yes,No,74.5,4,96.4
INT-03278,2025-03-29,Agent_07,Refund Issue,Low,Chat,62.7,14.5,Resolved,Yes,No,92.4,4,93.2
INT-01653,2025-03-29,Agent_03,Refund Issue,Low,Phone,107.9,31.7,In Progress,Yes,No,78.7,4,84.5
INT-02530,2025-03-29,Agent_10,Account Blocked,Medium,Phone,145.6,19.4,Resolved,Yes,No,87.3,4,94.9
INT-01562,2025-03-30,Agent_06,General Inquiry,Medium,Chat,93.7,23.3,Resolved,Yes,No,88.0,5,94.2
INT-00028,2025-03-30,Agent_06,General Inquiry,Medium,Email,42.8,23.4,In Progress,Yes,No,87.8,5,91.0
INT-00444,2025-03-30,Agent_08,Delivery Delay,Critical,Phone,218.4,67.5,Escalated,Yes,Yes,60.8,3,82.7
INT-02964,2025-03-30,Agent_08,Product Defect,Low,Chat,70.8,32.5,Resolved,Yes,No,84.0,4,100.0
INT-02638,2025-03-30,Agent_01,Delivery Delay,Medium,Phone,69.5,54.1,Resolved,Yes,No,76.7,4,92.2
INT-04944,2025-03-30,Agent_01,General Inquiry,Medium,Phone,82.5,63.3,Resolved,Yes,No,86.4,5,93.9
INT-01417,2025-03-30,Agent_18,Refund Issue,Medium,Phone,41.8,45.2,In Progress,Yes,No,98.1,5,90.6
INT-00090,2025-03-30,Agent_16,App Crash,Medium,Email,51.9,27.9,Resolved,No,No,78.0,5,86.9
INT-01620,2025-03-30,Agent_19,Login Issue,Low,Chat,58.6,47.6,Escalated,Yes,No,93.2,5,94.3
INT-02880,2025-03-30,Agent_05,Login Issue,Medium,Phone,25.4,22.3,Resolved,Yes,No,86.1,5,90.6
INT-00046,2025-03-30,Agent_17,Account Blocked,High,WhatsApp,108.1,35.5,Resolved,No,No,83.2,5,89.5
INT-02434,2025-03-30,Agent_09,General Inquiry,Low,Email,115.9,25.2,Escalated,Yes,Yes,80.0,4,91.0
INT-01030,2025-03-30,Agent_11,App Crash,Low,Chat,119.2,25.2,In Progress,Yes,No,72.8,4,92.1
INT-03164,2025-03-30,Agent_01,Payment Issue,Low,Email,218.7,8.6,Resolved,Yes,No,80.5,4,93.9
INT-04275,2025-03-30,Agent_20,Product Defect,Low,Chat,91.5,40.4,Resolved,Yes,No,93.6,5,92.4
INT-02170,2025-03-30,Agent_19,Login Issue,Low,Phone,64.3,13.6,Resolved,No,No,75.8,4,97.8
INT-02069,2025-03-30,Agent_14,Payment Issue,Low,Phone,125.6,23.3,Resolved,Yes,No,88.5,5,94.9
INT-02222,2025-03-30,Agent_06,Login Issue,Low,Phone,121.0,31.4,Escalated,No,No,65.7,4,87.6
INT-02091,2025-03-30,Agent_18,Refund Issue,Critical,Email,191.3,44.1,In Progress,No,No,69.5,4,89.1
INT-03985,2025-03-30,Agent_17,Account Blocked,High,Chat,93.1,53.9,Resolved,Yes,No,92.8,4,93.7
INT-04499,2025-03-30,Agent_12,Refund Issue,High,Phone,103.7,67.9,Escalated,Yes,No,81.9,4,95.5
INT-02053,2025-03-30,Agent_16,Account Blocked,Medium,WhatsApp,78.5,37.6,Resolved,No,No,86.6,5,100.0
INT-01028,2025-03-30,Agent_01,Account Blocked,High,Phone,85.5,37.5,Resolved,Yes,No,73.4,5,86.4
INT-04356,2025-03-30,Agent_15,Login Issue,High,Chat,72.0,62.0,Resolved,Yes,No,88.1,4,82.5
INT-01948,2025-03-30,Agent_10,Refund Issue,High,WhatsApp,34.2,78.4,In Progress,No,No,70.9,4,90.0
INT-04049,2025-03-30,Agent_12,Account Blocked,High,Phone,128.4,33.4,Escalated,Yes,No,71.3,4,93.4
INT-00244,2025-03-31,Agent_20,Payment Issue,High,Chat,51.3,32.6,In Progress,Yes,No,83.5,4,92.1
INT-00224,2025-03-31,Agent_08,Product Defect,Low,Chat,171.1,22.9,Resolved,No,No,75.6,4,86.7
INT-00680,2025-03-31,Agent_07,Delivery Delay,Critical,Email,86.4,47.6,Resolved,No,No,66.6,4,93.1
INT-01816,2025-03-31,Agent_02,Delivery Delay,Medium,Chat,67.0,35.2,Resolved,Yes,No,85.4,4,89.7
INT-03268,2025-03-31,Agent_18,Product Defect,High,Chat,170.4,46.8,Resolved,Yes,No,78.3,3,92.0
INT-03981,2025-03-31,Agent_20,Payment Issue,Low,Phone,48.6,42.1,Escalated,Yes,No,100.0,4,97.7
INT-00832,2025-03-31,Agent_16,Payment Issue,Medium,Chat,76.6,18.4,Resolved,Yes,No,98.8,5,94.2
INT-03856,2025-03-31,Agent_10,Login Issue,Critical,WhatsApp,52.2,41.7,In Progress,Yes,No,87.3,5,86.7
INT-04779,2025-03-31,Agent_04,Product Defect,Medium,Phone,84.9,48.3,Resolved,Yes,No,70.7,4,92.8
INT-00516,2025-03-31,Agent_18,App Crash,Medium,Email,43.1,29.4,Resolved,Yes,No,94.3,4,95.2
INT-04805,2025-03-31,Agent_01,General Inquiry,Medium,Phone,37.1,58.0,Resolved,No,No,77.6,4,89.2
INT-03901,2025-03-31,Agent_15,Delivery Delay,High,Phone,97.3,32.8,Resolved,Yes,No,83.9,5,96.5
INT-01142,2025-03-31,Agent_13,General Inquiry,Medium,Phone,74.8,23.7,Resolved,No,No,85.6,5,96.5
INT-04061,2025-03-31,Agent_14,Delivery Delay,Low,Chat,108.0,19.6,Resolved,Yes,No,92.7,4,97.6
INT-03308,2025-03-31,Agent_14,Product Defect,High,Email,117.8,40.5,In Progress,Yes,No,83.8,5,95.0
INT-02169,2025-03-31,Agent_13,Login Issue,Medium,Phone,80.3,85.8,Resolved,No,No,77.0,4,94.6
INT-02064,2025-03-31,Agent_13,Login Issue,Low,Phone,95.0,11.4,Resolved,Yes,No,100.0,5,94.3
INT-00621,2025-03-31,Agent_20,Product Defect,High,WhatsApp,84.5,61.7,Resolved,No,No,71.8,4,93.6
INT-04973,2025-03-31,Agent_18,Account Blocked,Medium,WhatsApp,54.5,45.1,Resolved,Yes,No,85.8,5,97.4
INT-02781,2025-03-31,Agent_09,Refund Issue,Critical,Phone,111.2,83.7,In Progress,Yes,No,71.1,4,85.7
INT-00050,2025-03-31,Agent_05,App Crash,Medium,Phone,45.7,52.4,In Progress,No,No,63.8,4,91.6
INT-00960,2025-03-31,Agent_11,Delivery Delay,High,Email,99.0,50.7,In Progress,Yes,No,86.4,5,85.1
INT-02693,2025-03-31,Agent_15,Login Issue,Low,Chat,84.4,33.6,Resolved,Yes,No,83.2,4,95.8
INT-01587,2025-03-31,Agent_12,Refund Issue,Medium,Email,19.4,33.1,Resolved,Yes,No,85.5,4,92.5
INT-02810,2025-03-31,Agent_15,App Crash,Medium,Email,41.1,94.5,Resolved,No,No,71.0,4,94.3
INT-01164,2025-03-31,Agent_12,General Inquiry,High,Email,55.3,36.6,Resolved,Yes,No,90.1,4,93.0
INT-01110,2025-03-31,Agent_05,Account Blocked,Medium,Chat,118.3,44.8,Resolved,No,No,72.9,4,82.2
INT-00512,2025-03-31,Agent_09,App Crash,Low,Chat,132.8,17.9,Resolved,Yes,No,80.5,4,89.8
INT-00428,2025-03-31,Agent_08,General Inquiry,Low,WhatsApp,101.7,70.0,Resolved,Yes,No,78.9,4,94.3
INT-03916,2025-03-31,Agent_15,Payment Issue,Medium,WhatsApp,76.4,52.0,Resolved,No,No,84.4,5,91.4
INT-00130,2025-03-31,Agent_10,Payment Issue,Low,WhatsApp,239.7,51.4,Resolved,No,No,81.1,4,98.1
INT-02213,2025-04-01,Agent_01,Login Issue,Medium,Chat,134.3,22.5,Resolved,Yes,No,70.9,4,93.7
INT-03077,2025-04-01,Agent_03,Login Issue,Medium,Chat,79.3,32.2,Resolved,No,No,69.0,4,91.0
INT-03312,2025-04-01,Agent_12,Payment Issue,Low,Chat,72.9,57.3,Resolved,Yes,No,89.8,5,94.4
INT-04060,2025-04-01,Agent_09,General Inquiry,High,Chat,88.4,49.6,Resolved,No,No,86.4,4,92.6
INT-03113,2025-04-01,Agent_08,Delivery Delay,Medium,Chat,119.8,32.2,In Progress,Yes,No,77.7,5,96.1
INT-01170,2025-04-01,Agent_03,Delivery Delay,Low,Phone,122.0,39.1,In Progress,Yes,No,69.7,4,88.2
INT-04034,2025-04-01,Agent_19,Product Defect,Low,Email,7.4,22.4,Resolved,Yes,No,97.3,5,88.0
INT-03233,2025-04-01,Agent_08,Refund Issue,Low,Chat,71.0,15.2,Resolved,Yes,No,99.4,5,91.4
INT-00777,2025-04-01,Agent_17,Delivery Delay,Low,Email,141.1,17.2,Resolved,Yes,No,92.5,4,98.2
INT-01605,2025-04-01,Agent_11,Login Issue,Medium,Chat,132.4,47.5,In Progress,No,No,72.5,5,91.8
INT-04068,2025-04-01,Agent_04,Delivery Delay,Low,Email,69.9,41.9,In Progress,Yes,No,77.3,4,90.1
INT-04743,2025-04-01,Agent_12,General Inquiry,Medium,Email,48.1,54.6,In Progress,Yes,No,92.4,4,99.0
INT-00620,2025-04-01,Agent_04,Delivery Delay,Medium,Phone,68.1,31.3,Resolved,No,No,72.2,5,88.7
INT-03530,2025-04-01,Agent_11,Login Issue,High,WhatsApp,83.6,26.2,In Progress,Yes,No,93.1,5,97.6
INT-04872,2025-04-01,Agent_12,Product Defect,High,Chat,164.7,46.1,Escalated,Yes,No,72.7,5,92.4
INT-04493,2025-04-01,Agent_15,Payment Issue,High,Email,78.4,37.7,Escalated,Yes,Yes,80.0,4,95.8
INT-02382,2025-04-01,Agent_15,General Inquiry,Critical,Phone,178.2,45.2,Resolved,No,No,77.0,3,81.7
INT-04875,2025-04-01,Agent_20,Payment Issue,Low,Phone,96.1,96.0,Resolved,Yes,No,82.1,4,95.4
INT-02589,2025-04-01,Agent_13,Account Blocked,Medium,WhatsApp,116.9,25.6,Escalated,Yes,No,81.8,4,96.4
INT-00636,2025-04-02,Agent_04,General Inquiry,Medium,Phone,151.8,66.3,Resolved,Yes,No,80.8,4,87.7
INT-04449,2025-04-02,Agent_01,Delivery Delay,High,WhatsApp,240.0,52.1,In Progress,Yes,No,68.4,3,91.3
INT-01799,2025-04-02,Agent_12,Login Issue,High,Phone,111.7,41.5,Resolved,Yes,No,86.3,4,94.0
INT-04749,2025-04-02,Agent_04,Payment Issue,Medium,Phone,43.1,42.0,In Progress,Yes,No,82.7,5,91.1
INT-00678,2025-04-02,Agent_15,Account Blocked,Low,Email,68.8,14.8,In Progress,No,No,83.7,5,95.7
INT-03564,2025-04-02,Agent_08,Refund Issue,Low,Chat,73.9,27.8,Escalated,Yes,Yes,85.9,4,85.8
INT-03864,2025-04-02,Agent_05,Account Blocked,Low,Phone,46.0,28.7,In Progress,Yes,No,77.7,4,90.6
INT-02471,2025-04-02,Agent_11,Product Defect,High,Email,85.3,44.0,Resolved,Yes,No,87.5,5,91.8
INT-04769,2025-04-02,Agent_10,Delivery Delay,Medium,Chat,129.7,45.2,Resolved,Yes,No,80.2,4,97.0
INT-02945,2025-04-02,Agent_18,Payment Issue,Medium,Email,97.4,33.6,Resolved,Yes,No,100.0,5,100.0
INT-03224,2025-04-02,Agent_16,Delivery Delay,Low,Chat,62.0,58.9,Resolved,Yes,No,97.2,5,87.6
INT-04543,2025-04-02,Agent_07,Delivery Delay,Low,WhatsApp,78.3,48.9,Resolved,Yes,No,77.8,4,87.9
INT-02640,2025-04-02,Agent_13,Account Blocked,Medium,Email,125.5,25.2,Resolved,Yes,No,85.1,4,90.1
INT-02416,2025-04-02,Agent_05,General Inquiry,Medium,Phone,43.7,13.0,In Progress,Yes,No,87.0,5,87.7
INT-00426,2025-04-02,Agent_16,Refund Issue,High,Phone,70.5,67.0,Escalated,Yes,Yes,70.4,3,88.9
INT-00380,2025-04-02,Agent_17,General Inquiry,High,Email,187.3,25.8,In Progress,Yes,No,96.5,4,96.6
INT-03505,2025-04-02,Agent_14,Product Defect,Medium,Phone,79.8,57.1,Escalated,Yes,No,84.5,5,97.9
INT-01611,2025-04-02,Agent_15,Product Defect,Low,Email,93.1,30.2,In Progress,Yes,No,89.3,4,87.5
INT-00162,2025-04-02,Agent_13,Refund Issue,Low,Email,77.2,21.8,Resolved,Yes,No,91.6,5,90.4
INT-01714,2025-04-02,Agent_18,Payment Issue,Medium,Chat,111.5,52.5,Escalated,Yes,No,87.9,5,89.4
INT-02323,2025-04-02,Agent_18,General Inquiry,High,Chat,79.7,31.3,Escalated,Yes,No,94.8,5,87.5
INT-01128,2025-04-02,Agent_08,Login Issue,Low,WhatsApp,56.3,31.0,In Progress,Yes,No,87.8,5,90.3
INT-00823,2025-04-02,Agent_03,Delivery Delay,Low,Chat,40.5,16.4,Resolved,Yes,No,86.1,5,87.1
INT-01838,2025-04-02,Agent_08,Product Defect,High,Phone,75.5,55.2,Resolved,Yes,No,70.8,4,93.2
INT-04519,2025-04-02,Agent_04,Account Blocked,Low,WhatsApp,114.9,28.7,Escalated,Yes,No,79.5,5,89.0
INT-00746,2025-04-02,Agent_05,General Inquiry,Low,Phone,78.2,17.9,Resolved,Yes,No,92.5,4,87.4
INT-00054,2025-04-02,Agent_02,General Inquiry,Medium,WhatsApp,81.9,19.4,Escalated,Yes,No,77.9,4,90.8
INT-01251,2025-04-02,Agent_19,Refund Issue,Low,Phone,74.6,18.9,Resolved,Yes,No,91.7,5,100.0
INT-01885,2025-04-03,Agent_02,App Crash,High,Chat,55.9,46.7,Resolved,Yes,No,78.2,5,90.9
INT-04443,2025-04-03,Agent_18,Payment Issue,Medium,Email,161.0,25.0,Escalated,Yes,No,81.9,4,91.5
INT-01964,2025-04-03,Agent_19,Product Defect,Medium,Chat,63.4,29.7,In Progress,Yes,No,90.4,5,96.0
INT-01012,2025-04-03,Agent_12,Delivery Delay,Medium,Phone,62.2,33.6,Resolved,Yes,No,87.4,5,93.3
INT-04955,2025-04-03,Agent_10,Refund Issue,Medium,WhatsApp,73.9,28.0,Escalated,Yes,No,85.1,5,92.5
INT-01529,2025-04-03,Agent_05,Login Issue,Critical,WhatsApp,85.6,61.7,Escalated,Yes,Yes,71.5,4,83.0
INT-00003,2025-04-03,Agent_19,Account Blocked,High,Email,156.5,44.8,Resolved,Yes,No,88.1,4,94.2
INT-02801,2025-04-03,Agent_09,Payment Issue,Medium,Phone,240.0,54.1,Resolved,Yes,No,78.6,4,93.3
INT-00219,2025-04-03,Agent_18,Delivery Delay,Medium,Email,85.4,42.3,Resolved,Yes,No,82.2,4,99.4
INT-01598,2025-04-03,Agent_16,Delivery Delay,Low,Phone,33.8,36.6,Resolved,Yes,No,91.7,5,90.4
INT-00275,2025-04-03,Agent_12,General Inquiry,Low,Phone,42.1,11.3,Resolved,Yes,No,98.2,5,93.7
INT-03249,2025-04-03,Agent_05,Delivery Delay,Medium,WhatsApp,73.8,36.0,Resolved,Yes,No,78.9,4,93.7
INT-03354,2025-04-03,Agent_04,Product Defect,High,Phone,85.1,65.7,Escalated,Yes,Yes,64.1,4,88.5
INT-04039,2025-04-03,Agent_01,Refund Issue,Low,Phone,49.2,45.5,Resolved,Yes,No,77.2,4,96.7
INT-02099,2025-04-03,Agent_03,Product Defect,Low,Email,68.6,70.2,Escalated,No,No,76.5,4,85.9
INT-04066,2025-04-03,Agent_04,Account Blocked,Low,WhatsApp,56.5,35.6,Escalated,No,No,76.8,5,89.0
INT-01463,2025-04-03,Agent_07,Refund Issue,Low,Phone,57.6,18.6,Resolved,No,No,77.9,5,96.5
INT-00814,2025-04-03,Agent_12,Refund Issue,High,Email,57.3,51.0,Resolved,No,No,85.1,5,98.9
INT-04050,2025-04-03,Agent_09,Delivery Delay,Critical,Phone,165.9,83.3,Resolved,No,No,64.6,4,92.8
INT-03720,2025-04-03,Agent_10,Login Issue,High,Email,87.8,27.9,In Progress,Yes,No,70.6,4,92.3
INT-03591,2025-04-03,Agent_17,Payment Issue,High,Email,67.2,30.5,Resolved,Yes,No,89.8,5,93.2
INT-00514,2025-04-03,Agent_14,Delivery Delay,Medium,Chat,240.0,37.9,In Progress,Yes,No,83.0,4,87.8
INT-00450,2025-04-03,Agent_02,Product Defect,Medium,Phone,57.8,29.1,Resolved,Yes,No,86.9,5,88.3
INT-01241,2025-04-03,Agent_03,Product Defect,Low,Phone,175.0,34.1,Resolved,No,No,70.4,4,93.9
INT-02425,2025-04-03,Agent_14,Payment Issue,Critical,WhatsApp,196.3,58.0,Resolved,No,No,67.4,3,98.1
INT-04018,2025-04-03,Agent_01,Refund Issue,Medium,Chat,99.4,23.3,Resolved,Yes,No,79.5,4,89.0
INT-00328,2025-04-03,Agent_08,App Crash,Medium,Phone,86.8,28.6,Resolved,Yes,No,78.5,4,94.1
INT-04689,2025-04-03,Agent_06,General Inquiry,Medium,Email,89.7,18.8,Resolved,Yes,No,85.6,5,90.1
INT-03963,2025-04-03,Agent_10,Payment Issue,Critical,Phone,116.5,69.0,Escalated,Yes,No,81.7,5,87.7
INT-04649,2025-04-03,Agent_10,Account Blocked,Low,Phone,37.9,16.4,Resolved,No,No,88.9,5,92.9
INT-01740,2025-04-03,Agent_13,Account Blocked,High,Phone,26.8,38.0,Resolved,No,No,76.6,5,89.6
INT-03214,2025-04-03,Agent_15,Payment Issue,Low,Email,95.6,38.0,Resolved,Yes,No,88.2,5,95.3
INT-01748,2025-04-03,Agent_18,App Crash,Low,Phone,75.7,58.3,Escalated,No,No,87.2,5,92.2
INT-03358,2025-04-04,Agent_17,Product Defect,Medium,WhatsApp,43.3,31.2,Resolved,No,No,76.2,4,91.8
INT-00993,2025-04-04,Agent_18,General Inquiry,Low,Phone,122.9,11.9,Resolved,Yes,No,98.1,5,90.8
INT-00940,2025-04-04,Agent_10,Refund Issue,Medium,Chat,85.7,48.6,Resolved,Yes,No,88.6,5,92.4
INT-02171,2025-04-04,Agent_13,Refund Issue,High,Chat,48.1,58.7,In Progress,Yes,No,89.2,5,87.9
INT-04974,2025-04-04,Agent_07,Delivery Delay,Low,Chat,158.0,46.5,Escalated,Yes,Yes,68.5,3,83.4
INT-01890,2025-04-04,Agent_19,Account Blocked,Low,WhatsApp,47.3,31.8,Resolved,Yes,No,92.4,5,96.8
INT-02561,2025-04-04,Agent_01,Delivery Delay,Critical,Phone,46.1,58.8,Resolved,Yes,No,70.8,4,89.1
INT-04478,2025-04-04,Agent_02,Payment Issue,High,Chat,68.9,28.4,Resolved,Yes,No,80.9,4,87.6
INT-04795,2025-04-04,Agent_14,General Inquiry,Critical,Phone,79.7,50.3,Escalated,No,No,71.0,4,92.8
INT-04010,2025-04-04,Agent_01,Refund Issue,Medium,Phone,144.8,35.2,Resolved,Yes,No,72.2,4,93.3
INT-03775,2025-04-04,Agent_02,Login Issue,High,Phone,99.5,46.7,Resolved,Yes,No,81.8,4,86.8
INT-01967,2025-04-04,Agent_14,App Crash,High,Phone,43.2,81.2,Resolved,Yes,No,82.5,5,93.1
INT-00922,2025-04-04,Agent_04,Product Defect,High,Chat,150.8,44.9,Resolved,Yes,No,70.2,4,87.0
INT-04611,2025-04-04,Agent_15,Delivery Delay,Medium,Email,99.3,41.1,Resolved,Yes,No,89.6,5,87.8
INT-04055,2025-04-04,Agent_01,Product Defect,Critical,Phone,53.1,54.9,Resolved,No,No,59.0,4,81.1
INT-02759,2025-04-04,Agent_15,Delivery Delay,Medium,WhatsApp,42.5,42.7,Resolved,Yes,No,85.6,4,92.7
INT-00919,2025-04-04,Agent_15,Refund Issue,Medium,Email,138.9,25.7,Resolved,Yes,No,85.2,5,91.0
INT-03075,2025-04-04,Agent_08,Delivery Delay,Medium,Chat,167.5,43.8,Resolved,No,No,79.3,4,90.9
INT-00459,2025-04-04,Agent_08,Account Blocked,Low,Phone,91.7,11.5,Escalated,Yes,No,80.7,5,90.9
INT-02790,2025-04-04,Agent_12,Payment Issue,Medium,WhatsApp,92.8,49.7,In Progress,Yes,No,83.0,5,83.5
INT-00409,2025-04-04,Agent_14,Delivery Delay,Medium,Phone,41.9,32.2,Escalated,Yes,No,83.0,5,91.7
INT-00844,2025-04-04,Agent_07,App Crash,Medium,Chat,70.4,41.3,Resolved,Yes,No,83.6,5,96.8
INT-00923,2025-04-05,Agent_14,Payment Issue,Medium,Phone,151.2,39.6,Resolved,Yes,No,84.6,4,100.0
INT-04877,2025-04-05,Agent_11,Payment Issue,Low,WhatsApp,18.4,23.6,Escalated,Yes,No,89.6,5,90.2
INT-02648,2025-04-05,Agent_10,Payment Issue,Medium,Email,187.7,41.6,Resolved,No,No,73.7,4,94.2
INT-00726,2025-04-05,Agent_10,Product Defect,Medium,Chat,102.2,39.7,Resolved,Yes,No,78.7,3,92.6
INT-04277,2025-04-05,Agent_11,Delivery Delay,Low,Email,55.1,37.3,Resolved,Yes,No,94.5,4,84.8
INT-03927,2025-04-05,Agent_06,Delivery Delay,Medium,Chat,215.6,47.8,Resolved,Yes,No,72.1,4,96.6
INT-00507,2025-04-05,Agent_16,Login Issue,Medium,WhatsApp,206.5,19.7,Escalated,Yes,No,86.8,4,85.9
INT-00804,2025-04-05,Agent_03,Refund Issue,Medium,Phone,134.7,19.9,Resolved,Yes,No,69.9,4,96.8
INT-02595,2025-04-05,Agent_16,Account Blocked,Medium,Phone,180.6,32.1,Escalated,Yes,Yes,85.4,4,88.6
INT-01094,2025-04-05,Agent_11,Account Blocked,Medium,Chat,89.9,74.9,Resolved,No,No,77.6,5,95.7
INT-00747,2025-04-05,Agent_18,Payment Issue,Medium,Email,55.2,27.7,Resolved,Yes,No,97.1,5,90.7
INT-02173,2025-04-05,Agent_14,Refund Issue,Critical,WhatsApp,105.1,48.3,Escalated,Yes,No,77.3,5,91.1
INT-01778,2025-04-05,Agent_06,Product Defect,Low,Chat,44.3,15.7,Resolved,Yes,No,87.7,5,93.8
INT-00075,2025-04-05,Agent_12,Payment Issue,Medium,WhatsApp,31.0,36.6,In Progress,Yes,No,88.3,5,92.7
INT-03972,2025-04-05,Agent_10,General Inquiry,Low,WhatsApp,49.2,37.3,Resolved,Yes,No,100.0,5,95.3
INT-04142,2025-04-05,Agent_06,App Crash,Medium,Chat,92.3,28.3,Resolved,Yes,No,71.8,5,93.2
INT-00331,2025-04-05,Agent_18,Payment Issue,Medium,Chat,95.9,50.9,Resolved,No,No,77.2,4,98.5
INT-00994,2025-04-05,Agent_07,General Inquiry,High,Email,71.6,48.2,Escalated,Yes,No,76.6,4,86.3
INT-02392,2025-04-05,Agent_03,Delivery Delay,Medium,Phone,51.9,62.0,Resolved,Yes,No,74.6,4,90.5
INT-03907,2025-04-06,Agent_15,Product Defect,Low,Phone,66.8,27.5,Escalated,No,No,83.3,5,93.1
INT-00135,2025-04-06,Agent_20,General Inquiry,Low,Chat,70.2,7.8,Escalated,Yes,No,100.0,5,92.1
INT-03579,2025-04-06,Agent_07,General Inquiry,Medium,Chat,62.6,38.3,Escalated,Yes,Yes,84.4,4,88.2
INT-00180,2025-04-06,Agent_19,App Crash,Low,WhatsApp,151.3,41.8,In Progress,Yes,No,83.6,5,98.8
INT-03553,2025-04-06,Agent_13,Delivery Delay,Medium,Chat,52.6,56.8,Escalated,Yes,No,83.3,5,93.1
INT-01878,2025-04-06,Agent_19,Account Blocked,Low,Email,92.6,71.1,Resolved,Yes,No,91.9,5,100.0
INT-00475,2025-04-06,Agent_13,General Inquiry,High,Email,71.2,67.6,Resolved,Yes,No,91.0,5,91.6
INT-01666,2025-04-06,Agent_01,Refund Issue,Medium,Email,112.1,49.8,Escalated,Yes,Yes,63.6,3,88.4
INT-01255,2025-04-06,Agent_01,Login Issue,High,Chat,56.4,32.2,Resolved,Yes,No,79.3,4,92.5
INT-00535,2025-04-06,Agent_14,Product Defect,Medium,Email,140.8,29.0,Resolved,Yes,No,88.9,5,98.6
INT-04742,2025-04-06,Agent_17,Account Blocked,Medium,Email,125.6,40.9,Resolved,Yes,No,84.4,4,98.1
INT-03723,2025-04-06,Agent_01,Payment Issue,Critical,Chat,68.9,78.3,In Progress,No,No,68.0,4,91.5
INT-02035,2025-04-06,Agent_11,Account Blocked,Critical,Chat,101.0,42.8,Resolved,Yes,No,71.4,4,91.7
INT-00137,2025-04-06,Agent_20,App Crash,Critical,Phone,109.8,60.3,Resolved,Yes,No,95.4,5,90.0
INT-04568,2025-04-06,Agent_05,App Crash,High,Phone,73.4,34.4,In Progress,Yes,No,76.9,5,85.0
INT-00227,2025-04-06,Agent_03,General Inquiry,Medium,Phone,61.4,32.9,Resolved,Yes,No,82.9,5,89.7
INT-04385,2025-04-06,Agent_09,Delivery Delay,Medium,Email,107.8,32.7,Resolved,Yes,No,72.7,4,84.6
INT-02415,2025-04-06,Agent_04,General Inquiry,Critical,WhatsApp,146.4,49.4,Escalated,No,No,76.6,4,91.0
INT-04213,2025-04-06,Agent_08,Payment Issue,Medium,WhatsApp,72.1,50.3,Resolved,No,No,71.1,4,90.4
INT-04009,2025-04-06,Agent_16,Account Blocked,Medium,Email,223.0,51.0,Resolved,Yes,No,89.4,4,100.0
INT-01903,2025-04-06,Agent_08,Payment Issue,Medium,Email,115.2,16.5,Resolved,Yes,No,85.2,5,90.2
INT-02562,2025-04-06,Agent_11,Refund Issue,Low,Chat,93.7,26.4,Escalated,Yes,No,90.5,5,90.2
INT-01479,2025-04-06,Agent_16,General Inquiry,Low,WhatsApp,21.0,11.5,Escalated,Yes,No,92.7,5,87.3
INT-00440,2025-04-06,Agent_16,General Inquiry,High,WhatsApp,111.1,35.1,Resolved,Yes,No,87.4,5,92.0
INT-00812,2025-04-06,Agent_01,General Inquiry,High,Phone,172.5,32.7,In Progress,No,No,75.5,4,88.8
INT-04244,2025-04-06,Agent_19,Payment Issue,High,WhatsApp,49.2,48.0,Resolved,Yes,No,90.0,5,99.8
INT-04845,2025-04-06,Agent_11,Refund Issue,Medium,WhatsApp,168.3,42.0,Resolved,Yes,No,79.3,4,96.5
INT-02519,2025-04-07,Agent_02,Refund Issue,Low,Chat,169.0,62.6,Escalated,Yes,No,79.3,4,89.4
INT-02655,2025-04-07,Agent_10,Refund Issue,Medium,Email,119.4,74.1,Escalated,Yes,Yes,71.9,3,91.5
INT-02451,2025-04-07,Agent_09,Refund Issue,High,Phone,83.5,53.0,Resolved,Yes,No,83.9,4,86.6
INT-01250,2025-04-07,Agent_19,Payment Issue,Medium,Chat,75.3,47.9,Resolved,Yes,No,94.3,5,100.0
INT-00216,2025-04-07,Agent_01,Account Blocked,High,Chat,44.3,44.7,Resolved,Yes,No,65.9,4,89.3
INT-01066,2025-04-07,Agent_03,Payment Issue,High,Chat,61.7,36.2,Resolved,Yes,No,78.3,5,86.7
INT-00309,2025-04-07,Agent_20,General Inquiry,Medium,Phone,94.9,53.9,Resolved,No,No,88.2,4,98.0
INT-04577,2025-04-07,Agent_13,Product Defect,Medium,Phone,38.8,41.0,Resolved,Yes,No,77.2,4,91.8
INT-04304,2025-04-07,Agent_17,Login Issue,Low,Chat,88.9,15.2,Resolved,Yes,No,92.8,5,86.7
INT-03267,2025-04-07,Agent_18,Account Blocked,Medium,Email,136.4,59.3,Resolved,Yes,No,86.6,5,94.6
INT-04503,2025-04-07,Agent_20,Account Blocked,Medium,WhatsApp,38.9,38.9,In Progress,No,No,82.9,5,98.5
INT-01075,2025-04-07,Agent_08,Product Defect,Critical,Phone,98.8,46.7,Escalated,No,No,62.5,3,91.3
INT-01886,2025-04-07,Agent_10,Payment Issue,Medium,Phone,88.7,68.7,Resolved,Yes,No,77.5,5,93.1
INT-01041,2025-04-07,Agent_14,Account Blocked,Medium,WhatsApp,121.3,43.4,Resolved,Yes,No,90.7,4,91.8
INT-02958,2025-04-07,Agent_14,Login Issue,Low,Chat,162.1,37.7,Resolved,Yes,No,97.9,5,92.4
INT-02266,2025-04-07,Agent_09,Login Issue,Medium,Phone,53.8,59.8,Escalated,Yes,No,76.0,5,94.9
INT-03034,2025-04-07,Agent_02,Delivery Delay,Medium,Email,31.5,96.0,Resolved,No,No,71.8,4,91.8
INT-01804,2025-04-07,Agent_02,Delivery Delay,High,Email,58.3,77.4,Resolved,Yes,No,72.7,5,89.8
INT-01612,2025-04-07,Agent_02,General Inquiry,Medium,Email,89.3,22.5,In Progress,Yes,No,84.2,4,90.1
INT-02271,2025-04-07,Agent_19,Payment Issue,Medium,WhatsApp,69.6,66.8,Resolved,Yes,No,90.7,5,96.6
INT-02896,2025-04-08,Agent_02,Payment Issue,Medium,Chat,134.5,37.9,Resolved,Yes,No,84.0,5,89.4
INT-04087,2025-04-08,Agent_20,Product Defect,Medium,Email,53.1,23.2,Resolved,Yes,No,89.9,4,98.7
INT-03714,2025-04-08,Agent_01,Account Blocked,Critical,Phone,102.6,51.0,Resolved,Yes,No,63.5,4,82.5
INT-01368,2025-04-08,Agent_20,Account Blocked,High,Chat,74.9,49.7,Resolved,Yes,No,88.5,5,93.4
INT-03895,2025-04-08,Agent_09,Payment Issue,Medium,Email,131.0,25.9,Resolved,No,No,72.1,4,92.4
INT-02076,2025-04-08,Agent_09,Product Defect,High,Email,71.9,42.1,Resolved,Yes,No,83.2,5,96.3
INT-04645,2025-04-08,Agent_13,General Inquiry,Low,Phone,45.6,13.1,Resolved,No,No,89.5,5,92.3
INT-01603,2025-04-08,Agent_04,Refund Issue,Low,Phone,81.2,38.4,Resolved,Yes,No,80.0,5,96.3
INT-01652,2025-04-08,Agent_14,Payment Issue,Low,WhatsApp,38.7,18.4,Resolved,Yes,No,93.9,4,92.4
INT-03492,2025-04-08,Agent_16,General Inquiry,Medium,Chat,47.4,15.3,Resolved,Yes,No,99.4,5,98.5
INT-02298,2025-04-08,Agent_11,General Inquiry,Medium,Chat,100.2,26.4,In Progress,Yes,No,82.1,4,94.1
INT-03532,2025-04-08,Agent_20,Refund Issue,High,Phone,122.2,56.3,Resolved,Yes,No,81.0,4,97.7
INT-04355,2025-04-08,Agent_20,Login Issue,Medium,Chat,97.6,31.9,Resolved,Yes,No,87.5,4,84.5
INT-01341,2025-04-08,Agent_11,Delivery Delay,Medium,Phone,80.0,51.4,Escalated,Yes,No,79.8,4,89.4
INT-02916,2025-04-08,Agent_08,Product Defect,Low,Phone,72.7,20.2,Escalated,Yes,No,88.1,5,88.4
INT-01567,2025-04-08,Agent_15,Login Issue,High,Email,109.6,34.0,Resolved,No,No,73.4,5,87.9
INT-00773,2025-04-08,Agent_14,Login Issue,Medium,Phone,40.2,37.4,Resolved,Yes,No,80.7,4,96.5
INT-03114,2025-04-08,Agent_18,Delivery Delay,High,Phone,159.4,74.0,In Progress,No,No,67.9,4,90.3
INT-00213,2025-04-08,Agent_07,App Crash,Low,Phone,7.4,22.0,Resolved,Yes,No,85.6,4,89.1
INT-04521,2025-04-08,Agent_09,App Crash,High,WhatsApp,59.2,48.3,Escalated,No,No,76.1,5,99.0
INT-00381,2025-04-08,Agent_06,Login Issue,Medium,Chat,76.0,20.3,Resolved,Yes,No,83.9,4,92.8
INT-03999,2025-04-08,Agent_11,Account Blocked,Medium,Phone,94.4,30.3,Resolved,No,No,71.8,4,90.0
INT-01907,2025-04-08,Agent_20,General Inquiry,Medium,Chat,69.7,35.1,Resolved,Yes,No,93.1,5,97.9
INT-02680,2025-04-08,Agent_11,General Inquiry,Medium,Chat,78.2,27.5,Resolved,Yes,No,98.2,5,91.0
INT-02905,2025-04-08,Agent_08,Login Issue,Medium,WhatsApp,58.2,42.4,Resolved,Yes,No,85.0,4,97.3
INT-01315,2025-04-08,Agent_12,Product Defect,Medium,Chat,68.5,41.4,In Progress,Yes,No,87.4,4,90.3
INT-02904,2025-04-08,Agent_11,Refund Issue,High,Email,89.6,51.2,Resolved,No,No,68.9,4,84.3
INT-01397,2025-04-08,Agent_07,Payment Issue,Low,Chat,45.2,23.6,Resolved,Yes,No,93.4,5,96.8
INT-03510,2025-04-08,Agent_09,Login Issue,High,Email,122.2,38.5,Resolved,No,No,75.2,5,86.9
INT-00719,2025-04-08,Agent_02,Refund Issue,Medium,Phone,80.0,44.1,Resolved,Yes,No,80.1,5,90.3
INT-01453,2025-04-08,Agent_20,Delivery Delay,Low,WhatsApp,73.1,51.0,Resolved,Yes,No,90.2,4,98.6
INT-03389,2025-04-08,Agent_03,Refund Issue,Low,WhatsApp,92.8,19.5,Escalated,No,Yes,68.3,3,84.2
INT-04406,2025-04-08,Agent_12,Refund Issue,Medium,Phone,52.2,28.2,Resolved,No,No,84.1,4,96.2
INT-03514,2025-04-09,Agent_10,Refund Issue,Critical,Chat,68.8,59.8,Resolved,Yes,No,69.3,4,88.0
INT-04094,2025-04-09,Agent_02,General Inquiry,Medium,WhatsApp,98.3,31.4,Resolved,Yes,No,82.9,5,92.1
INT-01547,2025-04-09,Agent_04,Product Defect,Medium,Phone,56.6,43.4,Resolved,Yes,No,81.2,5,83.6
INT-03108,2025-04-09,Agent_03,Login Issue,Medium,WhatsApp,132.7,50.9,Resolved,Yes,No,77.5,4,85.0
INT-03787,2025-04-09,Agent_18,Delivery Delay,Low,Phone,83.4,34.9,Resolved,No,No,90.9,5,91.8
INT-01923,2025-04-09,Agent_06,Login Issue,High,Phone,94.4,72.3,In Progress,No,No,70.9,4,83.6
INT-03641,2025-04-09,Agent_09,Payment Issue,Medium,Phone,48.4,23.8,Resolved,Yes,No,86.0,4,89.1
INT-00116,2025-04-09,Agent_13,General Inquiry,Medium,Phone,59.3,21.4,Resolved,Yes,No,81.8,4,94.9
INT-03381,2025-04-09,Agent_12,Payment Issue,Medium,Chat,57.1,20.4,In Progress,Yes,No,83.9,5,96.1
INT-04895,2025-04-09,Agent_15,Refund Issue,Medium,Email,50.1,32.5,Resolved,Yes,No,86.0,5,92.5
INT-00324,2025-04-09,Agent_15,Refund Issue,Low,Email,68.3,18.7,Resolved,Yes,No,96.8,5,91.3
INT-00411,2025-04-09,Agent_13,Delivery Delay,Low,Phone,39.3,27.0,Resolved,No,No,87.1,4,94.8
INT-04057,2025-04-09,Agent_06,Payment Issue,Low,WhatsApp,81.2,47.1,In Progress,Yes,No,86.7,5,91.7
INT-02106,2025-04-09,Agent_14,General Inquiry,Low,Phone,114.6,16.8,Escalated,Yes,Yes,86.8,4,95.7
INT-00363,2025-04-09,Agent_05,Login Issue,Medium,Chat,85.0,56.0,Resolved,Yes,No,82.2,5,90.6
INT-00255,2025-04-09,Agent_19,General Inquiry,Medium,Email,135.9,75.5,Resolved,No,No,92.3,5,96.0
INT-01697,2025-04-09,Agent_10,Delivery Delay,High,Chat,36.2,64.9,Resolved,Yes,No,70.8,4,94.7
INT-00568,2025-04-09,Agent_07,Login Issue,High,Email,165.4,48.2,Resolved,Yes,No,81.6,5,98.4
INT-00855,2025-04-09,Agent_13,Product Defect,High,Chat,105.6,34.9,Resolved,Yes,No,89.3,4,94.4
INT-04764,2025-04-09,Agent_09,Refund Issue,Medium,Chat,55.7,41.9,Resolved,Yes,No,83.2,4,91.2
INT-02443,2025-04-09,Agent_03,General Inquiry,Low,Phone,119.3,16.1,In Progress,Yes,No,84.1,4,89.7
INT-00543,2025-04-09,Agent_11,General Inquiry,Medium,Phone,87.8,14.7,In Progress,Yes,No,90.7,5,92.1
INT-03251,2025-04-09,Agent_18,General Inquiry,High,Email,87.3,25.3,Resolved,Yes,No,91.8,5,94.4
INT-00721,2025-04-09,Agent_12,Payment Issue,Medium,WhatsApp,155.0,18.2,Escalated,Yes,Yes,68.3,4,87.9
INT-00273,2025-04-09,Agent_15,Login Issue,Medium,Email,48.7,25.0,Resolved,Yes,No,85.0,5,93.8
INT-00533,2025-04-09,Agent_14,Login Issue,Low,WhatsApp,172.5,14.6,Resolved,Yes,No,82.0,4,99.4
INT-02929,2025-04-09,Agent_15,Refund Issue,Medium,Phone,68.0,31.4,Resolved,Yes,No,90.8,5,96.1
INT-01294,2025-04-09,Agent_18,Delivery Delay,Critical,Email,162.2,45.3,Resolved,No,No,75.9,4,95.5
INT-00332,2025-04-09,Agent_10,General Inquiry,Medium,WhatsApp,46.6,17.5,Escalated,Yes,No,89.5,5,88.1
INT-03978,2025-04-09,Agent_17,Account Blocked,Critical,Phone,45.0,58.1,Resolved,Yes,No,77.8,5,92.4
INT-00241,2025-04-09,Agent_06,Delivery Delay,High,Chat,132.2,35.3,Resolved,Yes,No,69.8,5,87.5
INT-03403,2025-04-10,Agent_10,Login Issue,Medium,Email,50.6,19.9,Resolved,Yes,No,87.3,4,95.0
INT-02808,2025-04-10,Agent_18,General Inquiry,Critical,Phone,172.9,53.6,In Progress,Yes,No,80.9,4,87.6
INT-03840,2025-04-10,Agent_03,App Crash,Medium,Phone,78.5,25.0,Resolved,Yes,No,82.7,5,89.9
INT-04823,2025-04-10,Agent_11,General Inquiry,High,Email,109.7,39.3,Resolved,Yes,No,87.1,5,93.7
INT-01641,2025-04-10,Agent_12,Account Blocked,High,Phone,65.1,44.7,Resolved,Yes,No,80.3,4,90.1
INT-01323,2025-04-10,Agent_08,Account Blocked,Low,Phone,67.2,27.6,Escalated,No,No,78.1,5,91.4
INT-04388,2025-04-10,Agent_02,General Inquiry,Medium,WhatsApp,53.6,36.8,Resolved,Yes,No,74.8,4,93.8
INT-03746,2025-04-10,Agent_11,Account Blocked,High,Chat,142.4,45.5,Resolved,No,No,73.1,4,97.3
INT-04405,2025-04-10,Agent_11,Account Blocked,High,WhatsApp,49.0,48.5,Resolved,No,No,64.9,4,99.8
INT-02219,2025-04-10,Agent_04,Product Defect,High,Email,137.7,62.6,Resolved,Yes,No,75.8,4,88.2
INT-00013,2025-04-10,Agent_07,Refund Issue,Medium,Chat,92.5,47.2,In Progress,Yes,No,74.3,5,85.9
INT-01926,2025-04-10,Agent_12,Payment Issue,High,Chat,157.4,39.2,Resolved,No,No,67.6,3,91.2
INT-00464,2025-04-10,Agent_10,Delivery Delay,Low,Phone,71.7,20.0,Escalated,Yes,Yes,81.9,4,86.6
INT-02755,2025-04-10,Agent_02,App Crash,Critical,Chat,68.7,54.6,Resolved,Yes,No,64.8,4,82.7
INT-00967,2025-04-10,Agent_08,Account Blocked,Medium,Chat,82.0,55.6,Resolved,Yes,No,76.0,5,91.5
INT-03119,2025-04-10,Agent_12,Product Defect,Medium,Phone,114.5,25.5,Resolved,Yes,No,87.9,5,89.9
INT-00470,2025-04-10,Agent_18,App Crash,High,Phone,106.0,53.7,Escalated,Yes,Yes,81.3,4,92.7
INT-01623,2025-04-10,Agent_18,General Inquiry,High,Email,175.5,30.9,Resolved,Yes,No,88.8,4,87.2
INT-03794,2025-04-10,Agent_20,Product Defect,High,Chat,116.3,58.8,Resolved,Yes,No,90.1,5,97.0
INT-01120,2025-04-10,Agent_08,General Inquiry,High,Chat,92.5,38.0,Resolved,Yes,No,92.4,5,82.3
INT-00555,2025-04-10,Agent_18,Product Defect,High,Email,137.4,49.2,Resolved,Yes,No,83.4,5,93.4
INT-04893,2025-04-10,Agent_03,Payment Issue,Medium,Phone,55.1,25.9,Resolved,Yes,No,78.6,4,91.2
INT-01866,2025-04-10,Agent_14,Product Defect,Low,Phone,94.0,52.1,Resolved,No,No,83.2,4,90.8
INT-02818,2025-04-10,Agent_12,Payment Issue,Medium,Phone,151.4,45.2,Escalated,Yes,No,92.0,4,93.7
INT-03802,2025-04-10,Agent_14,Delivery Delay,Low,Email,102.9,32.8,Resolved,No,No,82.4,4,91.5
INT-04242,2025-04-10,Agent_10,General Inquiry,High,Phone,66.6,68.2,Resolved,Yes,No,74.1,4,92.6
INT-03820,2025-04-10,Agent_14,Refund Issue,High,Phone,140.0,39.3,In Progress,No,No,67.2,4,87.2
INT-04203,2025-04-11,Agent_13,Refund Issue,High,Phone,62.0,96.0,In Progress,Yes,No,78.8,4,89.9
INT-01566,2025-04-11,Agent_17,Product Defect,Critical,Email,80.6,60.5,Escalated,Yes,No,80.9,5,91.0
INT-03193,2025-04-11,Agent_11,Product Defect,Critical,Email,177.1,44.6,Escalated,Yes,Yes,68.7,3,83.6
INT-00685,2025-04-11,Agent_19,General Inquiry,Low,Email,116.8,33.1,Resolved,No,No,88.1,5,96.9
INT-00399,2025-04-11,Agent_02,App Crash,High,Chat,61.5,40.3,Escalated,Yes,No,75.4,4,94.7
INT-00985,2025-04-11,Agent_07,Delivery Delay,Medium,Chat,123.0,35.5,Escalated,Yes,No,78.8,4,91.5
INT-02536,2025-04-11,Agent_16,Login Issue,Low,WhatsApp,125.0,23.6,In Progress,Yes,No,91.6,5,91.8
INT-01140,2025-04-11,Agent_02,General Inquiry,High,Phone,75.3,49.9,In Progress,Yes,No,74.9,4,92.8
INT-04833,2025-04-11,Agent_09,General Inquiry,Medium,Chat,58.2,43.2,Resolved,Yes,No,91.2,5,94.9
INT-04036,2025-04-11,Agent_03,Login Issue,High,Chat,98.6,73.1,Escalated,No,No,69.7,4,84.3
INT-00530,2025-04-11,Agent_10,Refund Issue,High,Phone,107.3,33.6,Resolved,Yes,No,72.1,4,91.3
INT-03984,2025-04-11,Agent_14,General Inquiry,Medium,Phone,70.5,49.5,Resolved,Yes,No,92.5,5,88.8
INT-01400,2025-04-11,Agent_01,General Inquiry,Medium,Phone,121.2,30.2,In Progress,Yes,No,78.6,5,86.3
INT-03464,2025-04-11,Agent_07,App Crash,Medium,Phone,118.9,28.2,Resolved,Yes,No,85.4,5,86.9
INT-03006,2025-04-11,Agent_11,Payment Issue,Low,Email,86.7,34.0,Resolved,Yes,No,88.3,4,94.9
INT-03001,2025-04-11,Agent_09,General Inquiry,High,Chat,148.6,40.5,Resolved,Yes,No,84.1,4,93.5
INT-04172,2025-04-11,Agent_09,Login Issue,Medium,Chat,23.2,52.8,In Progress,Yes,No,81.3,5,88.8
INT-03767,2025-04-11,Agent_06,Delivery Delay,Medium,Chat,136.8,31.2,In Progress,No,No,73.1,4,91.7
INT-04025,2025-04-11,Agent_04,Payment Issue,Low,Email,69.9,28.6,Resolved,Yes,No,77.8,5,86.0
INT-00466,2025-04-11,Agent_03,Login Issue,Medium,Phone,64.2,60.6,Escalated,No,Yes,62.3,4,87.0
INT-04758,2025-04-11,Agent_11,Payment Issue,Low,Chat,46.0,34.9,Resolved,Yes,No,82.2,5,98.4
INT-04149,2025-04-11,Agent_01,Account Blocked,Medium,WhatsApp,68.2,29.8,Resolved,Yes,No,77.2,5,95.0
INT-03525,2025-04-11,Agent_12,Refund Issue,Medium,Phone,125.6,34.4,Resolved,Yes,No,87.5,4,83.7
INT-01717,2025-04-11,Agent_11,Payment Issue,Medium,Phone,90.5,53.0,Resolved,Yes,No,91.3,5,86.5
INT-00904,2025-04-11,Agent_05,Login Issue,Medium,Chat,107.7,26.1,In Progress,Yes,No,82.1,5,88.6
INT-00190,2025-04-11,Agent_09,Payment Issue,Medium,Email,108.8,25.3,Resolved,Yes,No,78.4,5,88.3
INT-02361,2025-04-11,Agent_12,App Crash,Low,Email,34.1,44.0,Resolved,Yes,No,87.9,5,88.9
INT-02457,2025-04-11,Agent_08,App Crash,Medium,Phone,93.1,24.0,In Progress,Yes,No,75.4,5,86.8
INT-00495,2025-04-11,Agent_11,App Crash,High,Email,100.9,62.7,In Progress,Yes,No,81.8,4,94.3
INT-00120,2025-04-11,Agent_03,Payment Issue,High,Phone,85.4,26.7,In Progress,Yes,No,78.5,5,94.8
INT-02707,2025-04-11,Agent_11,General Inquiry,Medium,WhatsApp,86.4,24.7,Escalated,Yes,No,83.9,4,100.0
INT-03782,2025-04-11,Agent_09,Login Issue,High,Phone,88.0,50.6,Resolved,Yes,No,85.7,5,87.6
INT-03368,2025-04-11,Agent_07,Delivery Delay,Medium,Email,75.9,26.3,Resolved,Yes,No,91.6,5,91.7
INT-03933,2025-04-12,Agent_01,App Crash,High,Email,37.2,37.3,Resolved,Yes,No,77.6,4,85.3
INT-01396,2025-04-12,Agent_16,App Crash,Low,Chat,185.1,22.5,Resolved,Yes,No,95.9,4,97.3
INT-02036,2025-04-12,Agent_12,Account Blocked,High,WhatsApp,84.3,38.9,Resolved,No,No,74.5,4,88.2
INT-03651,2025-04-12,Agent_02,Payment Issue,Medium,Phone,46.4,34.1,Resolved,Yes,No,75.2,5,85.0
INT-03847,2025-04-12,Agent_12,App Crash,High,Phone,104.2,52.1,In Progress,Yes,No,75.3,4,82.0
INT-03639,2025-04-12,Agent_20,Refund Issue,Medium,Chat,49.7,20.7,Resolved,Yes,No,82.6,4,97.3
INT-03132,2025-04-12,Agent_13,General Inquiry,Medium,Chat,101.8,20.8,Resolved,Yes,No,96.7,5,93.6
INT-02078,2025-04-12,Agent_05,Refund Issue,High,Phone,128.8,32.5,Resolved,No,No,64.7,4,86.5
INT-02260,2025-04-12,Agent_19,Refund Issue,High,Email,57.9,53.8,Resolved,Yes,No,93.7,5,90.3
INT-03836,2025-04-12,Agent_01,Login Issue,High,Chat,138.0,27.0,In Progress,Yes,No,65.8,3,88.2
INT-02080,2025-04-12,Agent_10,Payment Issue,Low,Email,134.6,33.0,Resolved,Yes,No,74.9,4,90.5
INT-02296,2025-04-12,Agent_18,Payment Issue,Low,Email,28.3,29.7,Resolved,Yes,No,90.8,5,90.0
INT-03989,2025-04-12,Agent_19,Payment Issue,Medium,Email,82.5,38.2,In Progress,Yes,No,97.0,5,90.5
INT-04490,2025-04-12,Agent_10,General Inquiry,Medium,Email,147.9,27.8,Resolved,Yes,No,89.3,4,95.1
INT-03660,2025-04-12,Agent_14,Account Blocked,High,WhatsApp,66.8,36.4,Resolved,Yes,No,82.9,4,93.9
INT-04204,2025-04-12,Agent_03,App Crash,Medium,Chat,106.2,37.3,Resolved,Yes,No,90.8,4,91.0
INT-03027,2025-04-12,Agent_09,Account Blocked,High,Phone,111.5,80.6,Resolved,Yes,No,69.7,4,94.4
INT-00672,2025-04-12,Agent_18,Account Blocked,Critical,Email,76.5,56.3,In Progress,Yes,No,75.4,5,92.1
INT-02104,2025-04-12,Agent_02,Refund Issue,Medium,Email,56.1,76.2,Escalated,No,No,65.9,4,91.2
INT-04538,2025-04-12,Agent_07,Login Issue,Medium,Chat,140.5,20.1,Resolved,Yes,No,79.6,4,86.2
INT-01784,2025-04-12,Agent_14,App Crash,Medium,Email,143.5,48.5,Escalated,No,Yes,71.9,4,86.5
INT-00728,2025-04-12,Agent_16,Product Defect,Medium,Chat,21.5,35.3,Escalated,Yes,No,93.4,5,87.9
INT-03555,2025-04-12,Agent_15,General Inquiry,Low,WhatsApp,128.3,5.5,Resolved,Yes,No,90.9,5,99.6
INT-02779,2025-04-13,Agent_02,App Crash,High,WhatsApp,139.6,81.9,Resolved,No,No,64.0,4,93.4
INT-04059,2025-04-13,Agent_02,Payment Issue,Medium,Email,208.8,22.3,Resolved,Yes,No,78.1,4,92.0
INT-04669,2025-04-13,Agent_05,General Inquiry,Medium,Phone,161.6,43.6,Resolved,Yes,No,79.2,4,91.2
INT-03784,2025-04-13,Agent_01,Payment Issue,High,Phone,100.2,38.0,Resolved,Yes,No,72.8,5,85.6
INT-04154,2025-04-13,Agent_15,General Inquiry,Medium,Chat,47.2,26.9,Resolved,Yes,No,90.3,5,89.9
INT-03309,2025-04-13,Agent_03,Login Issue,High,WhatsApp,95.6,50.2,Escalated,Yes,No,77.4,4,90.0
INT-04118,2025-04-13,Agent_09,Payment Issue,Medium,Chat,76.2,37.3,Resolved,No,No,88.5,5,90.6
INT-03502,2025-04-13,Agent_01,Payment Issue,Low,WhatsApp,49.9,18.7,In Progress,Yes,No,81.9,5,92.5
INT-00001,2025-04-13,Agent_09,Product Defect,High,Phone,113.1,42.3,Resolved,Yes,No,65.5,4,98.3
INT-01229,2025-04-13,Agent_11,Delivery Delay,Medium,WhatsApp,77.9,44.0,Escalated,Yes,No,88.0,5,90.3
INT-01309,2025-04-13,Agent_03,Login Issue,Medium,Email,77.4,36.3,Resolved,Yes,No,72.3,4,86.2
INT-00008,2025-04-13,Agent_15,App Crash,Critical,Chat,115.4,60.4,Escalated,Yes,No,80.0,4,92.0
INT-00769,2025-04-13,Agent_08,Payment Issue,High,Email,163.0,48.7,Resolved,Yes,No,74.7,4,95.1
INT-00169,2025-04-13,Agent_17,Refund Issue,High,WhatsApp,130.4,67.0,Escalated,Yes,No,78.2,4,87.3
INT-01813,2025-04-13,Agent_13,Account Blocked,Medium,Phone,107.3,25.6,Resolved,No,No,74.6,4,87.9
INT-01490,2025-04-13,Agent_16,Login Issue,Critical,Phone,80.6,57.8,Escalated,Yes,Yes,71.8,3,86.4
INT-02454,2025-04-13,Agent_13,Delivery Delay,High,Phone,57.7,43.7,Resolved,Yes,No,75.3,4,94.7
INT-02458,2025-04-13,Agent_16,App Crash,High,Email,99.8,41.4,Resolved,Yes,No,82.0,5,88.0
INT-01446,2025-04-13,Agent_15,Product Defect,Critical,Chat,94.9,53.3,Escalated,Yes,No,78.9,4,83.9
INT-00405,2025-04-13,Agent_18,General Inquiry,High,WhatsApp,123.3,35.7,Resolved,Yes,No,90.7,5,92.9
INT-01831,2025-04-13,Agent_06,Account Blocked,Medium,Phone,88.0,58.6,Resolved,No,No,69.8,4,91.7
INT-02718,2025-04-13,Agent_07,General Inquiry,Critical,Phone,103.8,51.3,Resolved,No,No,73.7,5,87.2
INT-01815,2025-04-13,Agent_16,General Inquiry,High,Chat,126.5,61.0,Escalated,Yes,Yes,76.4,3,86.5
INT-00126,2025-04-13,Agent_08,Account Blocked,Low,Phone,52.3,19.9,Resolved,Yes,No,85.3,5,95.9
INT-03863,2025-04-14,Agent_13,Account Blocked,Medium,WhatsApp,108.7,20.0,Escalated,Yes,No,87.7,4,93.4
INT-04858,2025-04-14,Agent_17,General Inquiry,Medium,Email,69.8,15.4,Resolved,Yes,No,89.6,4,93.5
INT-00014,2025-04-14,Agent_12,Account Blocked,Critical,Chat,107.0,37.7,In Progress,Yes,No,79.8,5,88.3
INT-00063,2025-04-14,Agent_12,Product Defect,Low,Email,70.7,32.7,Resolved,Yes,No,79.7,4,98.4
INT-00118,2025-04-14,Agent_06,General Inquiry,Low,Phone,66.8,30.1,Resolved,Yes,No,98.9,5,91.0
INT-04211,2025-04-14,Agent_02,Delivery Delay,High,Phone,55.5,54.4,Resolved,Yes,No,68.2,4,85.8
INT-04952,2025-04-14,Agent_13,App Crash,Critical,Phone,114.3,53.8,Resolved,No,No,63.8,3,86.7
INT-01035,2025-04-14,Agent_02,Account Blocked,High,Chat,53.2,53.4,Resolved,No,No,71.4,5,89.1
INT-03397,2025-04-14,Agent_16,Refund Issue,Medium,Phone,48.8,33.7,In Progress,Yes,No,91.9,4,92.5
INT-01824,2025-04-14,Agent_04,Product Defect,Low,Phone,145.7,25.0,Resolved,No,No,75.9,4,85.8
INT-02677,2025-04-14,Agent_15,Payment Issue,High,Phone,85.1,48.2,Resolved,Yes,No,86.6,5,88.3
INT-03631,2025-04-14,Agent_18,Payment Issue,Low,Phone,51.1,44.1,Resolved,Yes,No,91.2,5,99.9
INT-04606,2025-04-14,Agent_03,Refund Issue,Critical,Phone,56.6,60.6,Resolved,Yes,No,67.4,5,88.3
INT-00355,2025-04-14,Agent_09,Product Defect,Medium,Email,105.7,47.1,Resolved,Yes,No,76.6,4,87.6
INT-02633,2025-04-14,Agent_16,Login Issue,Low,Chat,41.6,21.5,Resolved,Yes,No,94.1,5,96.9
INT-04030,2025-04-14,Agent_18,Payment Issue,High,Phone,98.9,31.1,Escalated,Yes,No,82.6,5,93.8
INT-03516,2025-04-14,Agent_17,Login Issue,Medium,Chat,157.6,24.2,Resolved,No,No,88.1,5,91.4
INT-04790,2025-04-14,Agent_06,Account Blocked,High,Chat,73.0,39.1,Resolved,Yes,No,85.7,5,92.7
INT-01117,2025-04-14,Agent_19,General Inquiry,Critical,Phone,112.3,38.1,Escalated,Yes,No,88.8,5,94.4
INT-01197,2025-04-14,Agent_13,Product Defect,Medium,WhatsApp,65.2,37.5,Resolved,Yes,No,80.4,5,93.4
INT-02325,2025-04-14,Agent_08,Login Issue,Medium,Email,105.0,41.9,In Progress,Yes,No,82.8,4,86.6
INT-01115,2025-04-14,Agent_14,General Inquiry,Low,Phone,52.7,16.5,Resolved,No,No,87.3,5,92.9
INT-01651,2025-04-14,Agent_16,Account Blocked,Medium,Chat,139.3,37.9,Escalated,Yes,No,85.7,4,100.0
INT-04715,2025-04-14,Agent_01,Refund Issue,High,Phone,76.2,75.9,In Progress,Yes,No,77.5,5,95.8
INT-01049,2025-04-14,Agent_10,Payment Issue,Critical,Chat,76.9,80.4,Resolved,Yes,No,77.2,4,92.8
INT-02328,2025-04-14,Agent_04,App Crash,High,Phone,162.5,39.1,Escalated,Yes,Yes,67.0,4,85.4
INT-00270,2025-04-14,Agent_06,General Inquiry,High,WhatsApp,135.4,20.6,Resolved,No,No,75.8,4,89.5
INT-00343,2025-04-14,Agent_09,Login Issue,High,WhatsApp,107.4,87.8,Resolved,No,No,65.8,4,91.7
INT-01387,2025-04-14,Agent_11,Account Blocked,High,Phone,67.7,38.0,In Progress,Yes,No,81.6,5,89.6
INT-03902,2025-04-14,Agent_03,Account Blocked,Medium,Chat,83.9,24.9,Resolved,Yes,No,82.3,4,97.9
INT-00234,2025-04-14,Agent_19,Login Issue,High,WhatsApp,69.6,35.4,Resolved,No,No,90.2,4,90.4
INT-02571,2025-04-14,Agent_05,Payment Issue,Medium,Phone,58.6,37.9,Resolved,No,No,73.5,4,94.0
INT-01048,2025-04-14,Agent_05,Account Blocked,High,Chat,97.3,46.5,Escalated,Yes,Yes,68.9,3,83.5
INT-03925,2025-04-14,Agent_11,Account Blocked,Medium,Email,58.2,49.7,Resolved,Yes,No,80.2,5,92.7
INT-03892,2025-04-14,Agent_01,App Crash,Medium,Phone,124.3,44.0,Resolved,Yes,No,79.9,4,90.3
INT-02984,2025-04-14,Agent_20,Refund Issue,Low,WhatsApp,56.1,41.1,Escalated,Yes,No,89.8,5,86.4
INT-00809,2025-04-14,Agent_13,Product Defect,Medium,WhatsApp,72.2,26.3,Resolved,No,No,84.4,5,100.0
INT-01105,2025-04-14,Agent_09,Delivery Delay,High,Phone,120.7,65.3,Resolved,Yes,No,73.1,4,88.9
INT-03790,2025-04-15,Agent_01,General Inquiry,Low,Chat,124.2,34.4,Resolved,No,No,87.7,5,87.4
INT-03234,2025-04-15,Agent_20,Product Defect,Medium,Phone,59.2,77.3,Resolved,Yes,No,95.3,4,88.0
INT-02063,2025-04-15,Agent_02,General Inquiry,Low,WhatsApp,108.7,24.2,Resolved,Yes,No,86.3,4,92.7
INT-00720,2025-04-15,Agent_02,General Inquiry,Medium,Phone,33.6,18.0,Resolved,Yes,No,84.3,5,83.0
INT-00632,2025-04-15,Agent_15,Account Blocked,High,Phone,125.6,48.6,Resolved,Yes,No,86.8,4,97.1
INT-02580,2025-04-15,Agent_17,Refund Issue,Critical,Phone,70.8,52.7,Escalated,Yes,No,79.7,4,91.4
INT-03172,2025-04-15,Agent_06,Account Blocked,Medium,Phone,52.6,30.9,Resolved,Yes,No,92.4,5,94.5
INT-01191,2025-04-15,Agent_13,Product Defect,Critical,WhatsApp,151.5,61.2,Escalated,No,Yes,60.7,3,86.4
INT-01880,2025-04-15,Agent_12,Delivery Delay,Medium,Phone,106.0,35.8,In Progress,Yes,No,89.6,5,95.4
INT-01968,2025-04-15,Agent_08,Payment Issue,Critical,Phone,53.1,42.5,Escalated,No,No,79.0,4,87.4
INT-01569,2025-04-15,Agent_19,Delivery Delay,High,Email,98.3,49.7,Resolved,Yes,No,88.8,5,89.4
INT-02345,2025-04-15,Agent_11,Delivery Delay,Medium,Email,91.6,28.8,Resolved,Yes,No,80.9,4,93.6
INT-04082,2025-04-15,Agent_01,Refund Issue,Medium,Email,74.2,46.0,Resolved,Yes,No,83.4,5,88.5
INT-03943,2025-04-15,Agent_14,Payment Issue,Low,WhatsApp,81.1,37.6,Escalated,Yes,No,94.1,5,95.6
INT-00544,2025-04-15,Agent_13,Payment Issue,Low,Phone,151.6,45.1,Resolved,No,No,83.2,4,94.1
INT-01904,2025-04-15,Agent_11,Refund Issue,Low,Email,84.4,29.5,Escalated,Yes,No,88.1,5,92.9
INT-03210,2025-04-15,Agent_06,Product Defect,High,Email,79.7,33.4,Resolved,Yes,No,73.6,5,90.0
INT-03717,2025-04-15,Agent_05,Delivery Delay,High,WhatsApp,58.5,51.8,Escalated,Yes,No,70.9,4,90.3
INT-00519,2025-04-15,Agent_09,App Crash,High,Email,116.1,47.8,Resolved,Yes,No,73.9,4,85.2
INT-02509,2025-04-15,Agent_10,Product Defect,Medium,Email,45.1,43.1,Resolved,Yes,No,82.0,5,94.0
INT-03339,2025-04-15,Agent_08,Payment Issue,Low,Email,125.6,39.8,In Progress,Yes,No,83.8,4,92.4
INT-04335,2025-04-15,Agent_10,Delivery Delay,Medium,Phone,60.8,43.9,Resolved,Yes,No,81.8,5,93.3
INT-01015,2025-04-15,Agent_15,Login Issue,Low,Phone,105.9,11.9,Resolved,Yes,No,81.6,4,94.6
INT-04423,2025-04-16,Agent_16,General Inquiry,Low,Email,61.9,4.1,Resolved,Yes,No,97.8,4,90.8
INT-03273,2025-04-16,Agent_03,Login Issue,High,WhatsApp,136.5,67.3,Escalated,Yes,Yes,63.2,3,86.5
INT-03248,2025-04-16,Agent_05,Refund Issue,High,Phone,69.8,53.8,Resolved,Yes,No,79.3,5,96.8
INT-02161,2025-04-16,Agent_20,Delivery Delay,High,Phone,137.4,44.7,Resolved,Yes,No,78.7,3,90.3
INT-02192,2025-04-16,Agent_05,Login Issue,High,Chat,98.4,53.2,Resolved,Yes,No,73.2,4,87.9
INT-01820,2025-04-16,Agent_03,Refund Issue,Medium,Email,60.9,20.0,Resolved,Yes,No,78.5,5,85.5
INT-00419,2025-04-16,Agent_03,Payment Issue,Medium,Chat,107.5,23.7,Resolved,Yes,No,88.4,4,90.9
INT-01127,2025-04-16,Agent_03,Delivery Delay,Medium,Chat,96.9,53.0,Resolved,Yes,No,78.6,4,89.0
INT-00068,2025-04-16,Agent_10,Login Issue,Low,Chat,137.1,19.2,Escalated,Yes,No,91.2,5,97.0
INT-04108,2025-04-16,Agent_17,Delivery Delay,Medium,Phone,62.6,59.3,Escalated,No,No,80.7,5,89.0
INT-02842,2025-04-16,Agent_02,Refund Issue,Medium,Email,63.6,43.4,Resolved,Yes,No,78.2,4,91.5
INT-02669,2025-04-16,Agent_20,Payment Issue,Low,Phone,95.8,22.3,Resolved,Yes,No,94.1,5,98.9
INT-01855,2025-04-16,Agent_15,General Inquiry,Low,Phone,135.8,30.7,Resolved,Yes,No,100.0,5,92.4
INT-02832,2025-04-16,Agent_16,Login Issue,Medium,Phone,82.2,35.6,In Progress,Yes,No,89.9,4,99.3
INT-01334,2025-04-16,Agent_13,Delivery Delay,High,Chat,92.0,41.2,Resolved,Yes,No,81.6,4,95.0
INT-03917,2025-04-16,Agent_18,General Inquiry,Medium,Email,94.7,17.4,In Progress,Yes,No,96.1,5,95.0
INT-00783,2025-04-16,Agent_12,Payment Issue,Medium,Email,121.0,56.0,In Progress,No,No,87.6,5,91.7
INT-04573,2025-04-16,Agent_19,Product Defect,Low,WhatsApp,79.3,13.4,Resolved,Yes,No,97.9,5,94.4
INT-02309,2025-04-16,Agent_20,General Inquiry,Medium,Chat,80.1,40.3,Resolved,Yes,No,99.0,5,94.5
INT-02679,2025-04-16,Agent_14,Product Defect,High,WhatsApp,93.5,45.4,Resolved,Yes,No,71.8,4,90.2
INT-04007,2025-04-16,Agent_16,Product Defect,Medium,Phone,25.7,35.3,In Progress,Yes,No,87.3,4,94.3
INT-04516,2025-04-17,Agent_20,General Inquiry,High,Email,98.6,54.2,Resolved,Yes,No,89.5,5,84.8
INT-01980,2025-04-17,Agent_04,Refund Issue,Critical,Email,81.6,47.8,Resolved,Yes,No,67.1,4,83.6
INT-03450,2025-04-17,Agent_19,General Inquiry,Medium,Email,47.0,15.9,Resolved,Yes,No,92.3,5,93.0
INT-04511,2025-04-17,Agent_05,Account Blocked,Medium,Email,87.0,26.5,Resolved,No,No,75.4,5,86.1
INT-00845,2025-04-17,Agent_04,Account Blocked,Medium,Email,97.3,47.7,Resolved,Yes,No,70.6,4,88.6
INT-03005,2025-04-17,Agent_03,General Inquiry,High,WhatsApp,119.8,27.7,Resolved,No,No,75.5,5,92.8
INT-03274,2025-04-17,Agent_11,Login Issue,Medium,Phone,152.1,44.8,Escalated,No,Yes,81.4,3,77.7
INT-02788,2025-04-17,Agent_07,Product Defect,Low,Chat,57.5,51.4,Resolved,No,No,71.1,4,89.5
INT-04498,2025-04-17,Agent_08,Refund Issue,Medium,Chat,72.6,45.2,In Progress,Yes,No,83.8,4,92.0
INT-01112,2025-04-17,Agent_18,Login Issue,High,Email,98.3,68.1,Resolved,Yes,No,84.1,5,92.0
INT-03378,2025-04-17,Agent_06,Delivery Delay,High,Phone,51.7,41.5,In Progress,Yes,No,81.1,4,87.9
INT-02136,2025-04-17,Agent_08,Login Issue,Medium,WhatsApp,38.1,22.7,Resolved,Yes,No,92.0,5,95.6
INT-01353,2025-04-17,Agent_14,Delivery Delay,Medium,Email,55.1,43.9,Resolved,Yes,No,79.8,5,93.0
INT-04528,2025-04-17,Agent_01,Delivery Delay,High,Chat,79.1,70.5,Resolved,Yes,No,68.0,4,83.9
INT-00005,2025-04-17,Agent_05,Product Defect,Medium,Phone,67.3,29.5,In Progress,Yes,No,90.7,5,89.6
INT-01635,2025-04-17,Agent_06,Delivery Delay,Low,Chat,153.2,25.6,In Progress,Yes,No,81.5,4,94.9
INT-02996,2025-04-17,Agent_17,Product Defect,Medium,Phone,84.3,44.3,Resolved,Yes,No,88.3,4,99.2
INT-01618,2025-04-17,Agent_16,Delivery Delay,Low,Email,84.3,17.6,Resolved,Yes,No,85.7,5,92.8
INT-01535,2025-04-17,Agent_18,Payment Issue,Medium,Phone,101.8,37.0,Resolved,Yes,No,94.7,5,88.5
INT-04635,2025-04-17,Agent_09,General Inquiry,Medium,WhatsApp,52.1,37.7,Resolved,Yes,No,91.7,5,87.5
INT-04001,2025-04-17,Agent_09,App Crash,Low,WhatsApp,107.8,12.9,Escalated,Yes,Yes,81.0,3,89.1
INT-04741,2025-04-17,Agent_17,General Inquiry,Medium,Phone,30.6,28.1,Resolved,Yes,No,97.0,5,89.0
INT-00873,2025-04-17,Agent_15,General Inquiry,High,Phone,59.6,78.5,Resolved,No,No,82.3,5,95.3
INT-02847,2025-04-17,Agent_09,Account Blocked,Critical,Phone,197.2,41.8,Resolved,Yes,No,72.7,3,86.1
INT-03740,2025-04-17,Agent_07,Account Blocked,Medium,Phone,58.1,25.9,Escalated,Yes,No,75.1,4,84.5
INT-02850,2025-04-17,Agent_03,Account Blocked,High,Phone,35.9,66.3,In Progress,No,No,62.7,4,94.2
INT-01469,2025-04-18,Agent_05,Product Defect,High,Chat,191.5,46.9,Resolved,No,No,66.6,3,87.0
INT-01393,2025-04-18,Agent_08,Login Issue,High,Email,174.0,39.7,Resolved,Yes,No,71.6,4,87.2
INT-03770,2025-04-18,Agent_19,Delivery Delay,Critical,Email,203.9,73.3,Escalated,No,Yes,55.0,3,81.6
INT-03050,2025-04-18,Agent_04,Delivery Delay,Low,Phone,30.5,59.0,Escalated,Yes,No,82.7,4,90.3
INT-02831,2025-04-18,Agent_20,Payment Issue,Critical,Phone,165.7,49.9,In Progress,No,No,74.2,4,90.3
INT-03051,2025-04-18,Agent_13,Login Issue,Critical,Email,143.1,50.1,Resolved,Yes,No,78.9,4,91.9
INT-04371,2025-04-18,Agent_01,Login Issue,High,Email,80.5,51.6,Escalated,Yes,Yes,65.6,3,81.9
INT-01174,2025-04-18,Agent_16,Payment Issue,Medium,Phone,174.5,45.1,In Progress,No,No,80.0,4,97.7
INT-02329,2025-04-18,Agent_18,App Crash,High,Email,56.6,32.4,Escalated,Yes,No,88.8,5,99.4
INT-04609,2025-04-18,Agent_05,Refund Issue,High,Phone,195.1,48.7,Resolved,Yes,No,66.1,4,91.3
INT-02131,2025-04-18,Agent_09,General Inquiry,Medium,Chat,91.2,42.6,Escalated,Yes,No,93.5,5,90.2
INT-03551,2025-04-18,Agent_17,Account Blocked,Medium,Phone,176.2,67.3,Escalated,Yes,Yes,83.7,4,85.9
INT-00035,2025-04-18,Agent_05,Login Issue,Medium,Email,65.7,19.6,Resolved,Yes,No,80.8,5,85.0
INT-03073,2025-04-18,Agent_11,Login Issue,Medium,Chat,68.2,27.4,Escalated,Yes,Yes,75.8,3,86.0
INT-00156,2025-04-18,Agent_18,General Inquiry,Medium,Chat,46.5,55.3,Resolved,No,No,85.7,4,95.8
INT-01991,2025-04-18,Agent_18,Payment Issue,Low,Chat,90.0,51.2,Resolved,No,No,86.3,4,91.6
INT-00618,2025-04-18,Agent_13,Payment Issue,High,Phone,142.5,50.9,Resolved,No,No,80.6,4,85.8
INT-01296,2025-04-18,Agent_02,Payment Issue,Medium,WhatsApp,45.1,63.6,Resolved,No,No,71.0,4,89.5
INT-02663,2025-04-18,Agent_02,Login Issue,Medium,Email,97.2,23.9,Resolved,Yes,No,75.4,4,82.6
INT-03300,2025-04-18,Agent_01,Refund Issue,Medium,Phone,48.9,48.2,In Progress,No,No,76.3,5,98.0
INT-01451,2025-04-18,Agent_02,Refund Issue,High,WhatsApp,50.8,65.9,Escalated,Yes,No,62.4,4,86.2
INT-02673,2025-04-18,Agent_01,Refund Issue,Low,Chat,94.7,21.0,Resolved,No,No,69.9,5,88.8
INT-03994,2025-04-18,Agent_09,Payment Issue,Medium,Phone,92.5,28.8,Escalated,No,Yes,69.8,3,89.8
INT-01458,2025-04-18,Agent_15,Refund Issue,High,Phone,113.0,33.8,Escalated,Yes,Yes,71.5,4,86.5
INT-03388,2025-04-18,Agent_08,Account Blocked,Low,Chat,240.0,27.2,Resolved,Yes,No,86.8,4,90.5
INT-02174,2025-04-18,Agent_04,Payment Issue,Low,WhatsApp,34.1,14.9,Resolved,No,No,80.0,5,81.4
INT-04983,2025-04-18,Agent_05,Product Defect,High,Chat,108.5,57.9,In Progress,Yes,No,71.6,4,90.4
INT-02229,2025-04-18,Agent_06,Account Blocked,Critical,Phone,126.3,42.6,Resolved,No,No,61.6,4,90.1
INT-01896,2025-04-18,Agent_06,Payment Issue,Medium,Phone,122.7,59.2,Resolved,Yes,No,76.7,4,94.8
INT-04040,2025-04-18,Agent_10,Account Blocked,Medium,WhatsApp,40.2,37.6,Resolved,No,No,77.8,4,93.2
INT-00403,2025-04-18,Agent_06,Payment Issue,High,Phone,166.1,27.7,Resolved,Yes,No,65.3,3,93.2
INT-02823,2025-04-18,Agent_03,Login Issue,Medium,Phone,84.3,35.0,In Progress,Yes,No,75.7,4,90.5
INT-04693,2025-04-18,Agent_05,Product Defect,Low,Chat,117.6,22.5,Resolved,Yes,No,85.2,4,95.3
INT-03966,2025-04-18,Agent_20,Payment Issue,Medium,Email,38.7,34.0,Resolved,Yes,No,100.0,5,100.0
INT-01314,2025-04-19,Agent_13,Payment Issue,High,Phone,82.9,44.4,In Progress,Yes,No,86.8,5,88.6
INT-03476,2025-04-19,Agent_11,Refund Issue,High,Email,126.2,47.9,Resolved,No,No,71.8,4,97.0
INT-04874,2025-04-19,Agent_19,General Inquiry,Medium,Chat,108.1,39.8,Escalated,Yes,Yes,87.0,4,96.3
INT-00302,2025-04-19,Agent_16,Payment Issue,Low,Chat,83.0,10.9,Resolved,No,No,91.2,4,88.9
INT-02264,2025-04-19,Agent_10,General Inquiry,Critical,Email,154.3,47.7,Resolved,Yes,No,74.9,4,96.7
INT-04140,2025-04-19,Agent_11,Refund Issue,High,Phone,61.6,46.7,Escalated,Yes,Yes,69.7,3,84.8
INT-03019,2025-04-19,Agent_03,Account Blocked,Low,Email,160.0,23.2,Resolved,Yes,No,85.1,4,87.0
INT-00607,2025-04-19,Agent_20,Payment Issue,Medium,WhatsApp,58.8,18.9,Resolved,Yes,No,97.2,5,97.8
INT-02542,2025-04-19,Agent_03,General Inquiry,Low,Chat,176.8,6.2,Escalated,Yes,No,76.0,3,93.1
INT-01081,2025-04-19,Agent_14,Account Blocked,Medium,Chat,137.5,36.7,Escalated,Yes,No,76.7,5,89.0
INT-01422,2025-04-19,Agent_03,Account Blocked,Critical,WhatsApp,127.3,72.5,Escalated,Yes,No,69.5,4,83.9
INT-04112,2025-04-19,Agent_14,Login Issue,Medium,Chat,77.2,56.7,Resolved,No,No,80.2,4,91.8
INT-02086,2025-04-19,Agent_19,Refund Issue,Low,Chat,17.6,16.2,Resolved,Yes,No,89.6,5,95.7
INT-03250,2025-04-19,Agent_15,Payment Issue,High,Chat,92.6,61.0,In Progress,Yes,No,91.1,5,96.4
INT-01654,2025-04-19,Agent_15,Login Issue,High,Chat,58.0,43.1,In Progress,Yes,No,93.0,4,99.2
INT-00578,2025-04-19,Agent_11,Account Blocked,Low,WhatsApp,45.0,44.7,Resolved,Yes,No,85.3,5,87.7
INT-04099,2025-04-19,Agent_13,General Inquiry,Low,Phone,82.9,8.5,Resolved,No,No,76.1,5,96.9
INT-04545,2025-04-19,Agent_13,Refund Issue,Medium,Email,76.1,39.6,Resolved,Yes,No,93.2,5,93.9
INT-02992,2025-04-19,Agent_03,Payment Issue,High,Phone,130.5,33.4,Resolved,Yes,No,80.1,5,90.4
INT-04075,2025-04-19,Agent_10,Account Blocked,Critical,Phone,113.9,52.1,Resolved,Yes,No,69.0,4,94.3
INT-03437,2025-04-19,Agent_02,Payment Issue,Low,Chat,15.5,20.0,Resolved,Yes,No,86.4,5,91.3
INT-01379,2025-04-19,Agent_18,Login Issue,Low,Chat,95.5,18.6,In Progress,Yes,No,83.8,5,88.4
INT-00407,2025-04-19,Agent_04,Account Blocked,Low,Phone,21.4,45.6,Resolved,Yes,No,82.0,4,92.8
INT-04238,2025-04-19,Agent_14,General Inquiry,Low,Phone,31.1,42.6,Resolved,No,No,85.1,5,88.9
INT-00892,2025-04-19,Agent_20,Payment Issue,Medium,Phone,103.0,22.4,Resolved,Yes,No,92.2,5,93.7
INT-03803,2025-04-19,Agent_04,App Crash,Critical,WhatsApp,80.7,87.8,Resolved,Yes,No,72.1,4,85.8
INT-00864,2025-04-19,Agent_11,Account Blocked,Medium,Email,72.9,51.5,Escalated,No,No,90.7,5,92.3
INT-03569,2025-04-19,Agent_05,Login Issue,Low,Phone,101.0,23.2,Resolved,Yes,No,87.4,4,86.0
INT-00702,2025-04-19,Agent_06,Product Defect,High,Phone,82.1,62.4,Escalated,No,Yes,62.1,3,87.2
INT-03484,2025-04-19,Agent_02,General Inquiry,Critical,Chat,45.1,43.4,Resolved,Yes,No,85.2,5,91.9
INT-04582,2025-04-19,Agent_19,Payment Issue,Medium,Chat,59.7,59.3,Escalated,Yes,Yes,73.7,4,88.9
INT-00910,2025-04-19,Agent_11,Product Defect,Low,Email,25.7,23.0,Resolved,No,No,78.2,5,92.5
INT-03494,2025-04-19,Agent_01,Refund Issue,Medium,Phone,52.2,41.8,Resolved,Yes,No,74.6,4,93.1
INT-02749,2025-04-19,Agent_20,General Inquiry,Low,Email,87.7,3.9,In Progress,Yes,No,99.0,4,95.0
INT-02793,2025-04-19,Agent_17,Login Issue,Medium,Chat,99.4,56.0,Escalated,No,Yes,74.1,4,93.7
INT-03304,2025-04-19,Agent_17,Payment Issue,Medium,Phone,154.1,38.3,Escalated,Yes,No,92.0,5,100.0
INT-04464,2025-04-20,Agent_17,Refund Issue,Low,WhatsApp,40.6,18.1,Resolved,Yes,No,85.7,5,94.9
INT-04917,2025-04-20,Agent_05,Payment Issue,Critical,Phone,73.8,60.0,Resolved,Yes,No,75.5,4,82.1
INT-04571,2025-04-20,Agent_06,Login Issue,Medium,Phone,225.3,36.4,Resolved,Yes,No,70.5,3,90.4
INT-03136,2025-04-20,Agent_17,General Inquiry,High,Chat,85.8,64.6,Resolved,Yes,No,96.2,5,90.2
INT-04820,2025-04-20,Agent_10,Login Issue,Low,Email,35.2,22.2,Escalated,Yes,Yes,81.5,3,89.8
INT-01777,2025-04-20,Agent_07,Login Issue,Low,Email,214.8,21.7,In Progress,Yes,No,87.2,4,95.3
INT-03174,2025-04-20,Agent_05,Payment Issue,High,Chat,155.5,50.6,Resolved,Yes,No,83.7,4,89.2
INT-00738,2025-04-20,Agent_15,General Inquiry,High,Chat,128.6,81.5,Resolved,Yes,No,74.3,4,87.4
INT-04856,2025-04-20,Agent_06,Delivery Delay,Low,Phone,103.7,22.1,Resolved,Yes,No,82.1,4,88.7
INT-00278,2025-04-20,Agent_02,Refund Issue,Low,Phone,125.3,8.7,Escalated,Yes,No,81.2,4,95.1
INT-01533,2025-04-20,Agent_17,General Inquiry,High,Phone,58.2,41.5,Resolved,Yes,No,90.3,5,90.7
INT-02939,2025-04-20,Agent_15,Refund Issue,Low,Chat,109.7,37.4,Resolved,Yes,No,94.3,5,90.7
INT-03008,2025-04-20,Agent_05,App Crash,High,Phone,142.7,67.0,Resolved,Yes,No,70.2,3,89.1
INT-02395,2025-04-20,Agent_17,Payment Issue,Medium,Phone,117.2,53.5,Resolved,No,No,73.6,4,100.0
INT-03700,2025-04-20,Agent_08,Payment Issue,Low,Phone,41.8,35.7,Resolved,Yes,No,87.0,5,92.2
INT-01233,2025-04-20,Agent_03,Product Defect,Medium,Phone,106.3,44.0,Resolved,No,No,62.3,4,88.5
INT-02746,2025-04-20,Agent_04,Product Defect,High,WhatsApp,78.9,82.7,Escalated,Yes,No,65.1,5,84.4
INT-02552,2025-04-20,Agent_02,General Inquiry,Medium,Phone,62.9,18.4,Escalated,No,No,82.4,4,91.0
INT-02107,2025-04-20,Agent_04,Account Blocked,Medium,Email,33.3,31.8,Resolved,Yes,No,81.8,4,92.2
INT-01143,2025-04-20,Agent_18,Login Issue,High,Email,94.4,92.6,Resolved,No,No,65.2,5,91.1
INT-00055,2025-04-21,Agent_11,Delivery Delay,Medium,Phone,68.3,64.0,Resolved,Yes,No,81.5,4,90.5
INT-00311,2025-04-21,Agent_20,Login Issue,High,WhatsApp,49.2,49.8,In Progress,Yes,No,97.5,5,98.7
INT-03509,2025-04-21,Agent_17,App Crash,High,Phone,135.8,44.9,Escalated,No,Yes,73.3,4,92.1
INT-04199,2025-04-21,Agent_02,Product Defect,Medium,WhatsApp,83.4,88.5,Escalated,Yes,No,74.8,5,92.2
INT-02567,2025-04-21,Agent_02,App Crash,Critical,Phone,165.9,70.6,Escalated,No,Yes,57.4,3,73.4
INT-00895,2025-04-21,Agent_11,General Inquiry,High,Phone,109.4,51.1,Resolved,Yes,No,84.0,4,90.8
INT-00894,2025-04-21,Agent_07,Account Blocked,Medium,Email,73.4,42.2,Resolved,Yes,No,79.8,5,94.8
INT-01989,2025-04-21,Agent_02,Refund Issue,Critical,Email,145.2,66.3,Resolved,Yes,No,66.4,3,90.4
INT-02664,2025-04-21,Agent_12,Login Issue,Low,Email,50.1,48.0,Resolved,Yes,No,89.5,4,93.5
INT-03846,2025-04-21,Agent_14,Refund Issue,Medium,Email,152.6,45.5,Resolved,Yes,No,80.3,4,93.8
INT-01116,2025-04-21,Agent_18,Delivery Delay,Critical,Email,71.3,49.9,Resolved,Yes,No,87.4,5,84.3
INT-02667,2025-04-21,Agent_07,General Inquiry,Medium,Email,170.6,68.9,Escalated,No,Yes,58.3,3,90.3
INT-00564,2025-04-21,Agent_10,Account Blocked,Low,Phone,101.4,23.2,Resolved,Yes,No,84.9,4,84.6
INT-01688,2025-04-21,Agent_18,Login Issue,Medium,Chat,51.6,25.9,Resolved,Yes,No,90.4,4,100.0
INT-03663,2025-04-21,Agent_06,Account Blocked,Low,Chat,66.0,11.4,Resolved,Yes,No,85.5,5,92.7
INT-00801,2025-04-21,Agent_08,Refund Issue,Medium,Chat,27.3,26.6,In Progress,Yes,No,87.1,5,91.7
INT-04374,2025-04-21,Agent_05,Account Blocked,High,Phone,99.2,45.5,Resolved,Yes,No,79.9,5,94.1
INT-02709,2025-04-21,Agent_02,Login Issue,Low,Chat,86.7,37.7,Escalated,Yes,No,76.9,5,93.3
INT-00897,2025-04-21,Agent_04,App Crash,Low,Email,93.4,22.3,Resolved,Yes,No,88.5,5,85.2
INT-00871,2025-04-21,Agent_19,Account Blocked,High,Phone,128.0,47.1,Resolved,Yes,No,80.8,4,98.7
INT-04460,2025-04-21,Agent_02,Payment Issue,Medium,Email,82.7,78.1,Resolved,Yes,No,69.2,3,88.5
INT-03884,2025-04-21,Agent_12,General Inquiry,High,WhatsApp,92.4,39.1,Resolved,Yes,No,87.7,5,100.0
INT-04126,2025-04-21,Agent_11,General Inquiry,Medium,Phone,87.1,24.6,Resolved,Yes,No,88.9,5,92.8
INT-04440,2025-04-21,Agent_03,Payment Issue,Medium,Chat,74.0,64.4,Resolved,Yes,No,75.1,4,84.3
INT-00080,2025-04-21,Agent_15,Account Blocked,Medium,Email,240.0,35.7,Resolved,Yes,No,74.7,3,97.0
INT-01842,2025-04-21,Agent_06,Product Defect,Low,Phone,31.7,42.6,Resolved,Yes,No,81.3,5,88.9
INT-01370,2025-04-21,Agent_10,Payment Issue,Medium,Phone,142.1,48.2,Escalated,Yes,Yes,83.2,4,82.1
INT-01941,2025-04-21,Agent_12,Account Blocked,Medium,WhatsApp,136.3,18.6,Resolved,Yes,No,88.2,4,88.6
INT-01059,2025-04-21,Agent_03,Refund Issue,Medium,Email,103.3,39.9,Resolved,No,No,77.6,5,98.6
INT-03753,2025-04-22,Agent_07,Delivery Delay,High,Chat,96.1,55.4,In Progress,Yes,No,77.7,4,83.3
INT-01273,2025-04-22,Agent_10,Account Blocked,Low,Email,92.4,31.0,Escalated,Yes,No,88.2,5,89.2
INT-02912,2025-04-22,Agent_19,Account Blocked,Critical,Email,83.0,44.8,Resolved,Yes,No,89.7,4,97.8
INT-02688,2025-04-22,Agent_16,General Inquiry,Low,Email,70.2,38.3,Escalated,Yes,No,92.1,5,96.2
INT-00761,2025-04-22,Agent_20,Payment Issue,Low,Phone,51.7,14.1,Resolved,Yes,No,100.0,5,90.6
INT-00917,2025-04-22,Agent_18,Login Issue,Medium,Email,114.0,24.2,Resolved,Yes,No,84.1,4,87.2
INT-00245,2025-04-22,Agent_04,Delivery Delay,Medium,Chat,136.8,43.3,Resolved,Yes,No,72.4,4,84.8
INT-04961,2025-04-22,Agent_02,Payment Issue,Medium,Chat,181.5,44.3,Resolved,Yes,No,75.8,4,92.7
INT-04117,2025-04-22,Agent_15,Product Defect,Critical,Chat,121.9,62.1,Resolved,No,No,77.1,4,92.1
INT-00550,2025-04-22,Agent_18,Refund Issue,Low,Chat,52.9,45.6,Resolved,Yes,No,90.4,5,91.5
INT-02918,2025-04-22,Agent_08,Product Defect,Medium,Email,151.6,85.3,Resolved,No,No,62.3,4,90.1
INT-00272,2025-04-22,Agent_09,Product Defect,High,Phone,123.3,34.4,Resolved,No,No,75.2,4,92.9
INT-04115,2025-04-22,Agent_03,Payment Issue,Medium,Email,43.6,23.4,Resolved,Yes,No,86.0,5,89.6
INT-04316,2025-04-22,Agent_20,General Inquiry,High,Phone,51.6,25.5,Escalated,Yes,Yes,91.8,4,87.7
INT-04236,2025-04-22,Agent_20,App Crash,High,Email,35.2,50.0,Escalated,Yes,Yes,77.7,4,88.7
INT-02499,2025-04-22,Agent_20,Login Issue,High,WhatsApp,60.5,36.3,Resolved,Yes,No,95.4,5,97.1
INT-02568,2025-04-22,Agent_18,Login Issue,Low,Email,60.2,56.3,Resolved,No,No,94.0,5,100.0
INT-04602,2025-04-22,Agent_18,App Crash,Low,Chat,128.2,23.3,Resolved,No,No,81.6,5,93.3
INT-04759,2025-04-22,Agent_20,General Inquiry,Medium,Phone,37.2,26.7,Resolved,Yes,No,100.0,5,95.1
INT-04174,2025-04-22,Agent_19,Refund Issue,Medium,WhatsApp,36.5,55.6,Resolved,Yes,No,85.9,5,93.7
INT-03262,2025-04-23,Agent_11,Login Issue,Critical,Email,95.2,46.3,Resolved,Yes,No,75.6,4,90.9
INT-00956,2025-04-23,Agent_02,Payment Issue,Medium,Chat,170.1,23.0,Resolved,No,No,63.0,3,82.3
INT-03331,2025-04-23,Agent_15,Product Defect,Medium,Phone,235.4,31.4,Resolved,Yes,No,89.4,4,94.8
INT-02617,2025-04-23,Agent_20,Payment Issue,Medium,Email,75.7,46.9,Resolved,Yes,No,100.0,5,98.5
INT-00267,2025-04-23,Agent_16,Account Blocked,Low,Email,85.2,45.0,In Progress,Yes,No,95.3,4,86.6
INT-02953,2025-04-23,Agent_17,Login Issue,High,Phone,100.9,33.7,In Progress,Yes,No,92.1,5,94.8
INT-02760,2025-04-23,Agent_07,Payment Issue,Low,Phone,86.0,21.1,Resolved,Yes,No,83.0,4,92.6
INT-00189,2025-04-23,Agent_20,Account Blocked,High,Phone,62.3,52.0,Resolved,Yes,No,91.4,4,97.3
INT-03181,2025-04-23,Agent_16,Product Defect,Medium,WhatsApp,45.3,26.5,In Progress,Yes,No,89.8,5,95.7
INT-00743,2025-04-23,Agent_10,Refund Issue,Low,Email,48.7,56.4,Resolved,No,No,84.5,4,87.8
INT-00900,2025-04-23,Agent_14,Account Blocked,Medium,Phone,58.7,26.9,Resolved,No,No,88.2,5,93.1
INT-01219,2025-04-23,Agent_17,Login Issue,Medium,WhatsApp,45.5,29.0,Resolved,Yes,No,95.6,5,85.7
INT-04410,2025-04-23,Agent_04,Account Blocked,Critical,Phone,98.2,43.2,Resolved,No,No,71.4,4,86.2
INT-00547,2025-04-23,Agent_02,General Inquiry,Critical,WhatsApp,92.1,46.9,Resolved,Yes,No,82.5,4,82.6
INT-03611,2025-04-23,Agent_12,General Inquiry,High,Phone,162.3,93.1,Resolved,Yes,No,79.3,4,98.6
INT-03469,2025-04-23,Agent_14,General Inquiry,Medium,Phone,113.2,26.8,In Progress,Yes,No,89.3,5,92.3
INT-04881,2025-04-23,Agent_12,Payment Issue,Low,Phone,112.4,26.4,Resolved,Yes,No,80.5,4,92.5
INT-00182,2025-04-23,Agent_15,Refund Issue,Medium,Email,115.9,23.5,Resolved,Yes,No,87.7,4,98.9
INT-04926,2025-04-23,Agent_01,Refund Issue,Medium,Phone,98.6,45.7,Resolved,Yes,No,78.8,4,95.7
INT-04809,2025-04-23,Agent_05,Refund Issue,Critical,Phone,54.1,38.7,Resolved,Yes,No,68.1,4,91.1
INT-02764,2025-04-23,Agent_09,General Inquiry,Medium,Phone,67.9,16.5,Resolved,Yes,No,91.2,5,92.3
INT-04247,2025-04-23,Agent_03,Delivery Delay,Medium,Chat,58.0,37.9,Resolved,Yes,No,71.3,4,90.8
INT-00191,2025-04-23,Agent_15,Login Issue,Low,Chat,56.2,22.8,Escalated,No,No,83.7,5,100.0
INT-00540,2025-04-23,Agent_10,Refund Issue,Medium,Phone,240.0,39.6,Escalated,Yes,Yes,69.1,2,93.1
INT-02789,2025-04-23,Agent_14,Payment Issue,Medium,Email,35.6,61.1,Resolved,Yes,No,80.4,4,100.0
INT-02508,2025-04-23,Agent_19,Payment Issue,Medium,Phone,97.0,27.8,Resolved,Yes,No,84.2,4,87.2
INT-00247,2025-04-23,Agent_11,General Inquiry,Medium,Email,37.2,14.7,Resolved,Yes,No,95.5,5,93.0
INT-04294,2025-04-23,Agent_02,Account Blocked,Medium,Chat,112.7,68.2,Resolved,Yes,No,69.4,3,89.8
INT-00939,2025-04-23,Agent_06,Product Defect,High,WhatsApp,126.1,37.3,In Progress,Yes,No,74.3,5,97.0
INT-00854,2025-04-23,Agent_15,Login Issue,Medium,Email,212.6,58.3,Resolved,Yes,No,83.2,4,88.4
INT-02050,2025-04-23,Agent_12,Login Issue,High,Email,94.4,28.0,Resolved,Yes,No,83.3,4,96.5
INT-00637,2025-04-23,Agent_18,Payment Issue,Low,Phone,75.2,45.3,Resolved,Yes,No,85.5,5,97.3
INT-04501,2025-04-23,Agent_12,General Inquiry,High,Email,63.4,62.8,Resolved,Yes,No,90.0,5,98.4
INT-01649,2025-04-23,Agent_16,Refund Issue,Critical,Phone,55.5,55.2,Resolved,No,No,77.8,5,89.9
INT-04578,2025-04-23,Agent_11,General Inquiry,High,Email,117.1,31.8,Resolved,No,No,73.2,4,86.6
INT-03425,2025-04-23,Agent_18,Account Blocked,Medium,WhatsApp,88.9,37.3,Resolved,Yes,No,80.9,4,90.1
INT-00193,2025-04-23,Agent_12,Payment Issue,Medium,Phone,112.2,40.0,Resolved,Yes,No,89.8,5,94.0
INT-01365,2025-04-23,Agent_08,General Inquiry,Medium,WhatsApp,30.1,46.7,Resolved,Yes,No,84.1,5,89.7
INT-04458,2025-04-23,Agent_19,Login Issue,Low,Phone,21.2,24.0,Resolved,Yes,No,94.6,5,95.0
INT-03436,2025-04-23,Agent_15,Refund Issue,Medium,Phone,81.1,63.0,Escalated,No,No,81.4,4,100.0
INT-03578,2025-04-23,Agent_07,Delivery Delay,High,Chat,153.8,58.5,Escalated,Yes,No,73.9,4,84.7
INT-03126,2025-04-23,Agent_15,Refund Issue,Low,Phone,157.3,32.0,Escalated,No,Yes,70.3,3,85.7
INT-04058,2025-04-23,Agent_05,General Inquiry,Low,Email,105.4,13.8,In Progress,Yes,No,86.7,5,91.4
INT-01993,2025-04-24,Agent_05,Payment Issue,Medium,Phone,61.3,30.1,Resolved,Yes,No,88.5,5,94.0
INT-01220,2025-04-24,Agent_09,Login Issue,Low,Phone,111.9,13.9,In Progress,Yes,No,87.4,5,98.0
INT-03608,2025-04-24,Agent_06,General Inquiry,High,Email,203.4,40.5,Resolved,No,No,76.8,4,91.9
INT-02343,2025-04-24,Agent_12,Login Issue,Low,Phone,65.7,15.7,Resolved,Yes,No,87.7,4,81.8
INT-01834,2025-04-24,Agent_18,Delivery Delay,High,WhatsApp,137.2,38.6,In Progress,Yes,No,86.8,4,98.6
INT-00346,2025-04-24,Agent_01,Delivery Delay,High,WhatsApp,124.5,41.7,Resolved,Yes,No,72.3,4,88.3
INT-04431,2025-04-24,Agent_20,Account Blocked,Medium,Email,36.0,19.5,Resolved,Yes,No,81.4,4,99.9
INT-04515,2025-04-24,Agent_15,Payment Issue,Medium,Chat,93.7,31.9,Resolved,Yes,No,89.3,5,92.1
INT-04288,2025-04-24,Agent_07,Delivery Delay,Medium,Chat,25.9,25.7,Resolved,Yes,No,74.5,5,89.8
INT-03939,2025-04-24,Agent_20,Account Blocked,Critical,Email,139.9,48.6,Escalated,No,Yes,68.9,3,83.9
INT-02610,2025-04-24,Agent_08,App Crash,Critical,Email,63.7,64.2,Escalated,Yes,No,69.5,4,78.5
INT-04071,2025-04-24,Agent_16,General Inquiry,High,Chat,93.6,41.7,Resolved,Yes,No,92.3,5,100.0
INT-00522,2025-04-24,Agent_15,Delivery Delay,Medium,Email,43.5,33.0,In Progress,Yes,No,81.7,5,92.3
INT-04891,2025-04-24,Agent_17,Product Defect,High,Chat,48.0,49.2,Resolved,Yes,No,86.5,4,95.4
INT-02584,2025-04-24,Agent_17,Delivery Delay,Critical,Chat,80.3,91.7,Resolved,No,No,66.4,4,94.5
INT-01187,2025-04-24,Agent_06,Delivery Delay,Medium,Email,110.9,42.0,Resolved,Yes,No,83.8,5,86.6
INT-01594,2025-04-24,Agent_05,Product Defect,Medium,Chat,155.2,19.3,Resolved,Yes,No,81.7,4,91.7
INT-03589,2025-04-24,Agent_01,Login Issue,Medium,Email,68.9,39.5,Resolved,Yes,No,86.4,5,94.4
INT-01303,2025-04-24,Agent_08,Refund Issue,High,Phone,86.6,28.9,In Progress,Yes,No,77.8,5,90.4
INT-00417,2025-04-24,Agent_15,Payment Issue,Low,Phone,59.5,23.0,Resolved,Yes,No,97.0,4,93.9
INT-03696,2025-04-24,Agent_19,Refund Issue,High,Email,64.7,56.2,Resolved,No,No,85.4,4,92.6
INT-02045,2025-04-24,Agent_16,Delivery Delay,High,WhatsApp,68.7,39.5,Resolved,Yes,No,85.7,4,97.7
INT-02995,2025-04-24,Agent_16,Refund Issue,Medium,Email,107.8,28.7,Resolved,Yes,No,79.2,4,93.5
INT-00876,2025-04-25,Agent_10,Product Defect,Medium,Chat,51.9,33.9,Resolved,Yes,No,76.1,5,92.2
INT-01915,2025-04-25,Agent_18,Account Blocked,Medium,WhatsApp,138.1,25.6,Resolved,Yes,No,93.6,4,94.4
INT-01149,2025-04-25,Agent_15,Payment Issue,Medium,Phone,195.7,32.8,Resolved,Yes,No,87.9,4,91.6
INT-00696,2025-04-25,Agent_17,General Inquiry,Medium,Chat,143.4,31.4,Resolved,Yes,No,88.5,4,98.8
INT-01095,2025-04-25,Agent_16,Login Issue,High,Chat,132.3,55.0,In Progress,Yes,No,91.9,5,95.8
INT-02879,2025-04-25,Agent_02,Account Blocked,Low,Chat,91.8,29.3,In Progress,Yes,No,79.8,4,88.1
INT-01599,2025-04-25,Agent_12,Delivery Delay,High,Chat,155.9,38.6,Resolved,Yes,No,76.3,5,86.9
INT-03547,2025-04-25,Agent_13,Payment Issue,Medium,Phone,89.2,47.1,In Progress,Yes,No,95.0,5,91.2
INT-01304,2025-04-25,Agent_03,Delivery Delay,Medium,WhatsApp,71.7,28.2,Resolved,Yes,No,67.5,4,96.0
INT-04097,2025-04-25,Agent_20,Account Blocked,Medium,Phone,38.8,58.6,Resolved,No,No,79.4,5,91.5
INT-04620,2025-04-25,Agent_14,Payment Issue,Low,Email,26.3,19.2,Resolved,Yes,No,89.9,4,92.5
INT-03110,2025-04-25,Agent_05,Product Defect,Medium,Email,66.2,50.4,Resolved,Yes,No,77.2,5,94.2
INT-00800,2025-04-25,Agent_14,Payment Issue,Low,Chat,76.9,39.7,Resolved,Yes,No,87.8,4,95.8
INT-01357,2025-04-25,Agent_04,General Inquiry,Medium,Email,83.9,54.3,Resolved,Yes,No,74.8,4,89.6
INT-01438,2025-04-25,Agent_18,General Inquiry,Low,Email,46.0,10.2,Resolved,Yes,No,100.0,5,99.5
INT-01217,2025-04-25,Agent_20,General Inquiry,Low,Chat,25.8,15.0,Resolved,No,No,100.0,5,97.5
INT-00868,2025-04-25,Agent_19,Delivery Delay,Medium,Phone,143.7,40.3,Resolved,Yes,No,89.5,4,85.8
INT-04283,2025-04-25,Agent_13,App Crash,Medium,Phone,63.3,45.3,In Progress,Yes,No,88.9,5,88.9
INT-00297,2025-04-25,Agent_02,Login Issue,Medium,Email,87.1,44.4,Escalated,Yes,No,77.4,5,91.8
INT-02324,2025-04-25,Agent_12,App Crash,High,Phone,80.0,36.8,Resolved,Yes,No,87.5,5,90.9
INT-02447,2025-04-25,Agent_20,Payment Issue,Medium,Phone,162.3,34.7,Escalated,Yes,Yes,76.5,4,95.9
INT-03995,2025-04-25,Agent_09,General Inquiry,Low,Phone,48.1,9.9,Resolved,Yes,No,86.6,5,96.4
INT-00378,2025-04-25,Agent_17,Login Issue,Medium,Email,95.3,74.6,In Progress,Yes,No,82.9,4,89.9
INT-04804,2025-04-25,Agent_13,General Inquiry,Low,Phone,80.7,32.5,Resolved,Yes,No,100.0,5,92.0
INT-00518,2025-04-25,Agent_09,General Inquiry,Medium,Phone,78.9,42.7,Resolved,Yes,No,94.3,5,87.7
INT-02940,2025-04-26,Agent_13,Payment Issue,Low,Email,55.0,29.1,Resolved,Yes,No,100.0,5,92.3
INT-02300,2025-04-26,Agent_17,Payment Issue,Medium,WhatsApp,91.2,25.0,Resolved,Yes,No,93.1,5,100.0
INT-03850,2025-04-26,Agent_17,Delivery Delay,High,WhatsApp,107.4,93.2,Resolved,Yes,No,80.1,5,95.5
INT-04994,2025-04-26,Agent_20,Account Blocked,Critical,Phone,205.1,61.2,In Progress,No,No,70.9,4,92.2
INT-00212,2025-04-26,Agent_11,Login Issue,Medium,Phone,87.7,45.2,Resolved,Yes,No,86.3,4,93.6
INT-04738,2025-04-26,Agent_17,Product Defect,High,Phone,69.0,48.1,Resolved,No,No,78.9,4,93.3
INT-02763,2025-04-26,Agent_19,Delivery Delay,Medium,Email,175.4,26.9,Escalated,No,Yes,71.7,3,80.4
INT-04077,2025-04-26,Agent_18,App Crash,Medium,Email,79.5,29.2,Resolved,No,No,78.4,4,96.6
INT-00408,2025-04-26,Agent_17,Account Blocked,Medium,Phone,57.2,30.3,Escalated,Yes,No,92.8,5,97.3
INT-02944,2025-04-26,Agent_11,Login Issue,High,Phone,64.8,78.4,In Progress,Yes,No,81.3,4,98.2
INT-04138,2025-04-26,Agent_10,Login Issue,Medium,WhatsApp,30.3,43.2,Escalated,Yes,Yes,80.7,4,87.0
INT-01705,2025-04-26,Agent_14,Login Issue,High,Email,29.8,41.8,In Progress,Yes,No,92.7,5,88.8
INT-04111,2025-04-26,Agent_13,Login Issue,High,Phone,132.4,40.5,Resolved,Yes,No,85.9,4,96.4
INT-03432,2025-04-26,Agent_08,General Inquiry,Critical,Email,63.3,31.5,Escalated,Yes,No,81.0,5,88.1
INT-01810,2025-04-26,Agent_10,App Crash,High,WhatsApp,111.8,51.1,Escalated,Yes,No,88.9,5,89.3
INT-04065,2025-04-26,Agent_08,Payment Issue,Low,WhatsApp,84.9,23.0,Resolved,Yes,No,91.4,5,92.7
INT-04718,2025-04-26,Agent_17,Payment Issue,Low,Phone,97.5,48.1,Resolved,Yes,No,97.7,5,93.8
INT-03042,2025-04-26,Agent_03,Delivery Delay,High,WhatsApp,56.3,36.9,In Progress,Yes,No,74.5,4,92.9
INT-00333,2025-04-26,Agent_20,Payment Issue,Medium,Chat,58.4,25.1,In Progress,No,No,83.1,5,87.6
INT-00167,2025-04-26,Agent_02,Product Defect,Medium,WhatsApp,222.1,46.2,In Progress,No,No,66.1,3,93.7
INT-01443,2025-04-26,Agent_18,App Crash,Medium,Phone,42.6,17.8,In Progress,Yes,No,91.8,5,90.9
INT-02467,2025-04-26,Agent_20,General Inquiry,Medium,Chat,101.3,28.8,Escalated,No,No,82.5,4,97.5
INT-04250,2025-04-26,Agent_17,Product Defect,High,Chat,49.4,65.4,Resolved,Yes,No,82.2,4,95.3
INT-04601,2025-04-26,Agent_03,Login Issue,Medium,Phone,129.8,18.0,Resolved,Yes,No,70.2,5,93.5
INT-00265,2025-04-26,Agent_12,Account Blocked,Medium,Email,19.6,24.4,Escalated,Yes,Yes,77.3,4,91.5
INT-03574,2025-04-26,Agent_11,Product Defect,High,Email,125.6,42.9,Escalated,No,No,69.8,4,87.8
INT-01333,2025-04-27,Agent_02,Payment Issue,Critical,Phone,130.0,51.1,Resolved,No,No,69.8,5,90.9
INT-03882,2025-04-27,Agent_06,Login Issue,Medium,Email,116.3,34.8,Resolved,Yes,No,80.4,4,91.4
INT-00566,2025-04-27,Agent_13,Product Defect,High,WhatsApp,120.1,40.6,Resolved,Yes,No,85.9,5,92.1
INT-00445,2025-04-27,Agent_16,Refund Issue,Low,Phone,51.0,15.9,Resolved,Yes,No,88.4,4,90.3
INT-03352,2025-04-27,Agent_13,App Crash,Low,Chat,65.7,16.2,Resolved,Yes,No,95.2,5,90.9
INT-03531,2025-04-27,Agent_04,App Crash,Medium,WhatsApp,127.7,47.0,Resolved,No,No,71.0,4,92.8
INT-02753,2025-04-27,Agent_09,App Crash,Medium,Phone,52.3,53.5,Escalated,Yes,Yes,71.0,4,95.2
INT-02117,2025-04-27,Agent_02,General Inquiry,Medium,Email,51.1,35.7,Resolved,Yes,No,89.2,5,89.4
INT-00429,2025-04-27,Agent_17,General Inquiry,High,Chat,76.2,36.9,Escalated,Yes,No,89.9,5,89.8
INT-00664,2025-04-27,Agent_14,Account Blocked,Medium,WhatsApp,52.2,47.5,Resolved,Yes,No,87.5,5,90.0
INT-01766,2025-04-27,Agent_07,App Crash,Low,Phone,65.5,20.4,Resolved,Yes,No,87.7,5,87.6
INT-00322,2025-04-27,Agent_16,Login Issue,Medium,Phone,52.9,49.4,Resolved,Yes,No,84.3,5,89.2
INT-00642,2025-04-27,Agent_05,Product Defect,Medium,Chat,77.3,55.6,In Progress,Yes,No,72.4,4,92.4
INT-01000,2025-04-27,Agent_08,Login Issue,Critical,Email,67.8,69.0,Escalated,Yes,Yes,74.7,4,81.3
INT-00675,2025-04-27,Agent_01,Product Defect,Medium,Phone,132.3,69.3,Escalated,Yes,Yes,65.6,3,90.7
INT-02495,2025-04-27,Agent_17,Delivery Delay,Critical,Email,207.9,71.2,Resolved,Yes,No,74.6,4,91.5
INT-01906,2025-04-27,Agent_10,Account Blocked,Medium,Phone,94.1,29.9,Resolved,Yes,No,79.6,5,83.7
INT-02887,2025-04-27,Agent_11,Delivery Delay,High,Chat,96.5,61.1,Escalated,Yes,Yes,64.4,3,90.1
INT-01158,2025-04-27,Agent_09,Refund Issue,Medium,Chat,34.9,46.6,Escalated,Yes,No,79.5,5,96.0
INT-01532,2025-04-27,Agent_10,General Inquiry,High,WhatsApp,54.2,34.3,Escalated,Yes,No,89.1,5,89.4
INT-01435,2025-04-27,Agent_18,Refund Issue,Low,Phone,37.1,66.8,Resolved,No,No,82.0,4,94.5
INT-02405,2025-04-27,Agent_19,Payment Issue,Medium,Email,52.3,65.8,Resolved,Yes,No,95.3,5,89.0
INT-02153,2025-04-27,Agent_03,Delivery Delay,Low,Phone,40.0,24.8,Resolved,Yes,No,76.9,4,84.1
INT-04054,2025-04-27,Agent_17,Delivery Delay,High,Chat,125.0,60.7,Resolved,Yes,No,78.6,4,90.4
INT-03101,2025-04-27,Agent_03,General Inquiry,Medium,Phone,35.1,33.8,Resolved,Yes,No,81.2,5,88.1
INT-04677,2025-04-27,Agent_18,General Inquiry,Medium,Email,71.1,54.4,In Progress,Yes,No,86.9,5,90.6
INT-00012,2025-04-27,Agent_20,Login Issue,Low,WhatsApp,72.6,19.5,Resolved,No,No,95.4,5,96.2
INT-02139,2025-04-27,Agent_08,Account Blocked,Low,Phone,133.6,20.9,Resolved,No,No,74.6,4,95.5
INT-04695,2025-04-28,Agent_18,Delivery Delay,Low,Chat,76.1,24.8,Escalated,Yes,No,88.7,5,93.6
INT-01673,2025-04-28,Agent_02,App Crash,Low,Email,72.3,36.0,Resolved,Yes,No,80.1,4,94.4
INT-02252,2025-04-28,Agent_16,Refund Issue,Medium,Phone,92.8,36.3,Resolved,Yes,No,85.0,5,97.7
INT-01961,2025-04-28,Agent_02,Payment Issue,Low,WhatsApp,80.8,43.2,Resolved,Yes,No,69.3,4,92.7
INT-01415,2025-04-28,Agent_10,Product Defect,Low,Email,23.8,44.6,Resolved,Yes,No,89.4,4,91.3
INT-02591,2025-04-28,Agent_12,Product Defect,Medium,Email,45.4,43.4,In Progress,No,No,79.6,5,91.9
INT-04587,2025-04-28,Agent_04,Login Issue,Medium,Phone,82.4,47.3,Resolved,Yes,No,78.5,4,92.9
INT-03402,2025-04-28,Agent_13,Delivery Delay,Medium,WhatsApp,71.2,27.4,Resolved,Yes,No,90.8,5,95.5
INT-02198,2025-04-28,Agent_01,Login Issue,Critical,Chat,106.0,62.4,Resolved,Yes,No,71.7,4,87.5
INT-04180,2025-04-28,Agent_15,Payment Issue,Low,Email,122.0,48.4,Escalated,No,Yes,69.6,3,87.3
INT-00442,2025-04-28,Agent_15,Refund Issue,Medium,Phone,110.9,46.9,In Progress,Yes,No,86.8,5,92.2
INT-01076,2025-04-28,Agent_16,Delivery Delay,Low,Chat,90.8,32.3,In Progress,Yes,No,85.5,4,99.5
INT-00653,2025-04-28,Agent_10,Delivery Delay,Medium,Phone,20.3,47.8,Resolved,Yes,No,81.1,4,96.4
INT-00666,2025-04-28,Agent_11,Refund Issue,High,Email,129.3,42.9,Resolved,Yes,No,77.4,4,91.3
INT-04310,2025-04-28,Agent_17,Refund Issue,Low,WhatsApp,88.9,62.3,Resolved,Yes,No,83.2,5,94.9
INT-00178,2025-04-28,Agent_17,Payment Issue,Low,Email,111.8,49.6,Escalated,No,No,80.8,5,91.1
INT-00752,2025-04-28,Agent_04,App Crash,Critical,WhatsApp,240.0,55.2,Resolved,Yes,No,68.8,3,86.8
INT-01977,2025-04-28,Agent_15,App Crash,Medium,Email,111.1,38.8,Resolved,Yes,No,87.2,5,94.3
INT-03672,2025-04-28,Agent_20,Product Defect,High,WhatsApp,102.3,58.1,Resolved,Yes,No,87.4,4,92.6
INT-03990,2025-04-28,Agent_04,General Inquiry,Critical,Phone,130.1,32.7,In Progress,Yes,No,84.4,4,87.0
INT-02326,2025-04-28,Agent_02,App Crash,Low,Chat,84.4,76.1,Escalated,Yes,Yes,85.2,4,89.0
INT-04629,2025-04-28,Agent_02,Refund Issue,Medium,Chat,82.5,51.7,Resolved,No,No,71.1,4,97.3
INT-03527,2025-04-28,Agent_13,General Inquiry,High,Email,53.0,30.8,Resolved,Yes,No,81.6,4,94.4
INT-03345,2025-04-28,Agent_20,Payment Issue,Medium,WhatsApp,24.4,43.0,Resolved,Yes,No,90.5,5,95.7
INT-02185,2025-04-28,Agent_02,Login Issue,Medium,Phone,51.4,49.8,Resolved,Yes,No,70.5,4,85.6
INT-02767,2025-04-28,Agent_05,Product Defect,Medium,Chat,89.4,19.1,In Progress,Yes,No,76.4,4,94.5
INT-01194,2025-04-28,Agent_15,Login Issue,Low,Phone,90.0,15.2,Resolved,Yes,No,92.6,5,93.0
INT-00706,2025-04-28,Agent_01,Refund Issue,High,Phone,63.2,34.0,Escalated,Yes,No,67.1,4,95.4
INT-02791,2025-04-28,Agent_03,Payment Issue,Medium,Email,112.6,21.9,Resolved,Yes,No,87.5,4,92.0
INT-04968,2025-04-28,Agent_01,Payment Issue,Critical,WhatsApp,111.4,47.6,Resolved,Yes,No,74.1,4,85.2
INT-00805,2025-04-28,Agent_05,Account Blocked,High,Phone,110.4,48.0,In Progress,Yes,No,76.2,4,90.5
INT-00938,2025-04-28,Agent_20,General Inquiry,Low,Phone,113.0,23.6,Resolved,Yes,No,95.7,5,90.2
INT-00952,2025-04-28,Agent_20,General Inquiry,Medium,Phone,28.5,26.3,Resolved,Yes,No,100.0,5,95.2
INT-03825,2025-04-28,Agent_08,Delivery Delay,Medium,Phone,49.9,42.8,Resolved,Yes,No,86.2,5,92.5
INT-02657,2025-04-28,Agent_20,Login Issue,High,Phone,52.5,26.5,Escalated,No,Yes,86.6,4,89.7
INT-02196,2025-04-29,Agent_19,Login Issue,Medium,Email,61.3,40.4,Resolved,Yes,No,90.1,5,95.8
INT-03859,2025-04-29,Agent_06,Refund Issue,Low,Email,102.8,32.3,In Progress,Yes,No,89.5,5,100.0
INT-02231,2025-04-29,Agent_18,Delivery Delay,Critical,Chat,181.4,58.2,Resolved,No,No,63.9,4,92.0
INT-03710,2025-04-29,Agent_13,App Crash,Low,Phone,134.9,50.3,Resolved,Yes,No,87.7,5,99.9
INT-03147,2025-04-29,Agent_16,Product Defect,Medium,Phone,72.0,43.4,Resolved,Yes,No,88.9,5,96.1
INT-03904,2025-04-29,Agent_06,App Crash,Critical,Phone,140.0,66.1,Escalated,No,Yes,63.9,3,81.5
INT-03020,2025-04-29,Agent_04,Payment Issue,Medium,Email,47.0,34.8,In Progress,Yes,No,69.9,4,84.1
INT-00298,2025-04-29,Agent_18,Account Blocked,Critical,Phone,109.4,72.9,Resolved,Yes,No,77.7,5,96.4
INT-03015,2025-04-29,Agent_05,General Inquiry,High,Email,87.1,32.4,Resolved,Yes,No,89.6,5,85.9
INT-04830,2025-04-29,Agent_13,Payment Issue,Medium,WhatsApp,73.7,96.0,Resolved,Yes,No,71.0,4,91.1
INT-01701,2025-04-29,Agent_06,Refund Issue,Medium,WhatsApp,137.2,36.2,Escalated,Yes,Yes,71.4,3,88.1
INT-02001,2025-04-29,Agent_12,Refund Issue,Critical,Phone,150.5,51.1,Escalated,No,No,72.0,4,92.9
INT-03656,2025-04-29,Agent_02,Account Blocked,Low,Phone,36.7,32.6,Resolved,Yes,No,82.8,5,86.7
INT-01933,2025-04-29,Agent_19,App Crash,Low,Email,97.1,28.2,Resolved,No,No,77.6,5,94.5
INT-02583,2025-04-29,Agent_16,Delivery Delay,Low,Phone,71.1,28.3,In Progress,Yes,No,83.0,5,87.3
INT-02622,2025-04-29,Agent_09,Payment Issue,Critical,Email,78.1,44.5,Resolved,No,No,71.3,5,85.8
INT-03383,2025-04-29,Agent_10,App Crash,Low,Email,30.0,12.0,Resolved,Yes,No,80.5,4,89.3
INT-01285,2025-04-29,Agent_17,Account Blocked,Low,Phone,43.7,45.6,Resolved,Yes,No,88.2,4,93.2
INT-02029,2025-04-29,Agent_15,Login Issue,Medium,Phone,40.3,29.5,Escalated,No,No,88.5,4,93.3
INT-00704,2025-04-29,Agent_10,App Crash,Low,Email,154.6,21.4,In Progress,Yes,No,86.9,4,86.5
INT-04963,2025-04-29,Agent_19,App Crash,High,Phone,44.6,42.9,Resolved,No,No,73.3,4,92.5
INT-02727,2025-04-29,Agent_04,Product Defect,High,Email,81.3,39.0,In Progress,Yes,No,78.4,4,87.8
INT-01821,2025-04-29,Agent_12,Delivery Delay,Low,Phone,8.4,32.1,Resolved,Yes,No,89.1,5,94.5
INT-01869,2025-04-29,Agent_06,General Inquiry,Critical,WhatsApp,92.0,58.8,Resolved,No,No,75.7,4,83.1
INT-04287,2025-04-29,Agent_13,General Inquiry,Medium,Phone,62.0,42.0,Resolved,Yes,No,92.1,5,99.6
INT-00878,2025-04-29,Agent_06,Payment Issue,High,Phone,131.5,41.0,Escalated,No,Yes,62.8,3,83.9
INT-02042,2025-04-29,Agent_07,App Crash,Medium,WhatsApp,121.1,38.0,Resolved,Yes,No,86.7,4,96.0
INT-02865,2025-04-30,Agent_02,Product Defect,Critical,Email,92.5,39.4,Resolved,Yes,No,65.1,4,80.2
INT-02735,2025-04-30,Agent_04,General Inquiry,Medium,Phone,54.0,32.8,Resolved,No,No,77.4,4,95.8
INT-01539,2025-04-30,Agent_03,Account Blocked,Medium,Email,70.4,26.7,Resolved,Yes,No,81.6,4,91.1
INT-01461,2025-04-30,Agent_02,Product Defect,Low,Email,62.3,22.2,In Progress,Yes,No,77.6,4,100.0
INT-02482,2025-04-30,Agent_12,Refund Issue,Medium,Phone,98.7,42.1,Resolved,Yes,No,85.5,5,88.9
INT-03761,2025-04-30,Agent_08,Refund Issue,High,Phone,159.7,42.3,Resolved,No,No,76.3,4,93.6
INT-04311,2025-04-30,Agent_11,Refund Issue,High,Phone,132.9,64.9,Resolved,Yes,No,83.3,5,95.0
INT-02511,2025-04-30,Agent_10,Delivery Delay,Medium,Phone,70.0,48.3,In Progress,Yes,No,84.2,4,85.6
INT-04686,2025-04-30,Agent_09,Product Defect,Medium,Email,70.8,30.7,Resolved,No,No,76.2,4,94.9
INT-00262,2025-04-30,Agent_16,Login Issue,Low,Phone,19.6,26.6,Escalated,No,Yes,73.5,4,85.7
INT-01560,2025-04-30,Agent_06,Delivery Delay,Medium,WhatsApp,53.0,54.3,In Progress,Yes,No,69.8,5,94.6
INT-04936,2025-04-30,Agent_01,Delivery Delay,Medium,WhatsApp,133.2,41.7,Resolved,Yes,No,73.0,4,87.0
INT-02190,2025-04-30,Agent_13,General Inquiry,Medium,Chat,82.0,27.6,Resolved,Yes,No,91.8,5,92.5
INT-01001,2025-04-30,Agent_19,Refund Issue,Critical,Phone,147.2,41.2,In Progress,Yes,No,79.4,4,91.7
INT-02618,2025-04-30,Agent_08,Login Issue,High,WhatsApp,88.5,32.6,Resolved,Yes,No,74.7,4,96.6
INT-03441,2025-04-30,Agent_12,Login Issue,Low,Email,13.0,42.6,Resolved,Yes,No,84.6,5,93.7
INT-04281,2025-04-30,Agent_12,Product Defect,Low,Email,82.1,14.0,Resolved,Yes,No,84.3,4,93.9
INT-01498,2025-04-30,Agent_02,Payment Issue,Low,WhatsApp,177.4,69.5,Resolved,Yes,No,82.0,4,87.8
INT-02838,2025-04-30,Agent_20,Account Blocked,Critical,Phone,116.1,96.0,Escalated,Yes,Yes,72.9,4,89.8
INT-02942,2025-04-30,Agent_11,Refund Issue,Critical,WhatsApp,140.6,67.1,Resolved,Yes,No,83.2,5,90.3
INT-00525,2025-04-30,Agent_20,General Inquiry,Critical,Email,102.7,58.9,Resolved,Yes,No,92.1,4,91.8
INT-01123,2025-04-30,Agent_04,Account Blocked,High,Email,69.0,56.8,Resolved,No,No,55.6,4,85.7
INT-03162,2025-04-30,Agent_18,General Inquiry,High,Phone,164.6,35.3,Resolved,Yes,No,90.6,5,94.1
INT-01300,2025-04-30,Agent_13,App Crash,Low,Phone,70.2,26.3,Resolved,Yes,No,90.9,5,92.5
INT-03115,2025-04-30,Agent_20,Login Issue,Low,Email,40.1,42.6,Escalated,Yes,No,89.1,4,94.7
INT-00423,2025-04-30,Agent_20,Payment Issue,Critical,Phone,95.9,47.7,Escalated,Yes,No,84.2,5,87.6
INT-01675,2025-04-30,Agent_17,Delivery Delay,Medium,Chat,136.3,49.3,Resolved,Yes,No,81.1,5,88.5
INT-01259,2025-04-30,Agent_02,Account Blocked,Medium,Chat,86.7,20.5,In Progress,No,No,74.7,4,94.1
INT-03668,2025-04-30,Agent_12,Account Blocked,High,WhatsApp,140.0,54.1,Resolved,Yes,No,90.2,4,98.2
INT-03152,2025-04-30,Agent_17,Login Issue,Medium,Chat,112.1,52.4,Escalated,Yes,Yes,79.5,4,85.4
INT-04492,2025-04-30,Agent_18,App Crash,Medium,Email,24.6,30.4,Resolved,No,No,81.3,4,96.9
INT-04850,2025-04-30,Agent_15,App Crash,Low,Email,56.1,18.6,Resolved,Yes,No,92.3,5,94.9
INT-01985,2025-04-30,Agent_19,General Inquiry,Low,Email,138.7,34.0,Resolved,Yes,No,92.0,4,95.4
INT-03177,2025-04-30,Agent_04,App Crash,Medium,Chat,107.2,31.2,Resolved,Yes,No,79.9,5,97.3
INT-03733,2025-05-01,Agent_10,Delivery Delay,Medium,WhatsApp,38.6,57.5,Resolved,Yes,No,85.0,5,87.2
INT-03148,2025-05-01,Agent_03,Login Issue,High,Email,99.4,66.0,In Progress,No,No,58.2,4,81.4
INT-03047,2025-05-01,Agent_10,Delivery Delay,Critical,Phone,107.3,76.0,Resolved,No,No,64.7,4,93.3
INT-04038,2025-05-01,Agent_10,Delivery Delay,High,WhatsApp,126.0,50.3,Resolved,Yes,No,72.2,4,92.0
INT-04536,2025-05-01,Agent_08,General Inquiry,Medium,Phone,39.6,22.3,Resolved,Yes,No,86.8,5,91.8
INT-01793,2025-05-01,Agent_04,Refund Issue,High,Phone,72.8,40.5,Resolved,No,No,69.8,4,88.3
INT-02331,2025-05-01,Agent_09,Delivery Delay,Low,WhatsApp,35.3,20.5,Resolved,Yes,No,84.5,5,88.3
INT-03346,2025-05-01,Agent_10,Product Defect,High,Chat,48.4,56.1,Resolved,Yes,No,79.4,4,100.0
INT-02698,2025-05-01,Agent_01,General Inquiry,High,Chat,66.3,48.2,Resolved,No,No,73.7,5,87.7
INT-00911,2025-05-01,Agent_17,Payment Issue,Low,Phone,64.5,28.7,In Progress,Yes,No,95.4,5,98.5
INT-01486,2025-05-01,Agent_07,Product Defect,Medium,Phone,45.2,60.9,Resolved,Yes,No,75.1,4,86.1
INT-02701,2025-05-01,Agent_04,Refund Issue,Low,Email,96.6,24.0,Resolved,Yes,No,85.6,5,88.8
INT-00166,2025-05-01,Agent_16,Delivery Delay,High,Email,153.7,63.4,Resolved,Yes,No,74.4,4,94.1
INT-00164,2025-05-01,Agent_05,Refund Issue,Low,Email,30.8,45.4,Resolved,Yes,No,88.9,4,90.9
INT-00842,2025-05-01,Agent_20,Delivery Delay,Medium,Phone,178.2,29.2,Resolved,Yes,No,79.5,4,97.2
INT-03738,2025-05-01,Agent_12,General Inquiry,High,Phone,68.0,39.8,In Progress,Yes,No,89.7,5,80.6
INT-01509,2025-05-01,Agent_01,Login Issue,Medium,Phone,151.2,24.1,Resolved,Yes,No,75.9,3,85.2
INT-02311,2025-05-01,Agent_17,Login Issue,High,Phone,163.8,39.1,Resolved,Yes,No,87.7,4,91.8
INT-04262,2025-05-01,Agent_14,Account Blocked,Critical,Phone,149.6,77.6,Resolved,No,No,72.2,4,92.0
INT-04452,2025-05-01,Agent_15,Login Issue,Medium,Phone,131.8,29.5,Resolved,Yes,No,88.6,5,85.8
INT-02206,2025-05-01,Agent_20,App Crash,Medium,Email,33.8,56.7,Escalated,Yes,No,87.1,5,93.5
INT-01979,2025-05-01,Agent_08,Delivery Delay,High,Phone,36.6,68.5,Resolved,Yes,No,70.6,4,89.4
INT-01863,2025-05-02,Agent_10,Payment Issue,Low,Chat,94.1,19.5,Resolved,Yes,No,88.7,5,84.9
INT-04618,2025-05-02,Agent_10,App Crash,Critical,Phone,59.9,59.4,Resolved,Yes,No,77.9,5,84.7
INT-01348,2025-05-02,Agent_09,Product Defect,Medium,Phone,88.4,57.7,Escalated,No,No,75.8,4,95.6
INT-00818,2025-05-02,Agent_11,Login Issue,High,WhatsApp,46.6,25.6,Resolved,Yes,No,80.1,5,91.4
INT-04819,2025-05-02,Agent_02,App Crash,High,Email,49.5,65.2,Escalated,Yes,No,71.9,5,92.0
INT-00009,2025-05-02,Agent_08,Product Defect,High,Phone,92.3,65.8,Resolved,Yes,No,78.3,4,90.8
INT-01330,2025-05-02,Agent_12,Delivery Delay,Low,Email,165.3,31.5,Resolved,Yes,No,84.6,4,89.4
INT-00437,2025-05-02,Agent_06,App Crash,Medium,Email,214.6,17.8,Resolved,Yes,No,72.1,3,95.9
INT-02620,2025-05-02,Agent_18,App Crash,Medium,WhatsApp,80.3,19.6,Escalated,Yes,No,99.0,5,89.3
INT-01549,2025-05-02,Agent_17,App Crash,Medium,Chat,28.4,39.5,Resolved,Yes,No,86.5,5,83.9
INT-03333,2025-05-02,Agent_11,Product Defect,Medium,WhatsApp,114.9,94.8,Escalated,Yes,No,83.6,4,88.4
INT-03459,2025-05-02,Agent_10,General Inquiry,Medium,Phone,84.1,34.7,In Progress,Yes,No,86.0,5,95.2
INT-04122,2025-05-02,Agent_18,App Crash,High,Phone,53.2,48.2,Resolved,Yes,No,85.0,5,100.0
INT-00600,2025-05-02,Agent_14,Account Blocked,Low,Email,43.2,22.5,In Progress,Yes,No,89.3,5,92.5
INT-04740,2025-05-02,Agent_04,Delivery Delay,Low,Phone,188.6,27.1,Resolved,Yes,No,81.0,4,96.3
INT-01818,2025-05-02,Agent_20,Account Blocked,High,Email,144.5,49.0,Escalated,Yes,Yes,85.5,4,87.8
INT-01130,2025-05-02,Agent_16,General Inquiry,Medium,Email,140.5,22.9,Resolved,Yes,No,80.4,4,91.5
INT-02205,2025-05-02,Agent_05,Delivery Delay,Medium,Phone,84.3,58.1,Escalated,Yes,Yes,69.6,4,82.2
INT-03855,2025-05-02,Agent_02,Payment Issue,Medium,Email,30.5,40.0,Resolved,Yes,No,87.9,5,94.1
INT-02582,2025-05-02,Agent_06,Refund Issue,High,WhatsApp,88.1,39.0,In Progress,Yes,No,80.3,5,83.4
INT-00677,2025-05-02,Agent_01,Refund Issue,High,WhatsApp,199.8,68.0,Escalated,Yes,No,71.6,4,86.9
INT-00583,2025-05-02,Agent_05,Refund Issue,Medium,Email,85.8,37.0,Resolved,Yes,No,83.9,5,90.9
INT-04218,2025-05-02,Agent_10,App Crash,Low,Phone,72.5,30.3,Resolved,Yes,No,95.3,5,87.8
INT-04560,2025-05-02,Agent_15,Product Defect,High,Phone,128.1,33.7,In Progress,Yes,No,76.7,4,90.6
INT-03386,2025-05-02,Agent_16,App Crash,Medium,Phone,44.8,48.8,Resolved,Yes,No,93.4,5,96.0
INT-03951,2025-05-02,Agent_16,Delivery Delay,Medium,Phone,46.5,57.2,Resolved,Yes,No,84.0,4,90.9
INT-04084,2025-05-02,Agent_01,Payment Issue,Low,Chat,31.7,23.9,Resolved,Yes,No,85.6,5,92.9
INT-01753,2025-05-02,Agent_19,Refund Issue,Low,Phone,26.5,35.8,Resolved,Yes,No,100.0,5,98.0
INT-01571,2025-05-03,Agent_11,App Crash,Low,Chat,74.1,28.3,In Progress,Yes,No,94.4,5,96.2
INT-01947,2025-05-03,Agent_10,Login Issue,Critical,Email,111.7,46.1,Resolved,Yes,No,75.6,4,93.6
INT-03487,2025-05-03,Agent_17,Refund Issue,Medium,WhatsApp,67.4,48.2,Escalated,Yes,No,93.9,5,95.3
INT-01826,2025-05-03,Agent_16,Login Issue,High,Chat,38.9,38.2,Escalated,Yes,Yes,78.4,4,86.8
INT-03650,2025-05-03,Agent_18,Refund Issue,Low,Email,33.7,48.8,Escalated,Yes,No,93.5,5,95.9
INT-04728,2025-05-03,Agent_01,General Inquiry,High,WhatsApp,149.4,37.6,Resolved,Yes,No,74.5,4,96.4
INT-00754,2025-05-03,Agent_04,App Crash,Medium,Phone,114.3,22.0,Resolved,Yes,No,74.7,4,84.2
INT-02132,2025-05-03,Agent_04,Account Blocked,Medium,Email,97.7,22.8,Resolved,Yes,No,82.2,5,91.9
INT-00207,2025-05-03,Agent_01,Delivery Delay,Low,Phone,81.5,21.7,Resolved,Yes,No,64.4,4,93.0
INT-04201,2025-05-03,Agent_16,Delivery Delay,Medium,Chat,240.0,71.9,Resolved,Yes,No,78.4,3,89.1
INT-04403,2025-05-03,Agent_13,Product Defect,Medium,Chat,41.6,45.4,Resolved,Yes,No,78.2,5,89.5
INT-04178,2025-05-03,Agent_14,Payment Issue,Low,Phone,135.8,20.1,Resolved,Yes,No,91.0,4,91.1
INT-01023,2025-05-03,Agent_11,Product Defect,Low,Phone,91.8,30.0,Resolved,Yes,No,84.6,5,92.7
INT-00572,2025-05-03,Agent_07,Refund Issue,Medium,Email,52.2,47.9,Resolved,Yes,No,75.3,4,92.7
INT-04273,2025-05-03,Agent_16,Login Issue,Medium,Chat,197.6,67.4,Escalated,Yes,Yes,81.5,4,88.0
INT-04512,2025-05-03,Agent_03,Product Defect,Low,Phone,65.7,13.3,Resolved,Yes,No,81.7,5,91.8
INT-01480,2025-05-03,Agent_02,App Crash,Medium,Chat,62.9,25.1,Resolved,No,No,72.7,4,88.9
INT-02194,2025-05-03,Agent_10,Refund Issue,Medium,Email,135.2,21.4,Resolved,Yes,No,69.8,4,87.8
INT-02272,2025-05-03,Agent_17,Payment Issue,Medium,Email,94.2,34.1,Resolved,Yes,No,91.8,5,91.0
INT-01073,2025-05-03,Agent_03,Account Blocked,Critical,Email,159.8,86.0,In Progress,No,No,57.6,3,89.0
INT-02965,2025-05-03,Agent_10,Refund Issue,Medium,Email,77.9,37.6,Escalated,Yes,No,82.0,4,90.0
INT-04215,2025-05-03,Agent_09,Login Issue,Critical,Phone,78.4,84.5,In Progress,Yes,No,72.4,4,85.4
INT-01551,2025-05-03,Agent_18,General Inquiry,Medium,Phone,36.9,33.6,Escalated,Yes,No,93.0,5,96.2
INT-04318,2025-05-03,Agent_14,Product Defect,Low,Chat,75.2,36.0,Resolved,No,No,81.8,4,100.0
INT-00103,2025-05-03,Agent_08,Refund Issue,High,Chat,95.1,32.4,Resolved,Yes,No,73.0,4,87.7
INT-01203,2025-05-03,Agent_19,App Crash,Low,Chat,27.4,19.8,In Progress,Yes,No,96.9,5,90.1
INT-04444,2025-05-03,Agent_16,Refund Issue,High,Chat,69.0,66.8,Escalated,No,Yes,66.2,4,94.5
INT-03463,2025-05-04,Agent_18,Refund Issue,High,Email,87.9,36.0,In Progress,Yes,No,82.3,5,96.4
INT-03898,2025-05-04,Agent_10,Payment Issue,Medium,Chat,36.9,55.6,In Progress,Yes,No,85.8,4,92.2
INT-02609,2025-05-04,Agent_11,Payment Issue,Medium,Email,41.3,46.5,Escalated,Yes,No,89.2,5,93.3
INT-02459,2025-05-04,Agent_13,Login Issue,Medium,WhatsApp,41.9,30.7,In Progress,Yes,No,75.1,4,87.0
INT-02463,2025-05-04,Agent_11,Payment Issue,Medium,Phone,51.4,96.0,Resolved,No,No,77.9,4,96.9
INT-02599,2025-05-04,Agent_03,Product Defect,Medium,Email,27.6,26.3,Resolved,Yes,No,84.9,5,88.4
INT-01724,2025-05-04,Agent_16,Payment Issue,Low,Phone,81.2,20.3,Resolved,Yes,No,94.9,5,96.4
INT-03146,2025-05-04,Agent_05,Delivery Delay,High,Phone,92.7,66.9,Resolved,Yes,No,65.4,4,91.6
INT-00418,2025-05-04,Agent_12,Login Issue,Medium,Phone,146.7,22.4,In Progress,Yes,No,88.7,5,93.1
INT-03003,2025-05-04,Agent_12,General Inquiry,Critical,Chat,78.1,36.7,Resolved,Yes,No,85.5,5,92.4
INT-00325,2025-05-04,Agent_04,Product Defect,High,Email,54.4,38.9,Resolved,Yes,No,79.4,5,93.4
INT-02028,2025-05-04,Agent_03,Payment Issue,Medium,Email,45.6,22.0,Escalated,No,No,74.4,4,89.1
INT-03658,2025-05-04,Agent_07,Delivery Delay,Medium,WhatsApp,61.0,40.4,Escalated,Yes,No,85.8,4,89.6
INT-04751,2025-05-04,Agent_18,App Crash,Medium,WhatsApp,87.6,43.5,Resolved,Yes,No,93.6,5,94.1
INT-03089,2025-05-04,Agent_06,Login Issue,High,Phone,55.4,55.8,Resolved,Yes,No,76.3,4,88.1
INT-03404,2025-05-04,Agent_20,General Inquiry,Low,Phone,92.7,7.1,Resolved,Yes,No,97.3,5,94.5
INT-00132,2025-05-04,Agent_12,Product Defect,High,Phone,79.4,52.6,Resolved,Yes,No,89.7,5,94.8
INT-01235,2025-05-04,Agent_01,Refund Issue,High,WhatsApp,57.3,41.4,Resolved,No,No,62.8,4,88.6
INT-00084,2025-05-04,Agent_17,Refund Issue,Medium,Phone,35.1,53.9,Resolved,Yes,No,91.0,4,94.0
INT-04680,2025-05-04,Agent_10,App Crash,Medium,Email,61.6,39.8,Resolved,Yes,No,81.6,5,93.2
INT-03266,2025-05-04,Agent_05,Account Blocked,High,Phone,50.4,53.3,Resolved,Yes,No,79.9,5,92.9
INT-04293,2025-05-04,Agent_13,General Inquiry,Critical,Email,98.0,39.0,Resolved,No,No,79.7,5,89.3
INT-01582,2025-05-04,Agent_14,Delivery Delay,Medium,Phone,138.9,25.1,Resolved,Yes,No,85.6,4,88.5
INT-03791,2025-05-04,Agent_01,General Inquiry,High,Phone,77.2,30.0,Resolved,Yes,No,83.6,5,86.2
INT-02777,2025-05-04,Agent_19,Account Blocked,High,Phone,35.0,61.3,Resolved,No,No,94.1,5,89.0
INT-01515,2025-05-04,Agent_01,Refund Issue,Low,Email,124.8,19.1,In Progress,Yes,No,80.0,4,78.6
INT-00217,2025-05-04,Agent_08,Account Blocked,Critical,Email,106.6,57.9,In Progress,Yes,No,74.8,4,92.1
INT-03247,2025-05-04,Agent_11,Refund Issue,High,Email,190.6,46.9,Resolved,Yes,No,75.5,4,92.9
INT-04359,2025-05-04,Agent_06,Refund Issue,High,Chat,98.1,54.2,Resolved,Yes,No,68.2,4,88.9
INT-02140,2025-05-04,Agent_16,General Inquiry,Low,Phone,124.1,34.1,Resolved,Yes,No,91.3,5,92.7
INT-00490,2025-05-04,Agent_06,App Crash,High,Email,76.1,63.2,Escalated,Yes,No,78.6,5,90.9
INT-01561,2025-05-05,Agent_20,Payment Issue,Medium,Email,67.7,84.7,In Progress,Yes,No,86.3,5,88.3
INT-01274,2025-05-05,Agent_20,General Inquiry,High,WhatsApp,135.8,32.3,Escalated,Yes,No,91.3,4,91.3
INT-02948,2025-05-05,Agent_13,Product Defect,High,Chat,90.8,45.9,Resolved,Yes,No,81.3,4,90.3
INT-04864,2025-05-05,Agent_11,Product Defect,Medium,WhatsApp,46.5,36.9,Resolved,Yes,No,88.4,5,93.1
INT-01940,2025-05-05,Agent_20,App Crash,Medium,WhatsApp,70.1,53.3,Resolved,No,No,92.5,5,95.6
INT-02398,2025-05-05,Agent_02,Payment Issue,High,Phone,149.3,53.2,Resolved,No,No,71.3,5,92.1
INT-03460,2025-05-05,Agent_02,General Inquiry,Medium,Chat,111.0,11.5,Resolved,No,No,63.3,4,88.4
INT-02710,2025-05-05,Agent_07,Product Defect,Critical,Phone,105.0,72.9,Escalated,Yes,No,71.3,4,86.7
INT-02152,2025-05-05,Agent_04,Login Issue,High,Phone,93.6,50.9,Escalated,No,No,67.8,4,90.6
INT-01039,2025-05-05,Agent_10,Delivery Delay,Low,Email,44.5,39.9,Resolved,Yes,No,83.4,4,99.8
INT-03998,2025-05-05,Agent_10,Refund Issue,Medium,WhatsApp,42.3,52.8,Resolved,Yes,No,80.9,5,89.5
INT-03080,2025-05-05,Agent_05,Refund Issue,Medium,WhatsApp,80.5,59.4,Resolved,Yes,No,78.8,4,92.6
INT-04898,2025-05-05,Agent_01,Refund Issue,Low,Email,85.4,32.4,In Progress,Yes,No,79.7,4,89.5
INT-03455,2025-05-05,Agent_08,Login Issue,Medium,Phone,79.6,28.5,Escalated,No,No,68.7,4,87.9
INT-02253,2025-05-05,Agent_06,Login Issue,Low,WhatsApp,25.8,36.9,Escalated,Yes,Yes,78.9,4,86.6
INT-01682,2025-05-05,Agent_12,Login Issue,Medium,Email,61.6,54.2,Resolved,Yes,No,88.0,4,93.9
INT-02288,2025-05-05,Agent_04,Login Issue,Low,Email,80.4,62.9,Resolved,No,No,74.4,4,81.6
INT-03173,2025-05-05,Agent_03,General Inquiry,Medium,Phone,156.3,51.2,Resolved,No,No,85.5,5,84.2
INT-02207,2025-05-05,Agent_08,Refund Issue,Medium,WhatsApp,38.3,28.3,Resolved,Yes,No,85.3,4,81.9
INT-00388,2025-05-05,Agent_14,Payment Issue,Medium,Phone,86.4,45.3,Resolved,Yes,No,89.4,4,91.0
INT-04843,2025-05-05,Agent_14,App Crash,Low,Email,55.1,30.1,Resolved,Yes,No,91.4,4,94.8
INT-02920,2025-05-05,Agent_18,Account Blocked,Medium,Email,51.6,45.4,Resolved,Yes,No,86.0,5,92.8
INT-01916,2025-05-05,Agent_12,Product Defect,Medium,Email,75.4,42.0,Resolved,Yes,No,80.2,5,93.6
INT-03507,2025-05-05,Agent_10,Product Defect,Low,WhatsApp,240.0,47.4,Resolved,Yes,No,73.5,3,98.4
INT-02077,2025-05-05,Agent_08,Product Defect,High,Email,107.3,94.1,In Progress,Yes,No,70.4,5,92.9
INT-04220,2025-05-06,Agent_03,General Inquiry,High,Email,222.7,67.9,Escalated,No,No,64.7,4,88.1
INT-01713,2025-05-06,Agent_17,Payment Issue,Medium,Chat,64.3,32.9,Resolved,Yes,No,88.5,5,100.0
INT-01760,2025-05-06,Agent_11,Delivery Delay,Medium,Email,145.6,25.6,Resolved,No,No,83.3,4,89.2
INT-00798,2025-05-06,Agent_17,General Inquiry,Low,Chat,55.8,26.7,Resolved,Yes,No,98.5,5,93.7
INT-04631,2025-05-06,Agent_13,App Crash,Low,Email,226.8,62.3,In Progress,Yes,No,79.2,4,98.2
INT-02436,2025-05-06,Agent_13,Account Blocked,High,Phone,99.2,36.6,Resolved,Yes,No,90.0,5,91.0
INT-00965,2025-05-06,Agent_09,Payment Issue,Critical,WhatsApp,89.3,56.8,Resolved,No,No,69.7,4,93.1
INT-00441,2025-05-06,Agent_15,General Inquiry,Medium,Phone,221.0,68.9,In Progress,Yes,No,90.4,4,90.8
INT-00200,2025-05-06,Agent_12,Product Defect,Low,Chat,130.3,13.7,Escalated,Yes,No,80.8,4,90.7
INT-01897,2025-05-06,Agent_08,Account Blocked,Medium,Phone,108.5,43.1,Escalated,Yes,Yes,78.5,4,86.1
INT-00624,2025-05-06,Agent_04,Login Issue,Medium,Phone,66.0,45.4,Resolved,Yes,No,72.4,4,89.2
INT-03039,2025-05-06,Agent_14,Account Blocked,Medium,Phone,106.8,31.0,Resolved,Yes,No,83.2,4,91.5
INT-03422,2025-05-06,Agent_03,Login Issue,High,WhatsApp,88.8,36.3,Resolved,Yes,No,78.0,5,90.7
INT-00883,2025-05-06,Agent_14,Account Blocked,Medium,Email,78.3,61.4,Resolved,Yes,No,82.3,5,86.2
INT-04615,2025-05-06,Agent_19,Account Blocked,Low,WhatsApp,122.3,48.9,Resolved,No,No,85.3,5,98.9
INT-03276,2025-05-06,Agent_12,Product Defect,Critical,Email,109.3,41.5,Escalated,Yes,Yes,64.6,3,85.4
INT-02023,2025-05-06,Agent_18,Payment Issue,Critical,Phone,80.2,44.1,Escalated,Yes,No,82.0,5,94.4
INT-03474,2025-05-06,Agent_08,Payment Issue,Low,Chat,96.9,14.5,Resolved,Yes,No,88.3,5,89.6
INT-02630,2025-05-06,Agent_07,General Inquiry,Low,Phone,60.3,20.3,Resolved,Yes,No,91.1,5,90.0
INT-03598,2025-05-06,Agent_10,Refund Issue,Medium,Email,120.2,62.7,Escalated,Yes,Yes,79.2,4,90.4
INT-02812,2025-05-06,Agent_10,Delivery Delay,Medium,Phone,104.1,34.8,Resolved,Yes,No,76.8,4,92.1
INT-03669,2025-05-06,Agent_17,Refund Issue,Medium,Chat,20.6,27.8,Resolved,No,No,76.3,5,97.8
INT-03878,2025-05-06,Agent_01,Delivery Delay,Low,WhatsApp,45.9,32.5,Escalated,Yes,No,82.2,5,83.0
INT-01470,2025-05-06,Agent_14,App Crash,High,Phone,163.7,55.4,Resolved,Yes,No,82.1,4,95.5
INT-00627,2025-05-06,Agent_19,Delivery Delay,High,Email,157.4,75.3,Escalated,Yes,No,78.2,4,94.4
INT-02577,2025-05-06,Agent_18,General Inquiry,Medium,Chat,107.0,68.7,In Progress,Yes,No,96.6,5,90.5
INT-02011,2025-05-06,Agent_08,Refund Issue,Medium,Chat,56.0,46.4,Resolved,No,No,76.2,5,92.6
INT-04296,2025-05-06,Agent_13,Login Issue,High,Chat,80.3,56.1,Escalated,No,No,76.3,4,91.3
INT-04177,2025-05-06,Agent_06,General Inquiry,Medium,Email,57.3,19.8,Resolved,Yes,No,90.4,4,86.6
INT-02888,2025-05-07,Agent_17,Login Issue,Low,Phone,104.7,12.9,Resolved,Yes,No,96.3,5,93.5
INT-01853,2025-05-07,Agent_05,Login Issue,Critical,Phone,144.7,68.4,Resolved,No,No,68.9,4,85.7
INT-02937,2025-05-07,Agent_17,Account Blocked,Low,WhatsApp,27.2,34.9,Resolved,Yes,No,99.9,4,94.8
INT-02856,2025-05-07,Agent_03,Refund Issue,Medium,Phone,87.4,46.5,Resolved,Yes,No,82.6,5,86.5
INT-01126,2025-05-07,Agent_16,Delivery Delay,Medium,Email,89.8,28.2,Resolved,Yes,No,94.2,4,93.6
INT-03627,2025-05-07,Agent_03,Payment Issue,Low,Phone,137.8,13.4,Resolved,Yes,No,81.8,5,98.6
INT-03498,2025-05-07,Agent_10,General Inquiry,Medium,Email,161.3,39.9,In Progress,Yes,No,87.4,4,84.5
INT-04905,2025-05-07,Agent_19,General Inquiry,Low,Email,61.8,17.1,In Progress,Yes,No,95.3,5,99.8
INT-04437,2025-05-07,Agent_05,App Crash,Medium,Email,132.1,23.0,Resolved,Yes,No,73.6,4,91.4
INT-00351,2025-05-07,Agent_12,General Inquiry,Medium,Chat,40.5,29.7,Resolved,Yes,No,85.3,4,98.5
INT-00858,2025-05-07,Agent_08,Login Issue,Low,Phone,82.5,70.8,Resolved,Yes,No,75.7,4,91.3
INT-04209,2025-05-07,Agent_09,Refund Issue,High,Phone,76.6,46.9,Resolved,Yes,No,71.3,4,100.0
INT-00631,2025-05-07,Agent_20,App Crash,Medium,Phone,124.1,37.5,Resolved,Yes,No,89.4,5,99.0
INT-01843,2025-05-07,Agent_20,Refund Issue,Low,Phone,104.6,33.1,Resolved,Yes,No,93.9,5,92.0
INT-03715,2025-05-07,Agent_17,Product Defect,Medium,Phone,96.5,90.7,Resolved,Yes,No,75.2,4,90.3
INT-01851,2025-05-07,Agent_03,Refund Issue,High,Chat,139.2,48.0,Resolved,Yes,No,80.4,4,86.6
INT-00432,2025-05-07,Agent_18,Product Defect,Low,Phone,106.4,50.6,In Progress,No,No,81.0,5,87.7
INT-04483,2025-05-07,Agent_10,Delivery Delay,Medium,Email,64.0,55.0,In Progress,Yes,No,86.0,4,92.7
INT-03371,2025-05-07,Agent_06,Refund Issue,Low,WhatsApp,60.1,45.1,In Progress,Yes,No,93.8,5,91.1
INT-03295,2025-05-07,Agent_09,Account Blocked,Medium,Phone,136.8,50.9,Resolved,No,No,70.8,4,86.2
INT-04594,2025-05-07,Agent_10,App Crash,Low,Chat,50.1,20.4,Escalated,Yes,No,87.1,5,100.0
INT-03324,2025-05-07,Agent_19,Login Issue,Low,Phone,62.1,25.5,Resolved,Yes,No,83.4,5,98.6
INT-04627,2025-05-07,Agent_20,Refund Issue,Critical,Email,152.8,55.8,Resolved,No,No,76.1,4,86.5
INT-03178,2025-05-07,Agent_10,General Inquiry,Medium,WhatsApp,85.5,13.7,Resolved,Yes,No,99.1,5,95.6
INT-04771,2025-05-07,Agent_14,Account Blocked,Medium,Chat,68.2,96.0,Escalated,Yes,Yes,82.3,4,81.2
INT-03092,2025-05-08,Agent_01,Account Blocked,Medium,Phone,78.0,70.7,Resolved,Yes,No,67.3,4,95.0
INT-02866,2025-05-08,Agent_09,Login Issue,High,Phone,191.8,60.5,Resolved,Yes,No,78.2,5,92.7
INT-00290,2025-05-08,Agent_17,Refund Issue,High,Phone,36.2,62.3,Escalated,Yes,Yes,72.1,4,94.3
INT-02882,2025-05-08,Agent_06,Delivery Delay,Medium,Chat,76.6,32.0,Resolved,Yes,No,88.0,4,89.9
INT-04810,2025-05-08,Agent_02,Delivery Delay,High,Email,49.6,48.2,Resolved,Yes,No,70.3,4,84.7
INT-03636,2025-05-08,Agent_10,Login Issue,Critical,Phone,77.5,60.3,Escalated,Yes,No,76.6,4,89.7
INT-02022,2025-05-08,Agent_14,Payment Issue,Medium,Email,82.4,24.5,Resolved,Yes,No,92.7,5,97.8
INT-04159,2025-05-08,Agent_05,Refund Issue,Medium,Phone,110.0,57.3,Resolved,No,No,68.3,4,95.1
INT-01320,2025-05-08,Agent_07,Account Blocked,Low,Chat,135.9,19.5,Resolved,Yes,No,76.8,4,96.9
INT-04657,2025-05-08,Agent_07,App Crash,Medium,Email,167.6,53.1,Resolved,Yes,No,77.1,4,96.9
INT-04710,2025-05-08,Agent_01,Login Issue,Critical,WhatsApp,230.7,47.9,Resolved,No,No,56.1,3,84.5
INT-01302,2025-05-08,Agent_09,Login Issue,Critical,WhatsApp,86.6,57.0,Resolved,No,No,70.3,4,83.1
INT-00277,2025-05-08,Agent_13,General Inquiry,Medium,Phone,32.7,80.8,Resolved,Yes,No,88.6,5,92.9
INT-00337,2025-05-08,Agent_05,Delivery Delay,Medium,WhatsApp,191.0,29.3,Resolved,Yes,No,80.6,4,95.2
INT-00561,2025-05-08,Agent_15,Delivery Delay,High,WhatsApp,76.4,53.2,In Progress,Yes,No,80.0,5,95.5
INT-04245,2025-05-08,Agent_08,App Crash,High,Chat,34.5,55.5,Resolved,Yes,No,76.4,4,84.1
INT-02414,2025-05-08,Agent_03,Delivery Delay,Medium,Phone,51.2,35.0,Resolved,Yes,No,77.5,4,91.5
INT-00483,2025-05-08,Agent_18,Product Defect,Medium,Email,147.8,25.0,Resolved,No,No,74.3,4,93.4
INT-04992,2025-05-08,Agent_01,Payment Issue,Low,Chat,47.8,51.2,Resolved,Yes,No,79.2,5,93.5
INT-03029,2025-05-08,Agent_16,Product Defect,Critical,Chat,135.2,60.5,Escalated,No,Yes,52.3,3,79.1
INT-00294,2025-05-08,Agent_09,Login Issue,Medium,WhatsApp,18.4,59.7,Resolved,Yes,No,85.1,5,87.0
INT-04328,2025-05-08,Agent_14,Account Blocked,Low,Chat,194.7,29.3,In Progress,Yes,No,82.2,4,84.8
INT-03626,2025-05-08,Agent_20,Refund Issue,Medium,Phone,90.0,53.7,Resolved,Yes,No,100.0,5,90.4
INT-03069,2025-05-08,Agent_07,Refund Issue,Medium,Phone,164.3,28.1,Resolved,Yes,No,82.9,4,93.9
INT-00231,2025-05-08,Agent_19,Payment Issue,Medium,Chat,35.7,62.6,In Progress,Yes,No,95.5,5,90.6
INT-02683,2025-05-08,Agent_13,Product Defect,Low,WhatsApp,31.9,35.9,Resolved,Yes,No,89.0,5,99.0
INT-01172,2025-05-08,Agent_03,Delivery Delay,Medium,Chat,79.1,68.9,In Progress,Yes,No,72.6,5,83.1
INT-00161,2025-05-08,Agent_15,Account Blocked,High,Phone,97.5,38.9,Resolved,Yes,No,73.4,5,93.1
INT-02666,2025-05-08,Agent_20,Refund Issue,Medium,WhatsApp,132.9,47.0,Resolved,Yes,No,98.1,5,93.8
INT-04537,2025-05-09,Agent_06,Product Defect,Medium,Phone,109.1,34.7,Resolved,Yes,No,82.8,4,89.4
INT-00446,2025-05-09,Agent_16,General Inquiry,Low,Phone,78.4,10.9,Resolved,Yes,No,100.0,5,89.3
INT-03504,2025-05-09,Agent_15,Payment Issue,Low,WhatsApp,71.7,20.6,Escalated,Yes,No,90.4,5,86.6
INT-04532,2025-05-09,Agent_11,Refund Issue,Medium,Email,88.6,27.9,Resolved,Yes,No,91.8,5,92.6
INT-02815,2025-05-09,Agent_18,Account Blocked,Low,Chat,137.6,22.7,Resolved,Yes,No,84.7,4,93.7
INT-00235,2025-05-09,Agent_07,App Crash,High,WhatsApp,59.8,50.5,Escalated,No,No,65.7,4,94.2
INT-02188,2025-05-09,Agent_10,Login Issue,High,Email,47.5,55.2,Resolved,Yes,No,79.5,5,96.6
INT-02088,2025-05-09,Agent_10,Account Blocked,Medium,Phone,49.0,52.7,Resolved,No,No,72.8,4,90.5
INT-00249,2025-05-09,Agent_13,Delivery Delay,Critical,Email,165.6,41.4,Resolved,Yes,No,75.4,4,87.6
INT-04551,2025-05-09,Agent_03,Delivery Delay,Low,Phone,28.1,24.9,In Progress,Yes,No,77.5,4,82.1
INT-02672,2025-05-09,Agent_17,Login Issue,High,Chat,128.9,26.7,Resolved,Yes,No,90.0,5,84.1
INT-00722,2025-05-09,Agent_08,Payment Issue,High,Email,104.5,42.4,Resolved,Yes,No,82.8,5,82.9
INT-04815,2025-05-09,Agent_13,Payment Issue,Medium,Email,61.9,40.5,Escalated,Yes,No,90.8,5,86.2
INT-01384,2025-05-09,Agent_19,Refund Issue,Low,Email,129.7,34.2,In Progress,Yes,No,92.7,5,95.2
INT-00198,2025-05-09,Agent_09,Payment Issue,Critical,Email,53.4,62.3,Resolved,Yes,No,85.5,5,85.4
INT-02032,2025-05-09,Agent_06,App Crash,Low,Email,57.9,31.9,Resolved,Yes,No,91.8,5,92.2
INT-00163,2025-05-09,Agent_07,General Inquiry,Low,WhatsApp,36.4,10.4,Resolved,Yes,No,92.6,5,94.0
INT-01225,2025-05-09,Agent_11,Account Blocked,Medium,WhatsApp,102.0,50.0,Resolved,Yes,No,78.7,4,95.9
INT-04125,2025-05-09,Agent_17,Login Issue,Low,WhatsApp,112.5,16.8,Escalated,Yes,Yes,81.8,4,85.4
INT-02514,2025-05-09,Agent_18,Login Issue,Medium,Email,17.7,55.1,Resolved,Yes,No,91.1,5,97.6
INT-02541,2025-05-09,Agent_04,App Crash,High,WhatsApp,97.8,34.0,In Progress,Yes,No,73.5,5,92.8
INT-04647,2025-05-09,Agent_13,App Crash,Medium,Email,229.8,36.4,Resolved,No,No,73.7,3,100.0
INT-00094,2025-05-09,Agent_06,Account Blocked,Low,Email,150.0,19.7,Escalated,Yes,Yes,76.8,3,86.4
INT-02999,2025-05-09,Agent_18,Account Blocked,Medium,WhatsApp,23.8,96.0,Resolved,Yes,No,84.0,5,92.2
INT-00435,2025-05-09,Agent_04,Payment Issue,Low,Chat,29.8,42.5,Resolved,Yes,No,77.7,4,90.9
INT-01280,2025-05-09,Agent_08,Login Issue,Medium,Phone,76.3,51.3,In Progress,Yes,No,79.4,5,86.3
INT-03017,2025-05-09,Agent_16,Account Blocked,Low,Phone,72.9,30.3,Escalated,Yes,No,86.6,5,94.6
INT-04418,2025-05-09,Agent_12,Account Blocked,Medium,WhatsApp,104.7,30.8,Resolved,Yes,No,83.0,5,93.8
INT-04047,2025-05-09,Agent_09,Payment Issue,Medium,Chat,46.3,52.2,Resolved,Yes,No,85.4,4,84.6
INT-02427,2025-05-10,Agent_06,Payment Issue,High,Phone,91.8,56.3,Escalated,Yes,Yes,67.5,4,85.2
INT-04794,2025-05-10,Agent_05,App Crash,High,Chat,111.9,47.6,Resolved,Yes,No,86.1,5,93.6
INT-00023,2025-05-10,Agent_07,Account Blocked,High,Phone,155.3,40.5,In Progress,No,No,58.4,4,94.4
INT-03796,2025-05-10,Agent_20,Payment Issue,Medium,Email,114.5,34.1,Escalated,Yes,Yes,89.3,4,86.1
INT-02988,2025-05-10,Agent_19,App Crash,Medium,Phone,109.9,42.7,In Progress,Yes,No,87.2,4,100.0
INT-00863,2025-05-10,Agent_19,Account Blocked,Medium,Phone,240.0,26.8,Escalated,Yes,Yes,76.5,3,89.7
INT-01707,2025-05-10,Agent_17,App Crash,Medium,Chat,53.8,35.3,Resolved,Yes,No,94.4,5,100.0
INT-01995,2025-05-10,Agent_19,Payment Issue,Low,Email,34.4,34.2,In Progress,Yes,No,95.0,5,92.1
INT-02475,2025-05-10,Agent_02,General Inquiry,Medium,Phone,136.2,50.3,Escalated,No,Yes,72.5,4,87.9
INT-02435,2025-05-10,Agent_02,Delivery Delay,Medium,Chat,194.9,41.1,Resolved,Yes,No,69.2,4,87.7
INT-00509,2025-05-10,Agent_13,Refund Issue,Medium,WhatsApp,120.4,32.8,Resolved,Yes,No,90.5,4,92.5
INT-00195,2025-05-10,Agent_11,Login Issue,Medium,Phone,56.1,36.1,In Progress,Yes,No,89.5,5,93.8
INT-02515,2025-05-10,Agent_01,General Inquiry,High,Phone,91.7,48.2,Resolved,Yes,No,79.4,5,89.3
INT-02383,2025-05-10,Agent_14,Product Defect,Medium,Chat,82.8,24.4,Escalated,Yes,No,85.5,5,96.4
INT-00187,2025-05-10,Agent_20,Product Defect,Low,WhatsApp,55.2,24.3,Resolved,Yes,No,94.0,5,98.1
INT-01284,2025-05-10,Agent_04,Login Issue,High,Chat,37.1,24.8,Resolved,Yes,No,75.6,4,83.0
INT-00981,2025-05-10,Agent_07,Payment Issue,High,Chat,111.5,67.6,Resolved,Yes,No,84.0,5,87.7
INT-00978,2025-05-10,Agent_04,Account Blocked,Low,Email,36.2,8.7,Resolved,No,No,79.6,5,91.7
INT-01351,2025-05-10,Agent_12,Login Issue,Critical,Phone,98.5,45.7,Resolved,Yes,No,77.6,4,90.4
INT-00201,2025-05-10,Agent_01,Payment Issue,Medium,WhatsApp,68.4,43.6,Resolved,Yes,No,79.1,5,96.7
INT-02293,2025-05-10,Agent_10,Refund Issue,High,WhatsApp,46.7,38.2,In Progress,Yes,No,81.8,4,86.2
INT-00353,2025-05-10,Agent_13,Delivery Delay,Medium,Chat,154.7,74.5,Resolved,No,No,74.2,4,96.1
INT-02278,2025-05-10,Agent_07,Product Defect,Medium,Chat,89.3,21.2,Resolved,Yes,No,83.0,4,94.6
INT-01167,2025-05-10,Agent_20,Login Issue,Medium,WhatsApp,91.4,40.0,Resolved,Yes,No,83.5,5,99.3
INT-01944,2025-05-10,Agent_10,Product Defect,Medium,Phone,65.8,53.8,In Progress,Yes,No,87.1,5,83.1
INT-01767,2025-05-10,Agent_14,General Inquiry,Medium,Email,38.6,24.9,Resolved,Yes,No,89.2,5,93.0
INT-00052,2025-05-10,Agent_18,Product Defect,Low,Chat,79.1,24.1,Resolved,No,No,77.4,4,95.7
INT-01092,2025-05-10,Agent_01,Refund Issue,Medium,Email,135.5,72.8,Resolved,Yes,No,59.2,4,95.1
INT-04745,2025-05-10,Agent_18,Refund Issue,Medium,WhatsApp,238.4,57.9,Resolved,Yes,No,82.3,4,89.6
INT-01754,2025-05-11,Agent_17,Product Defect,Medium,WhatsApp,140.4,20.7,Resolved,Yes,No,91.7,5,95.9
INT-04675,2025-05-11,Agent_01,Refund Issue,Low,Phone,75.9,53.9,Escalated,No,No,68.6,4,85.0
INT-01230,2025-05-11,Agent_14,App Crash,Medium,Email,118.9,32.1,In Progress,Yes,No,89.6,5,87.6
INT-01747,2025-05-11,Agent_17,Refund Issue,High,Chat,104.6,47.3,Resolved,Yes,No,84.6,4,93.4
INT-04489,2025-05-11,Agent_12,Payment Issue,High,Email,54.1,48.4,In Progress,Yes,No,89.2,4,89.2
INT-03845,2025-05-11,Agent_16,Payment Issue,Low,Chat,49.2,28.6,Escalated,Yes,No,79.1,5,90.6
INT-00927,2025-05-11,Agent_03,Refund Issue,Low,WhatsApp,69.3,62.3,Resolved,No,No,65.8,4,93.4
INT-00635,2025-05-11,Agent_09,Refund Issue,Medium,WhatsApp,71.9,36.7,In Progress,No,No,73.3,5,94.1
INT-01721,2025-05-11,Agent_17,Account Blocked,High,Chat,240.0,45.6,Resolved,Yes,No,83.0,3,98.9
INT-04353,2025-05-11,Agent_16,Product Defect,Low,Phone,111.3,31.8,Resolved,Yes,No,87.1,5,87.3
INT-01454,2025-05-11,Agent_17,Product Defect,High,Chat,119.8,37.4,Escalated,Yes,No,81.7,4,87.3
INT-01392,2025-05-11,Agent_07,Payment Issue,Low,Phone,71.7,22.1,Resolved,Yes,No,84.0,5,90.1
INT-04702,2025-05-11,Agent_07,Delivery Delay,Low,Chat,8.7,26.2,In Progress,Yes,No,74.3,4,83.9
INT-01882,2025-05-11,Agent_04,Delivery Delay,Low,Email,32.1,22.5,Resolved,Yes,No,86.8,5,93.1
INT-02991,2025-05-11,Agent_06,Delivery Delay,Medium,WhatsApp,140.8,47.7,Resolved,Yes,No,78.9,5,94.4
INT-00122,2025-05-11,Agent_02,Delivery Delay,High,WhatsApp,94.5,64.9,Resolved,No,No,63.6,4,95.0
INT-02874,2025-05-11,Agent_05,Login Issue,Medium,Chat,89.6,33.4,Escalated,No,No,76.7,4,88.1
INT-03490,2025-05-11,Agent_14,General Inquiry,Low,Phone,93.0,18.2,Resolved,Yes,No,100.0,4,90.3
INT-04971,2025-05-11,Agent_07,App Crash,High,Phone,116.5,39.1,Resolved,No,No,73.2,4,88.1
INT-03033,2025-05-11,Agent_02,Account Blocked,Low,Chat,68.3,19.8,Resolved,Yes,No,82.6,5,89.6
INT-03052,2025-05-11,Agent_17,Account Blocked,High,Phone,90.4,44.2,In Progress,No,No,78.8,5,99.6
INT-00038,2025-05-11,Agent_08,Refund Issue,Medium,Phone,63.0,51.5,Resolved,Yes,No,83.4,4,98.6
INT-01918,2025-05-11,Agent_07,Refund Issue,Low,Phone,142.0,12.4,Resolved,Yes,No,82.6,4,86.7
INT-00016,2025-05-11,Agent_17,Payment Issue,Medium,Chat,127.3,41.7,In Progress,Yes,No,93.7,4,99.0
INT-02400,2025-05-11,Agent_10,General Inquiry,High,Email,57.8,45.5,Resolved,Yes,No,89.1,5,91.4
INT-00258,2025-05-11,Agent_08,Refund Issue,Low,Email,77.1,22.8,Resolved,Yes,No,81.4,4,97.1
INT-03356,2025-05-11,Agent_05,General Inquiry,Low,Email,36.6,21.8,Resolved,Yes,No,91.3,5,88.7
INT-04776,2025-05-11,Agent_10,General Inquiry,Medium,WhatsApp,54.5,35.9,Resolved,No,No,83.3,5,94.1
INT-03138,2025-05-11,Agent_16,Delivery Delay,Low,Email,24.9,30.1,Resolved,Yes,No,78.4,5,95.6
INT-02268,2025-05-11,Agent_15,Payment Issue,Medium,Phone,140.3,54.8,Resolved,No,No,76.4,4,95.8
INT-02956,2025-05-11,Agent_17,Product Defect,High,Phone,74.8,37.8,Resolved,Yes,No,85.0,5,98.5
INT-00188,2025-05-11,Agent_01,App Crash,High,Phone,62.6,43.4,Resolved,No,No,74.5,4,91.4
INT-03891,2025-05-12,Agent_20,General Inquiry,Medium,WhatsApp,67.9,36.8,Resolved,Yes,No,100.0,5,95.0
INT-03222,2025-05-12,Agent_08,Login Issue,Critical,Phone,96.3,49.7,Resolved,No,No,68.3,4,89.4
INT-02168,2025-05-12,Agent_05,General Inquiry,Critical,WhatsApp,112.3,39.0,Resolved,No,No,68.1,4,92.5
INT-04828,2025-05-12,Agent_03,Payment Issue,Medium,Chat,66.0,33.9,Resolved,Yes,No,73.9,4,89.5
INT-00138,2025-05-12,Agent_07,App Crash,High,Email,168.7,32.8,Resolved,Yes,No,69.4,4,93.7
INT-04925,2025-05-12,Agent_03,Delivery Delay,High,Chat,155.2,55.0,Resolved,Yes,No,75.7,3,87.0
INT-03435,2025-05-12,Agent_09,Delivery Delay,Low,Phone,60.5,48.9,Resolved,Yes,No,82.9,4,91.4
INT-02079,2025-05-12,Agent_19,General Inquiry,Low,Chat,80.1,12.5,In Progress,Yes,No,97.3,5,95.6
INT-04106,2025-05-12,Agent_13,App Crash,Low,Chat,53.8,19.2,Resolved,No,No,84.1,4,86.9
INT-04442,2025-05-12,Agent_09,Account Blocked,Low,Phone,115.0,96.0,Resolved,Yes,No,79.3,4,99.2
INT-00613,2025-05-12,Agent_05,Delivery Delay,High,Email,91.6,74.5,Resolved,Yes,No,64.3,5,91.2
INT-01224,2025-05-12,Agent_06,Refund Issue,High,Chat,62.9,44.5,Resolved,No,No,76.4,3,88.6
INT-04736,2025-05-12,Agent_02,Account Blocked,Medium,WhatsApp,33.5,30.4,Resolved,Yes,No,78.6,4,92.2
INT-02734,2025-05-12,Agent_16,Account Blocked,Medium,Phone,77.7,28.6,Resolved,No,No,89.5,5,100.0
INT-00788,2025-05-12,Agent_02,Delivery Delay,Medium,Phone,120.0,38.7,Resolved,Yes,No,75.2,4,92.0
INT-00045,2025-05-12,Agent_07,Delivery Delay,Medium,WhatsApp,40.9,39.4,Escalated,No,Yes,66.1,4,82.4
INT-01846,2025-05-12,Agent_16,Product Defect,Medium,WhatsApp,77.8,32.7,Escalated,Yes,No,76.6,4,92.3
INT-00064,2025-05-12,Agent_16,Account Blocked,Low,Phone,172.3,16.2,In Progress,Yes,No,87.7,4,99.8
INT-02708,2025-05-12,Agent_18,Delivery Delay,Critical,Email,73.0,52.0,In Progress,Yes,No,77.3,5,96.4
INT-02711,2025-05-12,Agent_09,Delivery Delay,Low,Chat,73.9,15.0,In Progress,Yes,No,82.4,4,87.1
INT-01027,2025-05-12,Agent_05,Delivery Delay,High,Chat,104.2,48.2,Resolved,Yes,No,72.4,4,85.0
INT-00808,2025-05-12,Agent_02,Refund Issue,Medium,Chat,144.2,35.4,Resolved,Yes,No,80.7,4,91.2
INT-04257,2025-05-12,Agent_05,Payment Issue,Critical,Chat,203.7,59.2,Resolved,Yes,No,65.7,4,84.2
INT-02676,2025-05-12,Agent_09,Product Defect,Medium,Email,54.3,46.3,Resolved,Yes,No,86.6,5,90.1
INT-00810,2025-05-12,Agent_05,Product Defect,Low,Phone,98.3,26.9,Resolved,Yes,No,80.9,4,90.8
INT-02121,2025-05-13,Agent_17,Delivery Delay,Medium,WhatsApp,51.7,56.9,Resolved,Yes,No,91.0,5,90.0
INT-01970,2025-05-13,Agent_10,Payment Issue,High,Email,104.1,50.0,Resolved,Yes,No,78.3,5,95.7
INT-00584,2025-05-13,Agent_16,App Crash,Medium,Phone,38.4,37.9,Resolved,Yes,No,93.2,5,96.9
INT-03625,2025-05-13,Agent_11,Payment Issue,Medium,Phone,112.1,37.1,In Progress,Yes,No,86.1,4,87.1
INT-04299,2025-05-13,Agent_14,Refund Issue,Medium,Email,122.7,55.5,Resolved,No,No,76.8,4,98.4
INT-04542,2025-05-13,Agent_09,Payment Issue,Medium,Phone,66.1,25.2,Escalated,No,Yes,73.0,3,89.1
INT-00758,2025-05-13,Agent_01,Delivery Delay,High,Phone,139.6,63.2,Resolved,No,No,69.2,4,89.7
INT-00727,2025-05-13,Agent_02,Login Issue,Medium,WhatsApp,45.5,19.9,In Progress,No,No,65.4,5,89.0
INT-04569,2025-05-13,Agent_20,Payment Issue,High,Phone,92.9,72.5,Resolved,Yes,No,78.7,4,95.7
INT-01492,2025-05-13,Agent_09,Payment Issue,High,Phone,84.7,44.4,Resolved,Yes,No,72.0,4,87.9
INT-03040,2025-05-13,Agent_16,Product Defect,Medium,Chat,47.1,68.1,Escalated,No,Yes,72.9,4,84.1
INT-00786,2025-05-13,Agent_15,Refund Issue,High,Email,47.2,36.5,Resolved,Yes,No,85.0,4,89.4
INT-02547,2025-05-13,Agent_11,Product Defect,Low,Phone,140.1,35.4,Resolved,Yes,No,89.1,4,85.8
INT-04940,2025-05-13,Agent_12,Payment Issue,Low,Phone,40.9,42.7,Resolved,Yes,No,93.0,5,95.7
INT-01627,2025-05-13,Agent_06,Refund Issue,Medium,Phone,85.7,52.9,Resolved,Yes,No,80.9,4,92.3
INT-04920,2025-05-13,Agent_03,Account Blocked,High,Phone,99.8,48.3,In Progress,Yes,No,75.8,5,87.2
INT-04104,2025-05-13,Agent_17,App Crash,High,Phone,83.0,64.0,Resolved,Yes,No,83.9,5,94.7
INT-00830,2025-05-13,Agent_06,Product Defect,Medium,Phone,98.6,27.3,Resolved,Yes,No,76.6,4,92.6
INT-03905,2025-05-13,Agent_03,Refund Issue,Medium,Email,124.1,38.3,Resolved,Yes,No,73.4,4,83.1
INT-04083,2025-05-13,Agent_07,General Inquiry,Low,Email,49.4,14.5,Resolved,Yes,No,90.2,5,95.4
INT-01122,2025-05-13,Agent_01,General Inquiry,Low,Chat,33.9,4.0,Resolved,Yes,No,88.2,5,85.1
INT-01585,2025-05-13,Agent_03,Refund Issue,High,Email,59.9,53.3,Resolved,Yes,No,77.7,4,89.3
INT-02484,2025-05-13,Agent_07,Product Defect,High,Chat,153.2,46.1,Resolved,Yes,No,72.5,4,88.7
INT-02474,2025-05-13,Agent_13,Delivery Delay,Medium,Chat,110.5,95.7,Resolved,Yes,No,73.6,5,90.2
INT-00949,2025-05-13,Agent_16,Payment Issue,Low,WhatsApp,78.2,29.2,Resolved,Yes,No,96.1,5,88.6
INT-04608,2025-05-14,Agent_09,Delivery Delay,High,Email,82.9,88.4,Resolved,Yes,No,70.8,4,92.0
INT-03871,2025-05-14,Agent_08,Login Issue,Medium,Phone,100.0,44.0,Resolved,Yes,No,72.5,5,90.6
INT-04772,2025-05-14,Agent_09,Account Blocked,Critical,WhatsApp,86.6,43.0,Escalated,No,No,66.1,4,87.1
INT-03730,2025-05-14,Agent_04,General Inquiry,Low,Phone,119.6,16.7,In Progress,Yes,No,86.7,4,95.1
INT-01053,2025-05-14,Agent_07,General Inquiry,Medium,Email,111.6,34.4,Resolved,Yes,No,83.4,5,88.0
INT-01339,2025-05-14,Agent_03,General Inquiry,Low,Phone,127.3,51.0,Resolved,No,No,73.8,4,99.2
INT-00066,2025-05-14,Agent_01,Product Defect,High,WhatsApp,137.0,55.0,In Progress,No,No,69.5,4,86.2
INT-00643,2025-05-14,Agent_04,Delivery Delay,High,Email,96.4,36.6,In Progress,Yes,No,75.1,4,97.8
INT-00971,2025-05-14,Agent_20,Payment Issue,Low,Phone,35.9,11.4,Resolved,Yes,No,100.0,5,97.4
INT-01107,2025-05-14,Agent_11,Delivery Delay,High,Email,152.6,41.0,Resolved,Yes,No,81.7,5,97.0
INT-00694,2025-05-14,Agent_03,General Inquiry,Low,Email,139.9,31.9,Resolved,Yes,No,81.3,5,94.8
INT-01687,2025-05-14,Agent_14,Delivery Delay,Low,Chat,95.7,26.3,Resolved,Yes,No,83.1,4,96.7
INT-00937,2025-05-14,Agent_15,General Inquiry,Medium,Chat,135.1,31.5,In Progress,Yes,No,100.0,5,92.7
INT-04381,2025-05-14,Agent_12,Delivery Delay,Medium,WhatsApp,92.0,37.0,Resolved,Yes,No,84.2,5,91.4
INT-03044,2025-05-14,Agent_09,Payment Issue,Medium,Email,54.0,64.7,Resolved,No,No,72.9,4,91.3
INT-04303,2025-05-14,Agent_01,Payment Issue,Medium,Phone,52.0,23.9,Resolved,Yes,No,78.0,5,89.0
INT-04261,2025-05-14,Agent_15,Refund Issue,Medium,Chat,56.7,51.8,Escalated,No,No,78.9,4,89.4
INT-02423,2025-05-14,Agent_04,Product Defect,Low,Email,71.5,62.0,Escalated,No,Yes,67.1,3,87.9
INT-04497,2025-05-14,Agent_06,General Inquiry,Medium,Chat,93.4,22.0,Resolved,Yes,No,88.6,5,87.8
INT-04268,2025-05-14,Agent_08,Payment Issue,Medium,Phone,163.4,27.6,In Progress,Yes,No,83.0,4,82.8
INT-02402,2025-05-14,Agent_17,General Inquiry,Medium,Phone,142.0,20.4,Resolved,Yes,No,86.4,4,90.0
INT-03992,2025-05-14,Agent_13,Login Issue,Low,Email,88.7,16.5,Resolved,Yes,No,90.4,4,89.6
INT-03111,2025-05-14,Agent_08,Payment Issue,Medium,WhatsApp,184.4,30.5,Resolved,Yes,No,81.1,4,96.5
INT-02371,2025-05-14,Agent_09,Refund Issue,Medium,Phone,45.5,47.4,In Progress,No,No,89.1,4,85.1
INT-03954,2025-05-14,Agent_01,App Crash,Medium,Chat,47.2,30.7,Resolved,Yes,No,76.8,5,85.7
INT-04854,2025-05-14,Agent_19,App Crash,Medium,Phone,132.0,29.7,Resolved,No,No,82.3,3,94.3
INT-00153,2025-05-14,Agent_13,App Crash,Low,Chat,65.6,46.1,Escalated,Yes,No,84.5,4,91.0
INT-01847,2025-05-14,Agent_07,Payment Issue,Critical,Phone,73.6,47.1,Escalated,Yes,No,71.4,4,87.8
INT-01827,2025-05-14,Agent_19,Account Blocked,High,WhatsApp,100.8,31.4,Resolved,Yes,No,90.4,4,100.0
INT-01990,2025-05-14,Agent_08,Payment Issue,Critical,Email,141.6,45.6,Escalated,No,No,66.8,4,94.7
INT-03467,2025-05-14,Agent_18,Login Issue,High,Phone,229.2,45.1,Resolved,Yes,No,90.2,4,100.0
INT-04153,2025-05-15,Agent_13,Payment Issue,High,Email,92.0,41.0,Resolved,No,No,69.6,4,100.0
INT-00520,2025-05-15,Agent_10,Refund Issue,Medium,WhatsApp,116.9,44.5,Resolved,Yes,No,79.0,5,100.0
INT-02933,2025-05-15,Agent_08,Payment Issue,Low,Phone,125.8,26.4,Resolved,No,No,68.9,4,95.7
INT-02556,2025-05-15,Agent_18,Payment Issue,High,Phone,144.9,44.7,Resolved,No,No,74.6,4,96.1
INT-03568,2025-05-15,Agent_13,Login Issue,Medium,Chat,93.4,31.1,Escalated,Yes,Yes,77.6,4,86.4
INT-01432,2025-05-15,Agent_16,Delivery Delay,Low,Phone,113.7,26.4,Escalated,Yes,No,92.3,5,92.1
INT-01055,2025-05-15,Agent_03,Refund Issue,Medium,Chat,66.6,35.1,Resolved,Yes,No,76.9,4,85.0
INT-00040,2025-05-15,Agent_08,Delivery Delay,Medium,Phone,32.4,79.2,Resolved,No,No,70.8,4,87.0
INT-03872,2025-05-15,Agent_19,General Inquiry,Medium,Email,32.1,43.6,Resolved,Yes,No,98.7,5,95.2
INT-02634,2025-05-15,Agent_06,Refund Issue,Medium,Phone,74.8,57.3,In Progress,Yes,No,85.9,5,99.3
INT-04324,2025-05-15,Agent_01,Delivery Delay,Low,Phone,45.1,39.3,Escalated,Yes,No,75.7,4,86.9
INT-03883,2025-05-15,Agent_11,General Inquiry,Medium,WhatsApp,97.9,24.8,In Progress,No,No,81.6,4,92.2
INT-00107,2025-05-15,Agent_17,Account Blocked,Medium,Phone,78.7,17.8,Resolved,Yes,No,88.8,5,90.3
INT-00292,2025-05-15,Agent_03,App Crash,Medium,Chat,81.5,52.9,Resolved,No,No,75.2,5,90.4
INT-04824,2025-05-15,Agent_10,Account Blocked,Medium,Chat,29.6,58.2,Resolved,Yes,No,85.7,5,97.1
INT-04526,2025-05-15,Agent_12,App Crash,High,WhatsApp,64.8,55.1,In Progress,No,No,70.4,4,91.8
INT-00369,2025-05-15,Agent_15,Product Defect,Medium,Phone,93.0,39.2,Resolved,Yes,No,91.6,5,95.6
INT-01168,2025-05-15,Agent_17,Product Defect,Medium,Chat,36.5,27.8,Resolved,Yes,No,92.0,5,94.6
INT-03614,2025-05-15,Agent_15,General Inquiry,High,WhatsApp,171.1,62.2,Escalated,Yes,No,83.5,4,95.1
INT-02835,2025-05-15,Agent_04,Account Blocked,High,Phone,72.6,27.9,In Progress,Yes,No,83.3,4,87.9
INT-01240,2025-05-15,Agent_13,Account Blocked,Low,Chat,54.6,58.9,Escalated,Yes,Yes,78.0,4,87.5
INT-01887,2025-05-15,Agent_04,Account Blocked,Low,Email,51.7,16.9,Resolved,Yes,No,79.6,4,82.3
INT-02631,2025-05-16,Agent_09,General Inquiry,Low,Phone,74.6,19.8,Escalated,Yes,Yes,86.1,4,79.8
INT-00944,2025-05-16,Agent_17,Product Defect,Low,WhatsApp,78.4,23.2,In Progress,Yes,No,98.3,5,90.2
INT-03429,2025-05-16,Agent_12,App Crash,Low,Email,26.0,18.5,Resolved,Yes,No,93.2,5,93.6
INT-00681,2025-05-16,Agent_02,Product Defect,Low,Phone,122.5,32.2,Resolved,Yes,No,81.0,4,85.8
INT-02159,2025-05-16,Agent_04,Payment Issue,Low,Phone,70.3,14.9,Resolved,No,No,85.5,4,89.0
INT-01868,2025-05-16,Agent_12,Payment Issue,Medium,Phone,105.7,27.5,Escalated,Yes,Yes,83.5,4,85.0
INT-01786,2025-05-16,Agent_14,Account Blocked,Medium,Phone,48.9,41.5,In Progress,Yes,No,95.1,5,97.2
INT-02570,2025-05-16,Agent_10,Delivery Delay,Low,Phone,55.4,48.4,In Progress,Yes,No,80.7,4,92.6
INT-03263,2025-05-16,Agent_02,Login Issue,Medium,Phone,38.4,69.3,Resolved,Yes,No,76.0,5,93.8
INT-03246,2025-05-16,Agent_15,Product Defect,High,Email,98.3,41.9,Resolved,Yes,No,82.9,5,92.9
INT-02668,2025-05-16,Agent_16,Account Blocked,Low,WhatsApp,60.3,27.0,Escalated,Yes,Yes,86.3,4,94.5
INT-00095,2025-05-16,Agent_19,General Inquiry,Low,Chat,33.4,43.0,Resolved,Yes,No,100.0,4,93.9
INT-01085,2025-05-16,Agent_07,App Crash,Low,Email,62.0,60.9,Resolved,Yes,No,87.0,5,87.5
INT-00099,2025-05-16,Agent_18,Delivery Delay,Medium,Chat,76.1,40.1,Resolved,Yes,No,90.2,5,94.8
INT-04113,2025-05-16,Agent_11,Delivery Delay,Medium,Chat,62.2,91.4,Resolved,Yes,No,72.2,4,91.4
INT-02270,2025-05-16,Agent_04,Delivery Delay,High,Chat,58.0,40.5,Resolved,Yes,No,81.4,4,92.1
INT-02318,2025-05-16,Agent_16,Payment Issue,High,Phone,135.0,42.5,In Progress,Yes,No,79.2,3,93.1
INT-04837,2025-05-16,Agent_18,General Inquiry,Medium,Phone,84.7,24.8,Resolved,Yes,No,99.1,5,95.1
INT-00606,2025-05-16,Agent_20,General Inquiry,Critical,Phone,165.3,56.1,In Progress,Yes,No,82.6,4,91.0
INT-02406,2025-05-16,Agent_05,Delivery Delay,Low,Phone,173.3,22.2,Escalated,Yes,No,82.5,4,91.1
INT-03624,2025-05-16,Agent_12,Payment Issue,Medium,Phone,99.8,36.4,Resolved,No,No,90.7,5,85.1
INT-02048,2025-05-16,Agent_16,Product Defect,Low,Phone,43.7,25.0,Resolved,Yes,No,78.2,5,100.0
INT-04712,2025-05-16,Agent_01,General Inquiry,Critical,Phone,47.5,43.7,In Progress,Yes,No,79.9,5,80.3
INT-04337,2025-05-16,Agent_06,General Inquiry,High,Chat,186.3,44.2,In Progress,No,No,63.5,4,96.9
INT-03667,2025-05-16,Agent_12,Account Blocked,High,Phone,114.9,32.9,Escalated,Yes,No,84.2,4,91.1
INT-04756,2025-05-16,Agent_01,General Inquiry,Medium,Chat,52.1,29.4,Resolved,Yes,No,80.1,5,85.3
INT-00291,2025-05-16,Agent_15,Login Issue,Low,Phone,53.7,38.3,Escalated,Yes,No,96.0,4,95.7
INT-00926,2025-05-17,Agent_17,Delivery Delay,Medium,Chat,70.8,48.3,Resolved,Yes,No,85.9,4,91.2
INT-00597,2025-05-17,Agent_15,Login Issue,Medium,WhatsApp,39.2,43.8,Escalated,Yes,Yes,76.7,4,86.2
INT-01002,2025-05-17,Agent_05,Account Blocked,Critical,Email,145.3,86.0,Escalated,Yes,No,58.1,4,85.4
INT-02780,2025-05-17,Agent_19,Delivery Delay,Low,Email,66.7,38.2,Resolved,Yes,No,94.1,5,87.7
INT-03798,2025-05-17,Agent_18,App Crash,High,Chat,107.2,96.0,Resolved,No,No,77.9,4,94.1
INT-03903,2025-05-17,Agent_11,Refund Issue,High,Phone,147.8,48.0,Resolved,Yes,No,73.2,4,97.0
INT-00357,2025-05-17,Agent_15,Delivery Delay,Critical,Phone,39.8,96.0,Escalated,Yes,Yes,77.8,4,82.1
INT-03011,2025-05-17,Agent_12,Product Defect,Medium,Email,43.6,32.1,Resolved,Yes,No,93.1,5,91.2
INT-03807,2025-05-17,Agent_05,Payment Issue,Critical,Email,154.0,48.4,Escalated,Yes,No,67.5,3,86.3
INT-01131,2025-05-17,Agent_16,Delivery Delay,Medium,Phone,127.0,96.0,Resolved,Yes,No,77.2,5,94.6
INT-01291,2025-05-17,Agent_05,Delivery Delay,Medium,Email,157.2,24.8,In Progress,Yes,No,75.5,5,86.7
INT-04021,2025-05-17,Agent_20,Delivery Delay,Medium,Email,141.5,26.7,In Progress,Yes,No,83.5,4,94.6
INT-04580,2025-05-17,Agent_19,Account Blocked,Medium,Chat,80.5,36.9,Resolved,Yes,No,96.6,5,92.7
INT-01155,2025-05-17,Agent_14,Delivery Delay,Critical,Phone,66.1,60.3,Escalated,Yes,Yes,73.0,4,85.2
INT-01573,2025-05-17,Agent_19,Account Blocked,Low,Phone,56.4,23.5,Resolved,Yes,No,89.6,5,95.1
INT-02442,2025-05-17,Agent_11,App Crash,High,WhatsApp,99.5,45.9,Escalated,Yes,No,88.2,4,92.9
INT-00128,2025-05-17,Agent_14,App Crash,Low,Phone,120.3,89.2,Resolved,Yes,No,87.4,5,92.2
INT-04748,2025-05-17,Agent_18,Login Issue,High,Chat,122.6,78.6,Resolved,Yes,No,82.8,4,96.2
INT-03196,2025-05-17,Agent_17,Payment Issue,High,Email,63.6,33.1,Resolved,Yes,No,85.9,4,91.8
INT-04636,2025-05-17,Agent_04,Payment Issue,Medium,Email,116.6,43.1,Resolved,Yes,No,63.7,4,89.6
INT-02512,2025-05-17,Agent_16,Refund Issue,Low,Phone,96.4,24.8,Resolved,Yes,No,97.0,5,92.4
INT-00171,2025-05-17,Agent_13,Delivery Delay,High,Email,123.5,48.9,Escalated,No,No,70.1,4,89.9
INT-01437,2025-05-17,Agent_14,App Crash,High,Email,124.4,56.6,Escalated,Yes,No,85.4,4,96.7
INT-02980,2025-05-17,Agent_09,Product Defect,Medium,Chat,31.9,24.4,Resolved,No,No,83.8,5,90.8
INT-03107,2025-05-17,Agent_15,Payment Issue,High,Chat,36.2,50.0,Resolved,No,No,82.1,4,92.9
INT-02690,2025-05-17,Agent_16,Delivery Delay,Critical,Phone,167.7,47.7,In Progress,Yes,No,77.6,4,91.7
INT-03742,2025-05-17,Agent_13,Login Issue,High,Chat,111.3,42.8,Resolved,Yes,No,88.6,5,87.2
INT-02200,2025-05-17,Agent_07,Product Defect,Low,Email,76.6,28.8,Resolved,Yes,No,85.6,5,95.4
INT-00433,2025-05-17,Agent_01,Account Blocked,Medium,WhatsApp,47.6,46.4,Resolved,Yes,No,87.2,3,91.4
INT-04505,2025-05-17,Agent_07,Product Defect,High,Chat,46.7,57.1,Escalated,Yes,Yes,71.7,4,88.6
INT-04415,2025-05-17,Agent_20,App Crash,Medium,Email,19.5,31.0,Resolved,Yes,No,94.2,5,93.6
INT-00789,2025-05-18,Agent_05,App Crash,High,Email,186.0,40.2,In Progress,Yes,No,70.7,4,93.2
INT-04619,2025-05-18,Agent_06,Refund Issue,High,WhatsApp,97.9,44.0,Resolved,Yes,No,76.7,5,91.7
INT-00473,2025-05-18,Agent_02,Payment Issue,High,Email,179.4,31.9,In Progress,Yes,No,72.4,4,93.0
INT-02240,2025-05-18,Agent_03,Payment Issue,High,Phone,52.7,50.3,Resolved,Yes,No,85.6,5,88.3
INT-03595,2025-05-18,Agent_14,General Inquiry,Low,Phone,105.3,51.1,In Progress,No,No,90.7,5,93.0
INT-02928,2025-05-18,Agent_01,Refund Issue,Low,Phone,29.0,38.0,Resolved,Yes,No,74.9,4,81.5
INT-04151,2025-05-18,Agent_16,General Inquiry,High,Phone,105.6,27.2,Resolved,Yes,No,99.6,5,88.4
INT-03762,2025-05-18,Agent_13,App Crash,Medium,Phone,109.0,57.7,Resolved,Yes,No,89.7,4,93.4
INT-04419,2025-05-18,Agent_11,App Crash,Medium,Phone,58.0,26.7,Resolved,Yes,No,86.3,5,89.2
INT-03920,2025-05-18,Agent_09,Login Issue,High,Chat,34.6,31.3,Resolved,Yes,No,85.9,4,89.2
INT-03842,2025-05-18,Agent_19,Account Blocked,Low,Phone,209.5,13.4,Resolved,Yes,No,87.2,4,86.1
INT-01344,2025-05-18,Agent_19,Refund Issue,High,Phone,48.8,38.1,Resolved,Yes,No,91.4,5,92.7
INT-02565,2025-05-18,Agent_03,Account Blocked,High,WhatsApp,88.8,50.3,Resolved,Yes,No,78.5,4,89.1
INT-03827,2025-05-18,Agent_19,App Crash,Medium,Email,18.5,68.5,Resolved,Yes,No,92.0,5,89.5
INT-02480,2025-05-18,Agent_18,Product Defect,Low,WhatsApp,81.2,15.4,Resolved,No,No,82.5,5,97.4
INT-00529,2025-05-18,Agent_15,App Crash,Low,Phone,222.1,18.1,Resolved,No,No,84.1,4,100.0
INT-04796,2025-05-18,Agent_17,General Inquiry,High,WhatsApp,76.5,55.4,In Progress,No,No,90.6,5,99.3
INT-04899,2025-05-18,Agent_03,Payment Issue,Medium,Chat,155.5,35.8,In Progress,Yes,No,77.5,4,89.6
INT-00976,2025-05-18,Agent_03,General Inquiry,High,Phone,63.6,58.0,Resolved,Yes,No,74.6,4,97.6
INT-02713,2025-05-18,Agent_18,Account Blocked,Medium,Email,115.3,58.9,In Progress,No,No,83.0,4,94.0
INT-02785,2025-05-18,Agent_16,Refund Issue,Medium,WhatsApp,57.8,40.7,In Progress,Yes,No,87.6,5,99.0
INT-02839,2025-05-18,Agent_05,Delivery Delay,Medium,WhatsApp,192.9,30.6,Resolved,Yes,No,75.1,4,96.8
INT-01672,2025-05-18,Agent_07,General Inquiry,High,Email,171.7,54.3,Resolved,No,No,75.1,5,94.6
INT-04480,2025-05-18,Agent_13,General Inquiry,Critical,Chat,90.9,55.0,Resolved,Yes,No,84.6,5,96.4
INT-00890,2025-05-18,Agent_08,Login Issue,High,Phone,88.9,26.0,Escalated,Yes,No,82.7,5,85.2
INT-01633,2025-05-18,Agent_19,App Crash,Critical,Chat,240.0,54.7,Resolved,Yes,No,78.6,3,99.7
INT-03013,2025-05-19,Agent_09,Payment Issue,High,Phone,119.0,52.8,Resolved,No,No,71.6,4,94.4
INT-01685,2025-05-19,Agent_15,Payment Issue,Medium,Phone,49.2,34.7,Resolved,Yes,No,98.3,5,96.6
INT-04090,2025-05-19,Agent_02,General Inquiry,Low,Chat,22.4,5.2,Resolved,Yes,No,91.1,5,98.7
INT-03501,2025-05-19,Agent_13,General Inquiry,Medium,Chat,139.1,39.6,Escalated,Yes,Yes,73.0,3,83.1
INT-00966,2025-05-19,Agent_03,Login Issue,High,Chat,45.6,48.9,Escalated,Yes,Yes,72.6,4,81.3
INT-00097,2025-05-19,Agent_03,Login Issue,High,Phone,92.7,35.6,Escalated,Yes,No,73.9,4,94.6
INT-03293,2025-05-19,Agent_14,App Crash,Medium,Phone,122.7,33.3,Resolved,No,No,79.9,4,88.8
INT-03074,2025-05-19,Agent_02,Delivery Delay,Low,Phone,50.6,36.0,Resolved,Yes,No,66.8,4,83.6
INT-01959,2025-05-19,Agent_01,Delivery Delay,Low,Chat,73.3,31.6,Resolved,Yes,No,89.9,5,90.4
INT-03423,2025-05-19,Agent_05,Payment Issue,High,WhatsApp,197.5,37.1,Resolved,No,No,63.8,3,93.9
INT-01581,2025-05-19,Agent_06,App Crash,Critical,WhatsApp,105.1,43.9,Resolved,No,No,63.1,5,90.6
INT-02492,2025-05-19,Agent_02,Payment Issue,Critical,Chat,80.4,62.2,In Progress,No,No,65.4,4,91.8
INT-03048,2025-05-19,Agent_06,General Inquiry,Medium,WhatsApp,233.4,35.8,Escalated,Yes,No,82.8,3,82.8
INT-04798,2025-05-19,Agent_04,Login Issue,Medium,Phone,127.8,35.9,Resolved,Yes,No,78.8,4,98.8
INT-04193,2025-05-19,Agent_19,Refund Issue,Low,Chat,40.1,12.6,Resolved,No,No,98.4,5,97.8
INT-00214,2025-05-19,Agent_11,Refund Issue,Medium,Email,96.9,24.8,Resolved,No,No,76.6,4,92.1
INT-04524,2025-05-19,Agent_13,Delivery Delay,Medium,Email,71.7,30.0,Resolved,No,No,68.6,4,90.3
INT-03539,2025-05-19,Agent_07,Login Issue,Low,Email,67.1,28.8,Resolved,No,No,72.1,5,90.1
INT-03737,2025-05-19,Agent_01,Payment Issue,Medium,Email,43.8,52.3,Resolved,Yes,No,75.3,4,88.9
INT-03511,2025-05-19,Agent_03,Payment Issue,Low,Chat,161.0,15.3,Resolved,Yes,No,84.5,5,85.8
INT-02553,2025-05-19,Agent_04,App Crash,Medium,Email,36.4,22.6,In Progress,Yes,No,89.6,5,84.8
INT-04916,2025-05-19,Agent_04,Login Issue,High,Phone,77.5,48.5,Escalated,No,No,71.1,4,87.0
INT-01770,2025-05-19,Agent_16,Delivery Delay,Medium,Chat,63.4,50.2,Resolved,No,No,77.1,4,93.5
INT-04932,2025-05-19,Agent_17,Login Issue,Medium,Phone,61.7,22.8,Resolved,Yes,No,93.7,5,97.1
INT-04703,2025-05-19,Agent_10,Account Blocked,Medium,Email,71.0,80.1,Resolved,Yes,No,75.2,4,93.6
INT-03983,2025-05-19,Agent_02,Product Defect,Medium,Phone,47.4,45.8,Resolved,Yes,No,67.9,4,90.1
INT-01286,2025-05-20,Agent_16,Payment Issue,Low,Phone,220.7,30.9,Resolved,Yes,No,89.2,4,95.4
INT-04552,2025-05-20,Agent_15,Delivery Delay,Medium,Chat,180.3,55.2,Resolved,Yes,No,75.1,3,93.0
INT-01113,2025-05-20,Agent_13,Login Issue,Medium,Phone,73.1,33.2,In Progress,Yes,No,94.2,5,96.3
INT-00434,2025-05-20,Agent_03,Refund Issue,Low,Chat,156.5,25.0,Resolved,Yes,No,81.7,4,89.4
INT-04803,2025-05-20,Agent_17,General Inquiry,Low,Phone,20.7,10.6,Resolved,No,No,82.3,5,94.1
INT-04301,2025-05-20,Agent_20,App Crash,Medium,Email,75.6,78.3,In Progress,Yes,No,83.6,4,93.2
INT-04869,2025-05-20,Agent_07,Payment Issue,Low,Email,100.4,33.9,Resolved,No,No,74.0,4,95.0
INT-02588,2025-05-20,Agent_14,Login Issue,Low,Chat,119.0,63.2,Resolved,Yes,No,84.8,5,86.1
INT-00556,2025-05-20,Agent_03,Payment Issue,Critical,Chat,61.7,42.0,Resolved,Yes,No,69.6,4,84.9
INT-03537,2025-05-20,Agent_07,Payment Issue,Low,Chat,84.1,13.4,Resolved,No,No,90.3,5,95.0
INT-02883,2025-05-20,Agent_03,Account Blocked,Low,Email,50.8,15.7,Resolved,Yes,No,70.9,4,89.0
INT-01511,2025-05-20,Agent_04,Account Blocked,Medium,Email,130.1,38.9,Escalated,Yes,No,79.0,4,86.0
INT-02317,2025-05-20,Agent_18,General Inquiry,Medium,WhatsApp,55.4,44.9,Escalated,Yes,Yes,87.1,4,85.6
INT-00957,2025-05-20,Agent_04,General Inquiry,Medium,Chat,178.5,40.1,Resolved,Yes,No,84.7,4,93.1
INT-03778,2025-05-20,Agent_06,Refund Issue,Critical,Email,112.3,61.7,Resolved,No,No,67.7,4,90.7
INT-00569,2025-05-20,Agent_02,Delivery Delay,Medium,WhatsApp,106.2,34.3,Escalated,No,No,71.9,5,86.6
INT-00487,2025-05-20,Agent_05,Payment Issue,Low,WhatsApp,74.1,15.8,Escalated,Yes,No,72.4,4,96.6
INT-00251,2025-05-20,Agent_17,App Crash,Medium,Phone,50.9,27.6,Resolved,No,No,80.6,4,89.4
INT-02195,2025-05-21,Agent_06,Delivery Delay,High,Email,166.6,77.7,Escalated,No,No,64.6,4,90.3
INT-01476,2025-05-21,Agent_17,Delivery Delay,Medium,WhatsApp,69.3,21.4,Resolved,Yes,No,77.7,5,92.3
INT-03259,2025-05-21,Agent_18,Product Defect,Low,Email,55.4,16.6,Resolved,Yes,No,87.6,4,100.0
INT-01698,2025-05-21,Agent_05,Delivery Delay,Medium,Email,102.1,67.5,In Progress,No,No,63.1,4,88.3
INT-02628,2025-05-21,Agent_13,Payment Issue,High,Phone,70.2,41.9,Resolved,Yes,No,81.0,4,87.2
INT-03482,2025-05-21,Agent_05,General Inquiry,High,WhatsApp,74.3,77.0,In Progress,No,No,75.7,4,86.2
INT-01465,2025-05-21,Agent_14,App Crash,Low,Email,166.2,66.9,Resolved,No,No,73.2,4,96.5
INT-03750,2025-05-21,Agent_11,Account Blocked,Medium,Chat,121.3,29.5,Resolved,Yes,No,73.7,4,88.2
INT-03290,2025-05-21,Agent_13,Refund Issue,Critical,Email,83.9,66.4,Resolved,No,No,72.7,3,95.0
INT-04322,2025-05-21,Agent_17,Refund Issue,Medium,Chat,118.2,58.9,Resolved,Yes,No,94.8,5,91.9
INT-04226,2025-05-21,Agent_12,Account Blocked,Low,WhatsApp,58.9,35.8,Escalated,Yes,No,84.3,5,95.8
INT-04598,2025-05-21,Agent_17,Refund Issue,High,WhatsApp,133.6,46.1,Escalated,Yes,No,86.9,4,91.4
INT-00691,2025-05-21,Agent_13,Login Issue,High,Phone,100.0,31.7,In Progress,Yes,No,91.0,5,83.2
INT-00594,2025-05-21,Agent_20,Payment Issue,Low,WhatsApp,30.5,24.1,Resolved,No,No,87.5,5,97.4
INT-01114,2025-05-21,Agent_11,Refund Issue,Medium,Chat,119.3,49.3,Escalated,No,No,75.5,4,92.9
INT-04167,2025-05-21,Agent_20,Account Blocked,Low,Phone,95.0,42.4,Resolved,No,No,89.6,4,93.8
INT-02083,2025-05-21,Agent_06,General Inquiry,Low,Email,100.6,61.7,In Progress,No,No,76.8,4,91.9
INT-00626,2025-05-21,Agent_07,Payment Issue,Critical,Chat,140.7,67.2,Resolved,Yes,No,67.0,4,85.9
INT-01860,2025-05-21,Agent_11,Product Defect,High,Phone,41.9,30.0,Resolved,No,No,68.6,4,88.3
INT-04041,2025-05-21,Agent_09,Login Issue,Low,Phone,159.2,55.2,Resolved,No,No,87.4,5,92.2
INT-03508,2025-05-21,Agent_09,Payment Issue,High,WhatsApp,59.0,60.7,Resolved,Yes,No,76.9,4,92.0
INT-01201,2025-05-21,Agent_15,Refund Issue,Critical,Email,76.4,50.1,In Progress,Yes,No,69.4,4,88.9
INT-01078,2025-05-21,Agent_03,Payment Issue,Low,Phone,230.6,40.3,Resolved,No,No,75.1,4,84.8
INT-03793,2025-05-21,Agent_05,App Crash,High,Phone,133.4,33.6,Resolved,No,No,69.0,3,92.2
INT-02148,2025-05-21,Agent_15,Payment Issue,Medium,WhatsApp,107.4,26.8,Resolved,No,No,84.1,4,85.0
INT-04646,2025-05-21,Agent_11,Refund Issue,Critical,Phone,123.0,50.2,Escalated,Yes,Yes,77.2,3,86.0
INT-02507,2025-05-21,Agent_05,Payment Issue,Low,Phone,87.7,52.1,In Progress,Yes,No,88.1,5,92.3
INT-03960,2025-05-21,Agent_05,General Inquiry,Medium,WhatsApp,25.4,11.4,Resolved,Yes,No,81.9,4,93.0
INT-00505,2025-05-21,Agent_01,Account Blocked,High,Phone,163.8,31.5,Resolved,Yes,No,78.9,5,95.6
INT-04006,2025-05-21,Agent_07,App Crash,Medium,Chat,121.0,38.1,Resolved,Yes,No,80.1,4,87.9
INT-03623,2025-05-21,Agent_06,App Crash,Critical,WhatsApp,56.7,59.6,Resolved,Yes,No,76.0,4,87.8
INT-02177,2025-05-21,Agent_20,App Crash,High,WhatsApp,56.8,36.3,Resolved,Yes,No,85.3,5,99.7
INT-02417,2025-05-21,Agent_08,General Inquiry,Critical,Phone,83.5,96.0,Escalated,Yes,Yes,72.0,4,83.4
INT-02404,2025-05-21,Agent_06,Delivery Delay,Medium,Chat,115.9,31.7,Resolved,Yes,No,76.8,5,91.7
INT-00552,2025-05-21,Agent_16,Refund Issue,Medium,Chat,150.6,88.0,Resolved,No,No,81.1,4,92.2
INT-03841,2025-05-22,Agent_15,General Inquiry,Medium,Phone,116.4,20.7,Resolved,Yes,No,87.2,4,94.1
INT-00377,2025-05-22,Agent_17,Product Defect,Medium,WhatsApp,52.7,30.1,Escalated,Yes,No,95.8,5,92.0
INT-01565,2025-05-22,Agent_17,App Crash,Low,WhatsApp,19.1,25.5,Resolved,Yes,No,88.8,4,90.2
INT-03104,2025-05-22,Agent_02,Payment Issue,Medium,Phone,73.0,44.1,Resolved,Yes,No,81.9,4,94.0
INT-02059,2025-05-22,Agent_03,Product Defect,Low,Phone,44.0,23.2,Resolved,Yes,No,79.3,4,85.4
INT-02340,2025-05-22,Agent_04,Login Issue,Low,Email,57.9,15.0,Resolved,Yes,No,91.2,5,91.5
INT-02867,2025-05-22,Agent_12,Account Blocked,Medium,Phone,105.5,27.9,Resolved,Yes,No,82.3,5,95.6
INT-00582,2025-05-22,Agent_08,Payment Issue,Low,Phone,64.2,65.0,Resolved,Yes,No,86.6,5,93.8
INT-00125,2025-05-22,Agent_08,Payment Issue,Medium,Phone,80.3,62.9,Resolved,No,No,71.0,4,89.0
INT-03165,2025-05-22,Agent_07,Account Blocked,Medium,Email,111.9,28.6,In Progress,Yes,No,82.5,4,93.3
INT-03118,2025-05-22,Agent_20,App Crash,High,Phone,100.7,72.2,Resolved,Yes,No,89.4,5,100.0
INT-03343,2025-05-22,Agent_10,Login Issue,Critical,Phone,75.8,54.3,Resolved,Yes,No,77.8,5,90.7
INT-00961,2025-05-22,Agent_04,App Crash,Medium,Chat,54.5,21.0,Resolved,Yes,No,85.2,5,93.7
INT-00286,2025-05-22,Agent_03,Product Defect,High,Phone,48.5,56.5,Resolved,Yes,No,82.0,5,86.0
INT-01497,2025-05-22,Agent_10,General Inquiry,Medium,Phone,77.4,42.8,Resolved,Yes,No,88.6,5,84.9
INT-04957,2025-05-22,Agent_13,Product Defect,Medium,WhatsApp,101.8,22.4,Escalated,Yes,Yes,80.8,4,82.1
INT-00765,2025-05-22,Agent_13,Payment Issue,Medium,Email,22.0,49.5,In Progress,Yes,No,88.9,4,86.7
INT-03253,2025-05-22,Agent_12,General Inquiry,Low,Chat,79.3,8.8,Resolved,Yes,No,93.5,5,89.7
INT-03151,2025-05-22,Agent_15,Payment Issue,Medium,Email,69.8,39.5,Escalated,Yes,Yes,76.5,4,90.2
INT-03644,2025-05-22,Agent_08,Delivery Delay,Medium,Email,59.9,66.5,Resolved,No,No,65.8,4,90.2
INT-01263,2025-05-22,Agent_18,Account Blocked,Critical,Chat,94.6,44.9,Resolved,Yes,No,82.5,4,88.9
INT-02358,2025-05-23,Agent_18,Refund Issue,Low,Phone,79.3,29.5,Resolved,No,No,81.9,5,88.7
INT-04878,2025-05-23,Agent_20,Account Blocked,Medium,Phone,73.3,46.2,Resolved,Yes,No,90.2,4,94.0
INT-03621,2025-05-23,Agent_18,Product Defect,Low,Chat,63.3,27.2,In Progress,No,No,86.2,4,93.1
INT-02236,2025-05-23,Agent_01,App Crash,High,Phone,132.1,39.3,Resolved,Yes,No,82.7,5,95.5
INT-03456,2025-05-23,Agent_05,Refund Issue,Low,WhatsApp,56.7,22.9,Resolved,Yes,No,78.2,5,97.3
INT-02982,2025-05-23,Agent_09,Delivery Delay,Medium,WhatsApp,88.7,24.1,Resolved,Yes,No,78.2,5,88.5
INT-02378,2025-05-23,Agent_13,App Crash,Low,WhatsApp,82.2,32.6,Escalated,Yes,No,81.7,5,89.4
INT-01922,2025-05-23,Agent_01,Payment Issue,Medium,Phone,39.9,18.2,Escalated,No,Yes,52.4,3,89.5
INT-01151,2025-05-23,Agent_19,Product Defect,Low,Phone,67.7,49.1,In Progress,Yes,No,96.6,5,100.0
INT-04110,2025-05-23,Agent_02,Refund Issue,Medium,Chat,67.9,30.1,Resolved,Yes,No,72.6,4,90.5
INT-00140,2025-05-23,Agent_13,Payment Issue,Critical,Phone,75.7,47.1,Escalated,No,No,74.0,4,92.0
INT-04630,2025-05-23,Agent_16,General Inquiry,Medium,Phone,179.7,22.8,Resolved,Yes,No,89.0,4,100.0
INT-03098,2025-05-23,Agent_12,App Crash,Critical,Phone,100.6,53.1,Resolved,Yes,No,88.8,5,89.6
INT-03910,2025-05-23,Agent_10,Delivery Delay,Low,Phone,57.6,62.8,Escalated,Yes,Yes,74.5,3,88.7
INT-00661,2025-05-23,Agent_17,Payment Issue,Medium,Chat,37.2,24.5,Resolved,Yes,No,96.7,5,96.1
INT-00379,2025-05-23,Agent_13,General Inquiry,Medium,WhatsApp,58.1,31.1,In Progress,Yes,No,94.2,5,92.7
INT-02092,2025-05-23,Agent_16,Refund Issue,Medium,Phone,62.9,29.6,Resolved,Yes,No,93.5,5,97.4
INT-02095,2025-05-23,Agent_12,Login Issue,Medium,Email,40.4,74.5,In Progress,Yes,No,81.0,5,93.8
INT-03559,2025-05-23,Agent_20,Payment Issue,Medium,Chat,73.0,43.7,Resolved,Yes,No,97.4,5,89.5
INT-03334,2025-05-23,Agent_01,Login Issue,Medium,Chat,66.6,28.6,Escalated,Yes,No,83.2,5,93.9
INT-02857,2025-05-23,Agent_14,Payment Issue,High,Phone,66.4,36.3,In Progress,Yes,No,92.6,5,91.2
INT-02860,2025-05-23,Agent_13,Payment Issue,Medium,Chat,50.9,38.5,Resolved,No,No,80.3,5,95.9
INT-03748,2025-05-23,Agent_07,Delivery Delay,Medium,Email,88.4,41.8,In Progress,Yes,No,78.1,5,89.6
INT-04951,2025-05-23,Agent_01,Account Blocked,Medium,Phone,88.2,45.7,Resolved,Yes,No,82.4,4,90.8
INT-01819,2025-05-23,Agent_14,Product Defect,High,Chat,88.1,40.1,In Progress,No,No,76.1,5,94.7
INT-01507,2025-05-23,Agent_07,Payment Issue,Medium,Phone,70.9,20.8,Resolved,Yes,No,90.1,5,98.8
INT-00989,2025-05-23,Agent_02,App Crash,High,Email,75.8,49.1,Escalated,Yes,No,84.9,5,91.5
INT-02774,2025-05-23,Agent_03,Product Defect,Medium,Chat,133.7,33.0,Resolved,Yes,No,78.5,4,90.1
INT-02555,2025-05-23,Agent_15,Refund Issue,Low,WhatsApp,75.4,36.8,Resolved,Yes,No,92.5,5,90.1
INT-01044,2025-05-23,Agent_17,Login Issue,Medium,Chat,77.4,36.6,Resolved,Yes,No,93.0,5,99.0
INT-02941,2025-05-23,Agent_01,Delivery Delay,Low,Phone,54.2,19.8,Resolved,Yes,No,75.6,4,91.5
INT-02141,2025-05-23,Agent_19,General Inquiry,Medium,Chat,43.4,22.0,Resolved,Yes,No,97.4,5,100.0
INT-01419,2025-05-23,Agent_05,App Crash,Medium,WhatsApp,139.4,39.4,Resolved,Yes,No,73.9,4,82.6
INT-00415,2025-05-24,Agent_19,Account Blocked,High,Email,147.7,75.6,Escalated,No,Yes,73.1,3,90.7
INT-02313,2025-05-24,Agent_01,Payment Issue,Critical,Phone,84.8,40.0,Resolved,Yes,No,75.9,4,85.1
INT-02596,2025-05-24,Agent_01,Payment Issue,Medium,Chat,128.6,15.1,In Progress,Yes,No,77.5,4,89.3
INT-02316,2025-05-24,Agent_07,Delivery Delay,Medium,Chat,20.3,40.0,Resolved,Yes,No,81.6,5,85.1
INT-04879,2025-05-24,Agent_03,Delivery Delay,Low,Phone,108.4,26.7,Resolved,Yes,No,75.0,4,91.5
INT-02841,2025-05-24,Agent_12,App Crash,Medium,Chat,139.1,19.0,In Progress,No,No,76.2,4,93.7
INT-02670,2025-05-24,Agent_01,Payment Issue,Low,Email,77.6,27.6,Resolved,Yes,No,88.0,4,95.2
INT-02320,2025-05-24,Agent_18,App Crash,Critical,Phone,87.2,39.3,Resolved,Yes,No,90.6,5,90.7
INT-02160,2025-05-24,Agent_12,Delivery Delay,Medium,Phone,52.2,28.1,Escalated,Yes,No,85.6,4,88.7
INT-02782,2025-05-24,Agent_19,Refund Issue,Medium,Phone,129.0,17.9,Resolved,Yes,No,87.7,4,89.0
INT-00565,2025-05-24,Agent_12,App Crash,High,Email,179.2,30.1,Resolved,Yes,No,83.9,4,93.6
INT-02450,2025-05-24,Agent_13,Delivery Delay,High,Phone,125.3,69.6,Resolved,No,No,68.9,4,80.6
INT-04775,2025-05-24,Agent_14,Delivery Delay,Low,Phone,83.1,36.0,In Progress,Yes,No,87.5,4,89.4
INT-00460,2025-05-24,Agent_07,Login Issue,Medium,Chat,134.5,29.3,Resolved,Yes,No,79.0,5,94.5
INT-00376,2025-05-24,Agent_15,Payment Issue,High,Email,81.4,37.5,Escalated,Yes,No,75.8,4,90.8
INT-00806,2025-05-24,Agent_09,Delivery Delay,Critical,Phone,92.4,52.3,Resolved,Yes,No,79.4,4,88.8
INT-00215,2025-05-24,Agent_17,General Inquiry,Medium,Phone,121.1,21.9,Escalated,No,No,83.5,5,100.0
INT-04995,2025-05-24,Agent_16,Refund Issue,Medium,Phone,62.1,35.9,Escalated,Yes,No,86.9,5,89.6
INT-04681,2025-05-24,Agent_17,Login Issue,Low,Email,26.8,35.5,Resolved,Yes,No,92.4,5,90.4
INT-00243,2025-05-24,Agent_19,Payment Issue,Medium,Chat,99.6,27.8,Resolved,Yes,No,93.5,5,99.7
INT-00453,2025-05-24,Agent_15,Refund Issue,Critical,Phone,82.6,46.0,In Progress,No,No,76.0,4,83.0
INT-03659,2025-05-24,Agent_17,Account Blocked,High,Phone,149.8,38.1,Resolved,Yes,No,80.2,4,98.2
INT-03357,2025-05-24,Agent_01,Product Defect,High,Phone,80.3,42.2,Resolved,Yes,No,71.1,4,86.9
INT-00575,2025-05-24,Agent_08,Refund Issue,Critical,Email,71.0,71.8,Resolved,Yes,No,79.0,5,87.7
INT-02704,2025-05-24,Agent_03,Account Blocked,Medium,Phone,92.1,39.4,Resolved,Yes,No,78.6,4,96.2
INT-01211,2025-05-24,Agent_13,Refund Issue,High,Chat,118.8,27.4,In Progress,Yes,No,83.1,5,95.6
INT-01261,2025-05-24,Agent_12,Refund Issue,High,WhatsApp,169.1,45.1,Resolved,Yes,No,78.6,4,93.1
INT-00668,2025-05-24,Agent_11,General Inquiry,Medium,Email,72.2,28.9,Resolved,Yes,No,92.6,4,100.0
INT-02917,2025-05-24,Agent_19,General Inquiry,High,Email,68.3,21.5,Resolved,Yes,No,88.2,4,88.5
INT-00790,2025-05-25,Agent_13,General Inquiry,Low,WhatsApp,81.3,9.7,Resolved,Yes,No,94.8,5,91.5
INT-01791,2025-05-25,Agent_03,General Inquiry,Medium,WhatsApp,37.4,31.7,Resolved,Yes,No,79.9,4,91.4
INT-03105,2025-05-25,Agent_07,Payment Issue,Critical,Phone,100.9,52.7,Resolved,No,No,67.9,5,90.9
INT-03655,2025-05-25,Agent_12,Refund Issue,Medium,Phone,62.2,62.4,Resolved,Yes,No,77.8,4,97.7
INT-01428,2025-05-25,Agent_15,Refund Issue,High,WhatsApp,89.7,35.2,Resolved,Yes,No,87.5,5,94.1
INT-04774,2025-05-25,Agent_03,Login Issue,Medium,Phone,53.5,20.2,Resolved,Yes,No,81.0,4,88.6
INT-01671,2025-05-25,Agent_10,Account Blocked,Critical,Chat,95.2,60.5,Resolved,Yes,No,78.5,5,86.5
INT-03475,2025-05-25,Agent_07,Product Defect,Medium,Email,85.5,32.2,Escalated,No,Yes,55.7,4,92.0
INT-01046,2025-05-25,Agent_13,Product Defect,Medium,Chat,131.7,22.5,Resolved,No,No,81.2,5,84.8
INT-04429,2025-05-25,Agent_18,Refund Issue,Medium,Phone,88.1,40.4,Resolved,Yes,No,84.5,5,94.7
INT-00610,2025-05-25,Agent_02,Refund Issue,High,Phone,117.3,34.7,In Progress,Yes,No,73.6,4,89.1
INT-03524,2025-05-25,Agent_04,General Inquiry,Low,WhatsApp,68.3,27.4,Escalated,No,No,83.4,5,92.8
INT-02770,2025-05-25,Agent_16,Refund Issue,Medium,Phone,192.3,44.8,Resolved,Yes,No,92.9,3,98.9
INT-01739,2025-05-25,Agent_09,App Crash,Medium,WhatsApp,51.9,54.7,Resolved,Yes,No,78.7,4,89.5
INT-03241,2025-05-25,Agent_16,Login Issue,Medium,Phone,90.5,34.7,Resolved,Yes,No,92.3,5,88.1
INT-00735,2025-05-25,Agent_02,Product Defect,Critical,Chat,107.9,45.0,Resolved,Yes,No,76.4,5,80.9
INT-03757,2025-05-25,Agent_12,Refund Issue,Medium,Email,56.8,76.0,Escalated,Yes,Yes,85.4,4,81.0
INT-03781,2025-05-25,Agent_07,Account Blocked,High,Chat,128.5,58.3,Resolved,Yes,No,72.0,4,90.5
INT-04605,2025-05-25,Agent_07,App Crash,Low,Email,72.9,17.6,Resolved,Yes,No,88.8,5,96.8
INT-01946,2025-05-25,Agent_20,Login Issue,High,Chat,110.8,46.4,Resolved,Yes,No,93.4,5,99.1
INT-02528,2025-05-25,Agent_13,Login Issue,High,Chat,164.9,60.5,In Progress,Yes,No,76.5,4,92.1
INT-02315,2025-05-25,Agent_15,Product Defect,High,Chat,100.6,60.2,Escalated,No,Yes,62.9,4,95.4
INT-04302,2025-05-25,Agent_15,Delivery Delay,High,Phone,229.1,40.4,In Progress,Yes,No,68.7,4,92.8
INT-01346,2025-05-25,Agent_15,App Crash,High,WhatsApp,98.9,42.4,Resolved,Yes,No,85.6,5,94.8
INT-00208,2025-05-25,Agent_11,General Inquiry,Medium,Phone,62.7,33.1,Resolved,No,No,84.6,4,94.1
INT-04085,2025-05-25,Agent_15,Account Blocked,Low,Chat,96.0,49.5,Resolved,No,No,86.2,5,92.3
INT-00422,2025-05-25,Agent_19,General Inquiry,Medium,Chat,177.3,29.5,In Progress,No,No,88.3,4,100.0
INT-00293,2025-05-25,Agent_12,Refund Issue,High,Chat,109.9,45.2,Escalated,Yes,No,77.7,4,92.0
INT-00760,2025-05-25,Agent_04,Payment Issue,Medium,Chat,83.9,65.5,Resolved,Yes,No,83.2,5,91.8
INT-02046,2025-05-25,Agent_04,Refund Issue,Medium,Chat,46.3,30.7,Resolved,Yes,No,74.0,4,93.6
INT-00688,2025-05-25,Agent_18,App Crash,Low,Phone,42.5,25.5,Resolved,Yes,No,86.4,5,90.5
INT-01556,2025-05-25,Agent_12,Payment Issue,Medium,Phone,59.3,23.7,Resolved,Yes,No,90.9,5,98.0
INT-03676,2025-05-25,Agent_17,Payment Issue,Critical,Chat,92.6,72.7,Escalated,Yes,Yes,74.0,4,85.1
INT-00886,2025-05-25,Agent_17,App Crash,High,Phone,70.1,38.7,Resolved,Yes,No,87.1,5,93.6
INT-00591,2025-05-25,Agent_10,Refund Issue,High,Chat,201.9,67.1,In Progress,No,No,65.0,3,83.3
INT-02421,2025-05-26,Agent_08,Payment Issue,High,Phone,80.4,30.9,Resolved,Yes,No,83.2,4,88.9
INT-01588,2025-05-26,Agent_02,Account Blocked,High,Phone,46.6,50.6,Resolved,Yes,No,77.1,5,89.9
INT-00893,2025-05-26,Agent_15,Delivery Delay,Critical,WhatsApp,146.8,80.5,Resolved,Yes,No,74.2,4,88.8
INT-04860,2025-05-26,Agent_18,General Inquiry,Low,Chat,19.4,2.9,Resolved,Yes,No,100.0,5,98.3
INT-03419,2025-05-26,Agent_16,Payment Issue,Critical,Chat,180.4,67.0,Resolved,Yes,No,90.8,4,87.3
INT-02223,2025-05-26,Agent_01,App Crash,Medium,Phone,16.9,29.2,Resolved,Yes,No,76.2,4,84.4
INT-04246,2025-05-26,Agent_08,General Inquiry,Medium,Phone,96.7,31.3,Resolved,Yes,No,94.3,5,91.7
INT-01445,2025-05-26,Agent_08,Delivery Delay,High,Chat,92.5,43.5,Resolved,No,No,72.5,5,83.1
INT-04933,2025-05-26,Agent_14,Login Issue,Low,Chat,68.0,22.4,Resolved,Yes,No,86.5,5,89.2
INT-00657,2025-05-26,Agent_20,Product Defect,High,Email,86.0,30.8,Resolved,Yes,No,91.6,5,99.0
INT-04807,2025-05-26,Agent_04,Delivery Delay,High,Chat,91.9,47.6,Resolved,No,No,67.7,4,91.6
INT-01031,2025-05-26,Agent_04,App Crash,Critical,Phone,132.1,44.1,Resolved,Yes,No,73.1,4,84.9
INT-02249,2025-05-26,Agent_12,App Crash,Medium,Phone,42.9,31.4,Resolved,Yes,No,95.5,5,93.0
INT-00276,2025-05-26,Agent_14,Delivery Delay,Medium,WhatsApp,48.8,57.9,In Progress,Yes,No,85.5,5,94.1
INT-02164,2025-05-26,Agent_05,Product Defect,Low,Phone,86.6,47.9,Resolved,No,No,81.2,4,88.3
INT-00071,2025-05-26,Agent_13,App Crash,Medium,WhatsApp,109.1,45.7,Resolved,No,No,76.9,4,90.8
INT-00708,2025-05-26,Agent_09,Refund Issue,Medium,Phone,95.7,50.6,Resolved,Yes,No,81.2,4,90.5
INT-01501,2025-05-26,Agent_04,Delivery Delay,Critical,Email,140.7,88.3,Resolved,No,No,55.5,4,97.3
INT-03379,2025-05-26,Agent_05,Account Blocked,Medium,Phone,80.1,31.5,Resolved,Yes,No,81.3,4,94.1
INT-02605,2025-05-26,Agent_02,Product Defect,Low,WhatsApp,58.9,59.2,Resolved,No,No,63.4,4,88.9
INT-00587,2025-05-26,Agent_12,General Inquiry,Medium,WhatsApp,62.6,20.5,Resolved,Yes,No,100.0,5,96.9
INT-01319,2025-05-26,Agent_20,Account Blocked,Low,Phone,27.5,32.7,Resolved,Yes,No,95.0,4,90.5
INT-03321,2025-05-26,Agent_17,Login Issue,Medium,Phone,66.9,25.5,In Progress,Yes,No,95.8,5,91.7
INT-02761,2025-05-26,Agent_17,Delivery Delay,Medium,Chat,36.4,73.8,Resolved,Yes,No,80.9,4,90.5
INT-04708,2025-05-26,Agent_13,Account Blocked,Medium,Chat,69.8,24.1,Resolved,Yes,No,98.9,4,91.4
INT-03789,2025-05-26,Agent_11,Account Blocked,Low,Phone,122.4,40.8,Resolved,Yes,No,92.7,5,93.8
INT-01875,2025-05-26,Agent_17,Product Defect,Medium,WhatsApp,78.1,32.4,Escalated,Yes,No,87.7,5,89.2
INT-01864,2025-05-27,Agent_03,Refund Issue,High,Email,86.9,71.9,Resolved,Yes,No,81.0,4,95.8
INT-00820,2025-05-27,Agent_03,Refund Issue,High,WhatsApp,58.9,55.7,Resolved,Yes,No,74.4,4,92.9
INT-03528,2025-05-27,Agent_20,Login Issue,Low,Phone,132.4,14.7,Resolved,Yes,No,96.5,4,96.4
INT-03581,2025-05-27,Agent_03,Payment Issue,Low,Phone,44.7,49.6,Escalated,Yes,No,85.0,5,93.8
INT-04271,2025-05-27,Agent_12,Product Defect,Medium,WhatsApp,48.5,55.6,Resolved,Yes,No,75.9,4,92.0
INT-03548,2025-05-27,Agent_13,Product Defect,Medium,Chat,28.2,48.7,Resolved,Yes,No,90.6,5,97.5
INT-02743,2025-05-27,Agent_20,Refund Issue,Low,Chat,100.8,20.7,In Progress,Yes,No,90.3,4,99.0
INT-02740,2025-05-27,Agent_19,General Inquiry,Medium,WhatsApp,110.1,75.1,Escalated,No,Yes,78.2,4,92.8
INT-04698,2025-05-27,Agent_15,Login Issue,Low,Email,151.8,4.8,Resolved,Yes,No,90.4,4,98.4
INT-04448,2025-05-27,Agent_14,App Crash,Medium,Phone,72.0,29.3,Escalated,Yes,No,87.3,5,94.5
INT-04327,2025-05-27,Agent_18,Delivery Delay,Medium,Chat,43.9,44.6,Resolved,Yes,No,91.5,5,89.9
INT-04098,2025-05-27,Agent_01,Refund Issue,Medium,Phone,57.9,91.6,Resolved,Yes,No,73.2,4,89.3
INT-02795,2025-05-27,Agent_10,General Inquiry,Low,Email,127.6,32.3,Resolved,No,No,77.9,5,95.7
INT-00655,2025-05-27,Agent_19,Refund Issue,High,Email,54.0,34.2,Resolved,Yes,No,82.3,4,100.0
INT-04116,2025-05-27,Agent_17,Payment Issue,Low,Email,54.6,7.3,Resolved,No,No,80.8,5,92.5
INT-02968,2025-05-27,Agent_14,Delivery Delay,Low,Phone,44.0,27.2,Escalated,No,Yes,71.4,4,84.1
INT-04372,2025-05-27,Agent_11,Delivery Delay,Critical,Phone,128.1,56.9,Resolved,Yes,No,79.5,4,87.4
INT-02878,2025-05-27,Agent_11,App Crash,Medium,WhatsApp,101.4,32.1,Resolved,Yes,No,81.3,5,93.5
INT-01720,2025-05-27,Agent_13,Delivery Delay,Low,Email,86.5,47.6,Resolved,Yes,No,81.4,5,94.1
INT-00256,2025-05-27,Agent_03,Account Blocked,High,Chat,90.8,56.8,Escalated,Yes,No,66.2,4,88.5
INT-00421,2025-05-27,Agent_03,General Inquiry,Low,Chat,54.8,45.7,Resolved,Yes,No,82.9,4,86.2
INT-00225,2025-05-27,Agent_09,Payment Issue,Medium,Chat,109.8,53.9,Resolved,Yes,No,77.3,4,87.8
INT-03327,2025-05-27,Agent_05,Delivery Delay,Medium,Chat,143.4,53.2,Resolved,Yes,No,73.6,4,87.0
INT-02224,2025-05-27,Agent_07,Login Issue,Medium,Email,76.6,39.8,In Progress,Yes,No,95.1,4,88.4
INT-00314,2025-05-27,Agent_14,Payment Issue,Critical,Chat,183.1,39.0,Escalated,Yes,Yes,68.4,3,87.1
INT-03122,2025-05-27,Agent_10,App Crash,Medium,WhatsApp,67.8,30.3,Resolved,Yes,No,94.0,5,84.6
INT-03211,2025-05-27,Agent_13,Delivery Delay,Medium,Email,67.2,69.3,In Progress,Yes,No,82.8,4,95.2
INT-03741,2025-05-27,Agent_11,App Crash,Medium,Chat,99.0,41.3,Escalated,Yes,No,79.2,4,88.7
INT-04628,2025-05-27,Agent_07,Login Issue,Low,Email,25.5,37.1,Resolved,Yes,No,90.6,5,94.4
INT-00557,2025-05-27,Agent_16,Account Blocked,Low,WhatsApp,64.7,17.3,Resolved,No,No,82.4,4,94.0
INT-00223,2025-05-27,Agent_19,Refund Issue,Low,Chat,46.4,40.4,Resolved,Yes,No,93.4,5,95.2
INT-02057,2025-05-27,Agent_05,Product Defect,Medium,Chat,105.8,55.8,In Progress,Yes,No,78.0,4,94.0
INT-03681,2025-05-27,Agent_06,App Crash,Low,Email,48.6,19.1,Escalated,Yes,Yes,69.9,4,88.5
INT-01272,2025-05-27,Agent_10,Payment Issue,High,Phone,129.5,61.8,In Progress,No,No,68.3,4,96.6
INT-00199,2025-05-27,Agent_15,Payment Issue,High,Phone,119.3,40.8,In Progress,Yes,No,86.9,4,86.5
INT-02097,2025-05-27,Agent_04,General Inquiry,Low,Phone,32.8,28.7,Resolved,Yes,No,88.7,5,89.2
INT-00474,2025-05-27,Agent_11,Product Defect,Medium,Email,59.3,30.8,Resolved,Yes,No,86.5,5,96.8
INT-01608,2025-05-27,Agent_12,General Inquiry,Critical,Chat,114.2,43.0,Resolved,Yes,No,71.8,4,89.0
INT-03292,2025-05-27,Agent_04,Delivery Delay,Medium,Chat,42.8,49.1,Escalated,Yes,No,69.8,4,87.6
INT-01275,2025-05-27,Agent_18,Login Issue,Critical,Phone,93.2,54.7,Resolved,No,No,72.4,3,85.1
INT-01800,2025-05-28,Agent_12,App Crash,Critical,Chat,73.6,64.4,Escalated,Yes,No,71.9,4,88.2
INT-04370,2025-05-28,Agent_15,General Inquiry,High,WhatsApp,148.5,64.3,Resolved,No,No,73.1,4,94.1
INT-00221,2025-05-28,Agent_05,Product Defect,Critical,Email,88.2,44.6,In Progress,No,No,66.1,4,91.8
INT-02548,2025-05-28,Agent_01,Login Issue,High,WhatsApp,186.2,53.5,Resolved,No,No,62.0,3,88.4
INT-04076,2025-05-28,Agent_05,Login Issue,High,WhatsApp,84.6,31.7,Resolved,No,No,77.6,5,87.2
INT-04959,2025-05-28,Agent_18,Login Issue,Low,Email,64.0,19.9,Resolved,Yes,No,93.1,5,95.8
INT-01893,2025-05-28,Agent_17,Payment Issue,Medium,Phone,91.8,35.5,In Progress,Yes,No,88.2,5,99.2
INT-04053,2025-05-28,Agent_09,App Crash,Critical,Phone,94.7,38.2,In Progress,No,No,76.1,5,88.6
INT-03036,2025-05-28,Agent_19,Payment Issue,Critical,WhatsApp,84.2,37.9,Resolved,Yes,No,81.6,5,90.6
INT-04987,2025-05-28,Agent_02,Product Defect,Low,Chat,36.7,18.5,Resolved,Yes,No,87.4,4,85.5
INT-03694,2025-05-28,Agent_18,Refund Issue,Medium,Email,93.2,42.0,Escalated,Yes,No,95.4,5,92.2
INT-01665,2025-05-28,Agent_09,Refund Issue,Critical,Email,78.9,61.8,Escalated,No,No,70.5,4,83.1
INT-00629,2025-05-28,Agent_06,Payment Issue,Medium,Email,52.0,15.8,Escalated,Yes,No,82.9,5,96.9
INT-00259,2025-05-28,Agent_01,Product Defect,Low,Chat,59.8,43.9,Resolved,No,No,75.6,5,92.7
INT-01755,2025-05-28,Agent_12,App Crash,High,Phone,160.3,38.9,Resolved,Yes,No,81.1,5,91.8
INT-04276,2025-05-28,Agent_04,Product Defect,Medium,Email,58.2,53.3,Resolved,Yes,No,78.4,5,87.7
INT-03416,2025-05-28,Agent_15,Delivery Delay,Low,Email,68.6,40.6,Resolved,Yes,No,98.4,4,89.6
INT-01282,2025-05-28,Agent_13,Refund Issue,Critical,Phone,103.5,60.8,Escalated,No,Yes,59.3,3,87.6
INT-01102,2025-05-28,Agent_14,Delivery Delay,Medium,Email,68.1,52.4,Resolved,Yes,No,88.4,5,93.1
INT-02859,2025-05-28,Agent_19,Delivery Delay,Medium,Email,61.2,30.8,Resolved,Yes,No,76.4,4,97.4
INT-00226,2025-05-28,Agent_17,App Crash,High,Phone,81.9,82.6,Resolved,Yes,No,85.2,5,93.9
INT-01992,2025-05-28,Agent_16,Delivery Delay,Critical,Phone,50.9,70.4,Resolved,Yes,No,77.3,5,85.4
INT-01528,2025-05-28,Agent_17,Product Defect,Low,Chat,95.1,56.6,In Progress,Yes,No,88.4,4,96.3
INT-02772,2025-05-28,Agent_14,Product Defect,Critical,WhatsApp,91.0,60.0,Resolved,No,No,56.9,4,95.5
INT-00289,2025-05-28,Agent_16,General Inquiry,Medium,Email,91.7,55.5,Resolved,No,No,84.5,4,93.5
INT-03265,2025-05-28,Agent_11,Login Issue,Medium,Email,108.7,66.7,Resolved,Yes,No,72.6,5,91.7
INT-03088,2025-05-28,Agent_02,General Inquiry,Medium,Phone,45.2,22.9,In Progress,Yes,No,79.4,4,89.1
INT-01377,2025-05-28,Agent_04,Account Blocked,High,Email,56.4,30.7,Resolved,Yes,No,85.7,4,93.1
INT-04330,2025-05-28,Agent_13,Payment Issue,Low,Phone,41.0,15.2,Resolved,Yes,No,88.5,5,99.4
INT-01193,2025-05-28,Agent_18,Delivery Delay,Critical,Chat,64.8,92.9,Escalated,Yes,Yes,69.7,3,88.7
INT-02096,2025-05-29,Agent_02,Login Issue,High,WhatsApp,120.4,59.7,Escalated,Yes,Yes,68.9,4,84.4
INT-00723,2025-05-29,Agent_09,Payment Issue,Critical,WhatsApp,77.8,55.2,Resolved,Yes,No,88.4,4,86.7
INT-02682,2025-05-29,Agent_13,Refund Issue,Medium,WhatsApp,240.0,79.2,Resolved,Yes,No,82.9,4,92.3
INT-04922,2025-05-29,Agent_11,Account Blocked,Critical,Email,240.0,86.2,Resolved,No,No,69.8,3,99.4
INT-01413,2025-05-29,Agent_09,Payment Issue,Low,Email,32.1,20.3,Resolved,Yes,No,80.3,5,83.2
INT-04105,2025-05-29,Agent_16,Payment Issue,Medium,Chat,81.3,41.1,Resolved,Yes,No,86.3,5,85.3
INT-02479,2025-05-29,Agent_02,Payment Issue,Medium,Phone,105.4,23.2,In Progress,Yes,No,68.7,4,85.6
INT-01360,2025-05-29,Agent_17,App Crash,Critical,Chat,93.4,56.5,Resolved,Yes,No,85.6,5,94.7
INT-01141,2025-05-29,Agent_10,Login Issue,Medium,Email,114.2,72.9,Resolved,No,No,72.2,4,97.2
INT-02629,2025-05-29,Agent_05,General Inquiry,Low,Chat,42.0,21.2,Resolved,No,No,88.7,5,84.6
INT-04818,2025-05-29,Agent_16,Product Defect,Medium,Phone,99.4,31.4,Resolved,Yes,No,96.6,5,96.6
INT-02862,2025-05-29,Agent_12,App Crash,Low,Email,164.0,12.7,Resolved,Yes,No,94.7,4,88.7
INT-03189,2025-05-29,Agent_12,App Crash,Low,Email,68.5,28.8,Resolved,Yes,No,84.2,4,96.1
INT-02283,2025-05-29,Agent_06,Refund Issue,Low,Phone,34.2,31.1,Resolved,Yes,No,85.5,5,92.3
INT-02477,2025-05-29,Agent_09,General Inquiry,Medium,Phone,101.8,15.8,Escalated,Yes,Yes,83.9,4,86.2
INT-02627,2025-05-29,Agent_20,Account Blocked,Low,Chat,67.1,31.2,Resolved,Yes,No,92.2,5,98.8
INT-02493,2025-05-29,Agent_20,App Crash,High,Phone,137.9,43.2,Resolved,Yes,No,91.1,5,90.4
INT-02805,2025-05-29,Agent_04,Refund Issue,Medium,Email,62.1,45.4,Resolved,Yes,No,89.7,5,94.4
INT-04883,2025-05-29,Agent_08,Delivery Delay,Medium,Phone,80.2,32.7,Escalated,Yes,Yes,71.4,4,87.9
INT-03538,2025-05-29,Agent_12,Delivery Delay,High,WhatsApp,156.3,57.8,Resolved,No,No,76.0,4,93.7
INT-03816,2025-05-29,Agent_01,General Inquiry,Critical,Phone,141.5,77.1,Resolved,No,No,59.8,4,95.1
INT-02719,2025-05-29,Agent_17,Payment Issue,Critical,Chat,130.9,63.0,Escalated,Yes,No,77.4,4,95.7
INT-01152,2025-05-29,Agent_03,Payment Issue,High,Chat,62.3,27.0,Resolved,Yes,No,79.7,4,92.5
INT-02444,2025-05-29,Agent_03,App Crash,Medium,Chat,45.4,60.4,Resolved,No,No,71.7,5,93.8
INT-00651,2025-05-29,Agent_04,Payment Issue,Low,Email,114.7,21.2,Resolved,Yes,No,80.8,5,84.7
INT-03765,2025-05-29,Agent_09,Product Defect,High,Phone,152.5,34.5,Escalated,No,No,72.9,3,93.7
INT-02407,2025-05-29,Agent_10,Delivery Delay,Low,WhatsApp,27.6,20.4,In Progress,Yes,No,99.4,5,84.9
INT-04402,2025-05-29,Agent_08,Refund Issue,Low,Email,56.4,14.9,Resolved,Yes,No,88.5,5,92.3
INT-02379,2025-05-29,Agent_19,General Inquiry,Medium,Phone,121.2,37.6,Escalated,Yes,No,100.0,5,92.0
INT-02619,2025-05-29,Agent_14,Delivery Delay,High,Email,94.6,60.6,Escalated,No,Yes,54.4,3,86.0
INT-04185,2025-05-29,Agent_19,General Inquiry,Medium,Phone,73.9,24.9,In Progress,No,No,90.2,5,99.0
INT-04093,2025-05-29,Agent_01,App Crash,High,Email,94.2,70.0,In Progress,Yes,No,67.5,4,88.3
INT-04844,2025-05-29,Agent_16,Login Issue,High,Email,67.2,55.5,Resolved,Yes,No,77.7,5,95.9
INT-02232,2025-05-29,Agent_15,General Inquiry,High,Phone,168.8,51.2,Resolved,Yes,No,91.4,3,98.6
INT-02333,2025-05-29,Agent_14,Payment Issue,Low,Chat,116.5,19.3,In Progress,No,No,86.6,4,93.0
INT-02586,2025-05-29,Agent_10,Login Issue,Low,Email,199.2,14.5,Resolved,Yes,No,82.2,3,90.3
INT-00827,2025-05-29,Agent_17,Payment Issue,Critical,WhatsApp,95.8,37.3,Resolved,Yes,No,80.7,5,91.4
INT-04202,2025-05-29,Agent_09,App Crash,High,WhatsApp,107.7,40.3,Resolved,Yes,No,78.6,5,84.0
INT-04945,2025-05-30,Agent_01,App Crash,Medium,Phone,62.5,48.9,Resolved,No,No,66.2,4,89.7
INT-02637,2025-05-30,Agent_14,Login Issue,High,WhatsApp,70.2,41.7,Resolved,Yes,No,91.4,4,93.3
INT-02197,2025-05-30,Agent_08,Payment Issue,Medium,WhatsApp,110.0,27.8,Resolved,Yes,No,84.9,5,92.9
INT-04953,2025-05-30,Agent_20,Login Issue,Low,Email,89.6,63.9,Resolved,Yes,No,93.9,5,90.8
INT-03227,2025-05-30,Agent_18,Payment Issue,High,WhatsApp,58.0,47.9,Resolved,Yes,No,84.2,5,97.6
INT-01812,2025-05-30,Agent_15,General Inquiry,Medium,Email,89.8,8.7,Resolved,Yes,No,89.2,5,85.0
INT-03215,2025-05-30,Agent_13,Delivery Delay,Medium,Phone,55.2,33.6,In Progress,Yes,No,78.9,4,92.2
INT-00914,2025-05-30,Agent_11,Product Defect,Low,Chat,64.7,28.8,Resolved,Yes,No,92.1,5,95.5
INT-01876,2025-05-30,Agent_17,Payment Issue,Low,Chat,18.2,14.1,Resolved,Yes,No,90.7,5,88.1
INT-04585,2025-05-30,Agent_18,Payment Issue,Low,Email,71.8,20.8,Resolved,Yes,No,100.0,5,96.8
INT-02233,2025-05-30,Agent_06,App Crash,Medium,WhatsApp,69.8,33.9,Escalated,Yes,Yes,73.7,3,85.9
INT-04399,2025-05-30,Agent_19,Payment Issue,Low,Email,69.2,16.5,In Progress,Yes,No,99.8,5,94.7
INT-00389,2025-05-30,Agent_14,Account Blocked,High,Email,93.2,44.9,In Progress,Yes,No,84.9,5,92.0
INT-02356,2025-05-30,Agent_05,Delivery Delay,Low,Chat,33.2,17.8,Resolved,Yes,No,81.0,5,87.8
INT-03070,2025-05-30,Agent_14,Account Blocked,Medium,Chat,139.1,70.6,In Progress,Yes,No,83.2,4,94.1
INT-01184,2025-05-30,Agent_08,Account Blocked,Low,Email,40.2,49.1,Resolved,Yes,No,83.1,4,91.2
INT-04379,2025-05-30,Agent_15,Login Issue,Medium,Phone,127.8,45.3,Resolved,Yes,No,90.3,4,91.0
INT-01670,2025-05-30,Agent_07,Refund Issue,Low,Phone,52.7,28.2,Escalated,Yes,No,83.2,4,91.0
INT-01009,2025-05-30,Agent_12,Product Defect,Low,Chat,109.2,67.0,Resolved,No,No,76.8,4,96.6
INT-04986,2025-05-30,Agent_06,Product Defect,High,Chat,67.4,46.5,In Progress,Yes,No,73.5,4,96.9
INT-04523,2025-05-30,Agent_10,Refund Issue,Medium,Phone,79.8,35.8,In Progress,Yes,No,85.8,5,82.6
INT-01372,2025-05-30,Agent_13,Login Issue,Low,Phone,82.3,16.6,Resolved,No,No,88.2,5,88.7
INT-00017,2025-05-30,Agent_10,Login Issue,Medium,Chat,151.8,66.7,Escalated,No,Yes,70.5,3,94.0
INT-02747,2025-05-30,Agent_04,General Inquiry,Critical,Chat,79.9,64.2,Escalated,No,Yes,62.9,3,84.7
INT-04612,2025-05-30,Agent_08,Refund Issue,Medium,Email,90.3,34.3,In Progress,Yes,No,74.9,4,90.0
INT-03133,2025-05-30,Agent_18,Login Issue,Medium,Email,51.9,52.8,Resolved,No,No,80.3,5,91.2
INT-02335,2025-05-30,Agent_19,Delivery Delay,High,Phone,193.7,51.5,Resolved,Yes,No,86.4,4,94.2
INT-02302,2025-05-30,Agent_15,Refund Issue,Low,Email,90.3,19.0,Resolved,Yes,No,83.8,5,93.1
INT-00537,2025-05-31,Agent_20,Product Defect,Low,Chat,73.3,16.0,Resolved,Yes,No,92.4,5,97.0
INT-00139,2025-05-31,Agent_04,Refund Issue,High,WhatsApp,97.4,53.3,Resolved,No,No,74.6,4,91.1
INT-02017,2025-05-31,Agent_11,Refund Issue,High,Chat,125.3,57.4,Resolved,Yes,No,78.3,4,93.8
INT-01956,2025-05-31,Agent_02,Refund Issue,Medium,Phone,54.1,45.1,Resolved,Yes,No,76.2,4,86.9
INT-04459,2025-05-31,Agent_08,Login Issue,High,Chat,50.5,41.8,Resolved,Yes,No,87.2,4,88.8
INT-02135,2025-05-31,Agent_17,General Inquiry,Low,Email,47.6,9.7,Resolved,Yes,No,91.4,5,90.5
INT-04217,2025-05-31,Agent_09,General Inquiry,Medium,Phone,90.5,28.7,In Progress,Yes,No,96.4,5,87.7
INT-02351,2025-05-31,Agent_15,Payment Issue,Medium,Phone,62.1,29.3,Resolved,Yes,No,99.2,5,91.6
INT-02021,2025-05-31,Agent_09,Delivery Delay,Medium,Phone,53.3,37.4,Resolved,Yes,No,77.5,5,82.9
INT-00574,2025-05-31,Agent_14,Account Blocked,Medium,WhatsApp,136.2,61.3,Resolved,No,No,74.8,3,93.5
INT-02342,2025-05-31,Agent_20,Refund Issue,High,Email,96.9,41.1,Escalated,Yes,Yes,81.9,4,86.6
INT-02429,2025-05-31,Agent_04,Login Issue,Critical,Email,122.6,44.7,Escalated,Yes,Yes,54.8,3,85.0
INT-01429,2025-05-31,Agent_03,Refund Issue,Low,Phone,17.3,75.6,In Progress,Yes,No,78.9,4,92.1
INT-00975,2025-05-31,Agent_16,General Inquiry,High,Chat,56.5,30.2,Resolved,Yes,No,93.2,5,94.8
INT-02649,2025-05-31,Agent_04,Product Defect,High,Email,53.5,34.8,In Progress,Yes,No,70.9,4,89.1
INT-02635,2025-05-31,Agent_16,Login Issue,Medium,Email,52.1,22.4,Resolved,Yes,No,82.0,4,91.8
INT-04603,2025-05-31,Agent_01,General Inquiry,Low,Email,87.0,26.9,Resolved,Yes,No,83.7,5,92.2
INT-00872,2025-05-31,Agent_12,Login Issue,High,Email,65.7,85.3,Escalated,Yes,Yes,80.2,4,87.9
INT-00238,2025-05-31,Agent_19,Delivery Delay,High,Email,142.6,34.6,Resolved,Yes,No,90.5,5,88.7
INT-00113,2025-05-31,Agent_04,Delivery Delay,Medium,Phone,59.5,36.2,Resolved,Yes,No,85.5,5,92.0
INT-00802,2025-05-31,Agent_13,Payment Issue,High,Phone,70.6,62.9,Resolved,No,No,73.0,5,96.9
INT-00350,2025-05-31,Agent_12,Login Issue,High,Email,142.7,40.3,Resolved,Yes,No,74.4,4,91.6
INT-00763,2025-05-31,Agent_06,Refund Issue,Low,WhatsApp,58.9,27.3,Escalated,Yes,Yes,77.9,4,91.2
INT-04279,2025-05-31,Agent_09,App Crash,Medium,Phone,35.2,31.5,Resolved,No,No,75.9,5,93.1
INT-01270,2025-05-31,Agent_11,Payment Issue,High,Chat,111.2,52.3,Resolved,Yes,No,79.4,4,91.6
INT-03112,2025-05-31,Agent_01,Login Issue,Medium,Phone,85.0,47.1,Resolved,Yes,No,80.6,5,90.4
INT-03558,2025-05-31,Agent_01,App Crash,Medium,Chat,52.6,34.1,Escalated,Yes,No,77.4,4,85.6
INT-01137,2025-05-31,Agent_18,Payment Issue,Medium,Phone,45.4,35.5,Resolved,Yes,No,88.3,5,88.6
INT-00176,2025-06-01,Agent_11,General Inquiry,Medium,WhatsApp,29.9,45.5,Resolved,Yes,No,88.5,4,92.7
INT-03517,2025-06-01,Agent_11,Payment Issue,High,Chat,87.0,55.5,In Progress,Yes,No,80.5,4,90.6
INT-03406,2025-06-01,Agent_12,Payment Issue,Medium,Chat,60.4,95.8,Resolved,Yes,No,87.0,5,92.0
INT-02217,2025-06-01,Agent_11,App Crash,Low,Email,217.0,17.9,In Progress,No,No,79.1,4,90.8
INT-00990,2025-06-01,Agent_12,Payment Issue,Critical,WhatsApp,123.8,96.0,Resolved,No,No,70.7,4,87.3
INT-00531,2025-06-01,Agent_14,Login Issue,Low,WhatsApp,53.0,9.1,Escalated,Yes,No,86.3,5,90.2
INT-02210,2025-06-01,Agent_19,Delivery Delay,Low,Phone,55.6,31.8,Resolved,No,No,88.3,4,98.5
INT-03601,2025-06-01,Agent_20,General Inquiry,Low,Chat,30.6,30.0,In Progress,Yes,No,96.4,5,100.0
INT-02748,2025-06-01,Agent_04,Payment Issue,Medium,WhatsApp,44.3,45.6,Resolved,Yes,No,75.2,4,91.8
INT-04633,2025-06-01,Agent_06,Product Defect,Critical,Chat,161.7,50.8,Resolved,No,No,71.5,4,87.5
INT-01450,2025-06-01,Agent_09,Delivery Delay,High,Phone,72.6,32.1,Resolved,No,No,76.4,5,92.8
INT-01371,2025-06-01,Agent_17,Login Issue,Low,Phone,22.8,30.8,Escalated,Yes,Yes,84.8,4,92.3
INT-00673,2025-06-01,Agent_12,Payment Issue,Medium,Phone,35.6,38.6,Resolved,No,No,84.9,4,95.5
INT-02893,2025-06-01,Agent_02,General Inquiry,Medium,Phone,240.0,17.9,Resolved,No,No,69.2,3,92.4
INT-02830,2025-06-01,Agent_18,Refund Issue,Low,Phone,66.5,67.9,Resolved,Yes,No,85.3,5,87.3
INT-03702,2025-06-01,Agent_18,General Inquiry,Critical,Email,130.5,37.5,In Progress,No,No,81.8,4,91.2
INT-00924,2025-06-01,Agent_14,Product Defect,High,Chat,106.8,50.7,Escalated,No,No,81.0,5,89.5
INT-00536,2025-06-01,Agent_03,General Inquiry,Medium,Phone,108.0,40.1,Resolved,Yes,No,94.2,5,90.9
INT-01899,2025-06-01,Agent_11,Delivery Delay,Medium,WhatsApp,66.8,49.8,Resolved,Yes,No,77.3,4,95.0
INT-00366,2025-06-01,Agent_01,Delivery Delay,High,WhatsApp,84.8,43.7,Escalated,Yes,No,76.6,4,90.0
INT-00264,2025-06-01,Agent_01,Delivery Delay,Low,Chat,57.6,16.2,Resolved,Yes,No,70.7,4,86.1
INT-02827,2025-06-01,Agent_06,App Crash,Low,Chat,127.6,55.8,Escalated,Yes,No,87.6,5,95.4
INT-00931,2025-06-01,Agent_13,Account Blocked,Medium,Phone,74.9,23.6,Resolved,No,No,74.3,4,94.7
INT-00015,2025-06-01,Agent_17,App Crash,Medium,Phone,39.8,30.5,In Progress,Yes,No,95.8,5,94.1
INT-04890,2025-06-01,Agent_15,Delivery Delay,Low,Chat,85.5,52.6,Resolved,Yes,No,89.9,4,100.0
INT-02544,2025-06-01,Agent_11,Product Defect,Low,Chat,27.1,14.9,In Progress,Yes,No,91.9,5,91.2
INT-02545,2025-06-01,Agent_01,Payment Issue,Medium,Phone,95.9,32.8,Resolved,Yes,No,77.1,4,90.2
INT-03374,2025-06-01,Agent_18,Refund Issue,Medium,Phone,78.5,40.7,In Progress,Yes,No,90.2,4,89.5
INT-00486,2025-06-01,Agent_09,General Inquiry,High,Email,80.4,41.7,Escalated,Yes,Yes,82.7,4,87.7
INT-04915,2025-06-01,Agent_09,Payment Issue,Medium,Email,94.3,17.7,Resolved,Yes,No,79.8,4,91.1
INT-01176,2025-06-01,Agent_13,Payment Issue,Critical,Phone,94.6,76.0,Resolved,Yes,No,75.6,4,87.2
INT-00260,2025-06-01,Agent_10,Delivery Delay,High,Phone,121.5,39.0,In Progress,Yes,No,79.1,4,91.8
INT-02974,2025-06-01,Agent_19,Payment Issue,High,WhatsApp,107.0,29.8,Resolved,Yes,No,99.8,4,96.0
INT-01574,2025-06-02,Agent_09,Payment Issue,High,Phone,98.4,24.7,Resolved,No,No,87.3,4,92.8
INT-01503,2025-06-02,Agent_06,Product Defect,High,Phone,70.2,37.7,Escalated,No,No,76.0,4,96.9
INT-04563,2025-06-02,Agent_11,Payment Issue,Medium,WhatsApp,49.9,34.0,Resolved,Yes,No,93.1,5,90.1
INT-02606,2025-06-02,Agent_06,Delivery Delay,Medium,Phone,102.6,20.9,In Progress,Yes,No,74.6,4,77.8
INT-00698,2025-06-02,Agent_17,Account Blocked,Medium,Phone,40.8,47.5,Resolved,Yes,No,100.0,5,87.5
INT-04200,2025-06-02,Agent_02,Payment Issue,Medium,Phone,36.9,65.4,Resolved,Yes,No,78.9,5,87.4
INT-02119,2025-06-02,Agent_01,App Crash,Low,Email,87.0,26.0,Resolved,Yes,No,73.9,4,86.6
INT-00274,2025-06-02,Agent_16,Refund Issue,Critical,WhatsApp,116.7,70.0,Resolved,No,No,69.6,4,87.7
INT-03311,2025-06-02,Agent_04,Refund Issue,High,Phone,87.3,89.6,In Progress,Yes,No,70.5,4,94.7
INT-04754,2025-06-02,Agent_10,Refund Issue,Medium,WhatsApp,67.3,25.4,Resolved,Yes,No,85.5,5,95.2
INT-01523,2025-06-02,Agent_10,General Inquiry,Medium,WhatsApp,157.4,56.2,Resolved,No,No,67.4,3,91.8
INT-03372,2025-06-02,Agent_04,Product Defect,Low,Email,146.9,23.4,Resolved,Yes,No,82.4,4,88.1
INT-01489,2025-06-02,Agent_20,Delivery Delay,Low,WhatsApp,28.3,31.2,Resolved,Yes,No,83.2,5,85.1
INT-02955,2025-06-02,Agent_02,App Crash,Low,WhatsApp,83.4,71.1,Escalated,Yes,No,83.3,5,93.9
INT-03854,2025-06-02,Agent_11,Delivery Delay,Medium,Phone,86.3,40.6,Escalated,Yes,Yes,71.0,4,91.9
INT-03240,2025-06-02,Agent_17,Account Blocked,High,Email,62.9,84.7,Resolved,Yes,No,84.9,5,93.3
INT-01045,2025-06-02,Agent_09,General Inquiry,High,Chat,47.0,52.8,In Progress,Yes,No,73.3,4,87.3
INT-01758,2025-06-02,Agent_17,App Crash,High,Email,56.8,82.7,Escalated,Yes,No,81.0,5,94.8
INT-04929,2025-06-02,Agent_14,Delivery Delay,High,Email,91.1,45.2,In Progress,Yes,No,81.8,4,91.7
INT-00638,2025-06-02,Agent_18,Product Defect,Low,WhatsApp,138.1,22.0,Resolved,Yes,No,95.2,5,93.2
INT-04911,2025-06-02,Agent_18,Delivery Delay,High,WhatsApp,240.0,36.6,Escalated,Yes,Yes,72.4,3,93.7
INT-01329,2025-06-02,Agent_20,Refund Issue,High,Chat,142.4,68.7,In Progress,Yes,No,88.1,4,98.0
INT-01464,2025-06-02,Agent_06,App Crash,Medium,Email,219.5,28.6,Resolved,No,No,71.0,4,83.7
INT-04556,2025-06-02,Agent_20,Refund Issue,High,WhatsApp,69.8,53.7,Escalated,Yes,No,89.4,5,100.0
INT-03844,2025-06-02,Agent_03,Account Blocked,High,Phone,89.2,37.4,Resolved,No,No,68.7,4,87.5
INT-00386,2025-06-02,Agent_06,App Crash,Low,WhatsApp,105.9,15.5,Resolved,Yes,No,72.0,4,91.7
INT-04438,2025-06-02,Agent_05,App Crash,Medium,Phone,52.7,58.3,Escalated,No,No,67.0,4,94.3
INT-00365,2025-06-02,Agent_01,Payment Issue,High,Chat,33.7,41.3,Resolved,Yes,No,76.3,5,90.6
INT-02572,2025-06-02,Agent_09,Payment Issue,Medium,Email,74.5,17.5,Resolved,Yes,No,88.0,5,87.0
INT-02243,2025-06-02,Agent_03,General Inquiry,Medium,Email,41.3,17.1,Resolved,Yes,No,87.4,5,82.8
INT-03873,2025-06-02,Agent_16,Account Blocked,Medium,Phone,52.1,33.8,Resolved,Yes,No,94.9,5,92.5
INT-03095,2025-06-02,Agent_05,Refund Issue,High,WhatsApp,91.9,45.0,In Progress,Yes,No,81.5,4,86.8
INT-01380,2025-06-03,Agent_06,Payment Issue,Medium,Email,102.5,41.8,In Progress,Yes,No,73.4,4,96.4
INT-00452,2025-06-03,Agent_08,General Inquiry,High,Phone,153.4,31.2,In Progress,No,No,70.5,4,97.8
INT-00515,2025-06-03,Agent_01,Account Blocked,Medium,Phone,107.8,31.2,Resolved,Yes,No,63.5,4,91.3
INT-04102,2025-06-03,Agent_16,Product Defect,High,Phone,99.3,33.9,Escalated,Yes,No,73.9,4,95.2
INT-01811,2025-06-03,Agent_09,Refund Issue,Medium,Email,50.1,33.2,Resolved,Yes,No,80.4,5,98.6
INT-02864,2025-06-03,Agent_09,General Inquiry,High,WhatsApp,75.2,53.4,Escalated,Yes,No,80.3,4,86.7
INT-02118,2025-06-03,Agent_10,Refund Issue,Medium,Email,144.0,47.5,Resolved,Yes,No,84.7,5,100.0
INT-03721,2025-06-03,Agent_17,Delivery Delay,Medium,Phone,46.6,32.4,Resolved,Yes,No,87.0,5,94.3
INT-04447,2025-06-03,Agent_14,General Inquiry,Low,Chat,193.3,17.0,Resolved,No,No,84.4,5,95.9
INT-00083,2025-06-03,Agent_13,Account Blocked,Medium,Chat,84.5,30.5,Resolved,Yes,No,84.1,5,94.7
INT-01347,2025-06-03,Agent_16,App Crash,Medium,Chat,64.4,24.9,Resolved,Yes,No,79.4,4,89.5
INT-01159,2025-06-03,Agent_01,Login Issue,Low,Phone,68.8,19.6,Resolved,Yes,No,77.5,4,88.2
INT-02799,2025-06-03,Agent_13,Login Issue,High,WhatsApp,51.6,96.0,Resolved,Yes,No,79.6,4,95.3
INT-03038,2025-06-03,Agent_03,Payment Issue,High,Phone,152.1,64.7,Escalated,Yes,Yes,68.8,3,85.8
INT-01312,2025-06-03,Agent_13,App Crash,High,Phone,62.5,39.3,In Progress,Yes,No,77.4,5,84.8
INT-03549,2025-06-03,Agent_04,Refund Issue,Medium,Email,106.2,50.1,Escalated,No,Yes,60.9,3,88.1
INT-02715,2025-06-03,Agent_07,Delivery Delay,Medium,Chat,101.7,21.3,Resolved,Yes,No,86.1,5,83.2
INT-03131,2025-06-03,Agent_18,Login Issue,Medium,Phone,73.0,36.5,In Progress,Yes,No,93.2,5,92.4
INT-02352,2025-06-03,Agent_01,Account Blocked,High,Chat,167.1,35.1,In Progress,Yes,No,74.6,4,89.6
INT-01185,2025-06-03,Agent_09,Delivery Delay,High,Chat,111.0,75.5,Escalated,Yes,No,80.0,5,96.6
INT-01850,2025-06-03,Agent_15,App Crash,High,Phone,94.4,58.5,Resolved,Yes,No,86.0,5,85.8
INT-04364,2025-06-03,Agent_09,Product Defect,Critical,Chat,46.0,51.4,Resolved,Yes,No,73.1,4,89.5
INT-00750,2025-06-03,Agent_12,Delivery Delay,Low,Phone,110.4,19.3,In Progress,Yes,No,93.1,4,82.0
INT-04074,2025-06-03,Agent_06,General Inquiry,Critical,Chat,101.0,41.3,Escalated,Yes,No,80.8,4,88.1
INT-00865,2025-06-03,Agent_13,Delivery Delay,High,Phone,111.0,37.7,Resolved,Yes,No,75.3,4,92.3
INT-03991,2025-06-03,Agent_08,Login Issue,Medium,Chat,141.6,22.7,Escalated,Yes,No,79.6,4,91.6
INT-01025,2025-06-03,Agent_12,Payment Issue,Low,Phone,162.5,13.1,Escalated,No,Yes,68.6,3,90.1
INT-02212,2025-06-03,Agent_18,Payment Issue,Medium,Email,81.9,53.4,Escalated,No,Yes,65.6,3,92.4
INT-00951,2025-06-03,Agent_06,Delivery Delay,Low,Phone,177.1,50.7,Resolved,No,No,70.3,4,89.9
INT-04394,2025-06-03,Agent_17,General Inquiry,Low,Email,62.0,6.1,Resolved,Yes,No,100.0,5,89.8
INT-01421,2025-06-03,Agent_17,Product Defect,Medium,Chat,36.9,53.3,Resolved,No,No,82.0,5,92.8
INT-02936,2025-06-03,Agent_05,General Inquiry,Medium,Phone,51.6,54.6,Resolved,Yes,No,88.1,5,93.0
INT-03447,2025-06-03,Agent_12,General Inquiry,Low,WhatsApp,120.0,11.8,In Progress,Yes,No,85.4,4,92.4
INT-04037,2025-06-04,Agent_07,App Crash,Critical,WhatsApp,240.0,55.6,Resolved,No,No,66.3,4,87.9
INT-00813,2025-06-04,Agent_20,Payment Issue,Medium,Chat,141.1,27.6,Escalated,Yes,Yes,86.3,4,80.6
INT-02947,2025-06-04,Agent_16,Delivery Delay,High,WhatsApp,194.4,55.5,Resolved,No,No,69.9,4,91.1
INT-03448,2025-06-04,Agent_08,Account Blocked,Medium,WhatsApp,155.4,26.3,Resolved,Yes,No,75.0,4,88.6
INT-00352,2025-06-04,Agent_07,Account Blocked,High,Email,98.8,93.7,In Progress,Yes,No,70.3,4,90.5
INT-03560,2025-06-04,Agent_10,Delivery Delay,Medium,Phone,100.9,60.6,Resolved,Yes,No,70.8,5,89.7
INT-00838,2025-06-04,Agent_12,App Crash,Low,Chat,50.7,32.4,Resolved,Yes,No,91.0,5,88.8
INT-04446,2025-06-04,Agent_02,Delivery Delay,Medium,Email,114.7,44.5,Resolved,Yes,No,63.5,4,89.9
INT-03948,2025-06-04,Agent_16,General Inquiry,High,Phone,131.5,42.8,Resolved,No,No,79.1,4,98.0
INT-03351,2025-06-04,Agent_10,Delivery Delay,Low,Phone,54.8,44.2,Resolved,Yes,No,89.4,5,99.4
INT-01624,2025-06-04,Agent_17,Delivery Delay,High,WhatsApp,96.0,60.0,Resolved,Yes,No,84.4,5,90.8
INT-01062,2025-06-04,Agent_15,Account Blocked,Medium,Chat,98.9,52.7,Escalated,Yes,Yes,71.4,3,87.7
INT-04175,2025-06-04,Agent_10,Account Blocked,Low,Chat,58.6,19.6,Resolved,Yes,No,86.7,4,87.6
INT-04822,2025-06-04,Agent_08,Refund Issue,Low,Phone,82.6,23.0,Resolved,Yes,No,87.3,4,84.0
INT-01648,2025-06-04,Agent_01,Login Issue,Medium,Phone,125.7,30.2,Resolved,Yes,No,78.2,4,88.1
INT-04934,2025-06-04,Agent_12,App Crash,Low,Phone,32.0,18.1,Resolved,Yes,No,94.7,5,89.3
INT-00170,2025-06-04,Agent_07,Refund Issue,Medium,Chat,71.9,32.6,Resolved,Yes,No,81.0,5,94.2
INT-02470,2025-06-04,Agent_08,Login Issue,Medium,WhatsApp,162.9,35.3,Escalated,No,Yes,66.4,3,93.2
INT-01093,2025-06-04,Agent_10,Account Blocked,High,Email,52.1,40.5,Resolved,Yes,No,76.6,4,92.1
INT-01067,2025-06-04,Agent_08,Payment Issue,Critical,Phone,201.0,51.0,Resolved,Yes,No,67.7,4,87.5
INT-04045,2025-06-04,Agent_05,Payment Issue,Low,WhatsApp,167.7,18.5,Resolved,Yes,No,79.0,4,89.8
INT-02685,2025-06-04,Agent_10,Refund Issue,Low,Email,99.0,30.0,Resolved,No,No,74.4,5,84.6
INT-03743,2025-06-04,Agent_02,Payment Issue,Medium,Phone,151.3,18.9,Escalated,Yes,Yes,72.9,4,85.0
INT-00687,2025-06-04,Agent_08,Login Issue,Medium,Email,28.2,34.0,Resolved,No,No,74.5,4,89.0
INT-02157,2025-06-05,Agent_17,Login Issue,Low,Phone,93.8,14.3,Resolved,Yes,No,89.9,5,94.2
INT-04684,2025-06-05,Agent_16,Login Issue,Low,Chat,45.9,20.0,Resolved,Yes,No,85.2,5,100.0
INT-01660,2025-06-05,Agent_07,Delivery Delay,Medium,Chat,31.2,62.9,Resolved,Yes,No,82.9,5,100.0
INT-01883,2025-06-05,Agent_10,Login Issue,Medium,Email,142.6,17.7,Resolved,Yes,No,74.2,4,83.5
INT-02446,2025-06-05,Agent_05,General Inquiry,Critical,Phone,155.5,54.8,Resolved,No,No,66.3,4,95.3
INT-03699,2025-06-05,Agent_16,Payment Issue,Medium,Email,134.0,26.1,In Progress,Yes,No,85.0,4,94.4
INT-03026,2025-06-05,Agent_10,Refund Issue,Medium,Email,52.4,30.4,Escalated,Yes,No,82.3,4,93.2
INT-03928,2025-06-05,Agent_10,Delivery Delay,Low,WhatsApp,76.3,36.7,Escalated,Yes,Yes,83.8,4,87.6
INT-03056,2025-06-05,Agent_12,Refund Issue,Medium,Email,74.2,33.0,Resolved,Yes,No,90.0,5,81.4
INT-04307,2025-06-05,Agent_16,Refund Issue,Critical,Phone,69.1,51.0,Escalated,Yes,No,82.5,5,89.2
INT-03896,2025-06-05,Agent_09,App Crash,Medium,Chat,47.7,34.9,Resolved,Yes,No,86.3,5,84.2
INT-01186,2025-06-05,Agent_01,App Crash,Medium,WhatsApp,103.2,32.5,Resolved,Yes,No,74.5,4,91.9
INT-04817,2025-06-05,Agent_16,Refund Issue,Low,Email,59.6,35.7,In Progress,Yes,No,84.0,4,91.8
INT-03973,2025-06-05,Agent_10,Product Defect,Low,Chat,48.8,22.1,Escalated,Yes,No,96.1,4,95.5
INT-04345,2025-06-05,Agent_01,Product Defect,High,Chat,185.6,55.8,Resolved,No,No,52.0,4,87.1
INT-02116,2025-06-05,Agent_05,Account Blocked,Medium,Email,71.9,74.8,Resolved,Yes,No,78.9,5,96.3
INT-01988,2025-06-05,Agent_12,General Inquiry,High,WhatsApp,101.6,76.0,Resolved,No,No,79.5,4,94.9
INT-03736,2025-06-05,Agent_16,Delivery Delay,High,Email,117.8,45.8,In Progress,No,No,83.6,4,96.9
INT-03409,2025-06-05,Agent_15,Payment Issue,Medium,Email,58.7,32.6,Resolved,Yes,No,95.3,4,94.6
INT-03085,2025-06-05,Agent_06,General Inquiry,Low,Chat,62.6,18.5,Escalated,Yes,No,93.3,5,87.3
INT-03328,2025-06-05,Agent_06,Payment Issue,Medium,WhatsApp,93.7,38.8,Resolved,Yes,No,87.7,5,86.3
INT-04632,2025-06-05,Agent_08,Product Defect,Low,Phone,240.0,36.3,Resolved,No,No,72.1,3,87.8
INT-04972,2025-06-05,Agent_13,Delivery Delay,Low,Phone,22.4,40.9,Resolved,Yes,No,85.1,5,96.3
INT-00674,2025-06-05,Agent_17,Payment Issue,Medium,Email,52.1,50.4,In Progress,No,No,91.4,4,97.8
INT-04439,2025-06-05,Agent_09,Account Blocked,High,Chat,33.8,46.8,In Progress,Yes,No,82.1,4,88.9
INT-03391,2025-06-05,Agent_07,General Inquiry,Low,Email,75.7,20.1,Resolved,Yes,No,85.1,5,100.0
INT-04026,2025-06-05,Agent_05,Payment Issue,Medium,Chat,47.3,55.4,Escalated,Yes,No,76.6,4,99.0
INT-03860,2025-06-05,Agent_04,General Inquiry,High,Chat,100.4,34.2,Escalated,No,No,71.8,4,92.3
INT-04120,2025-06-05,Agent_08,Product Defect,Low,Phone,49.7,22.4,Resolved,Yes,No,82.2,5,92.6
INT-01227,2025-06-06,Agent_06,Product Defect,Critical,Phone,128.2,42.9,Resolved,Yes,No,69.0,4,86.6
INT-03418,2025-06-06,Agent_01,General Inquiry,Medium,Chat,53.5,41.5,Escalated,Yes,No,90.8,4,83.2
INT-02034,2025-06-06,Agent_04,Product Defect,Critical,Phone,96.4,46.4,In Progress,Yes,No,80.2,5,89.5
INT-04367,2025-06-06,Agent_10,Payment Issue,High,Email,58.6,64.4,Resolved,Yes,No,80.0,4,98.2
INT-04339,2025-06-06,Agent_12,Login Issue,High,Email,36.5,50.9,Resolved,Yes,No,80.5,5,93.0
INT-04857,2025-06-06,Agent_11,Refund Issue,High,Phone,92.5,96.0,Resolved,Yes,No,74.3,5,92.9
INT-04655,2025-06-06,Agent_16,Account Blocked,Critical,Phone,118.6,65.2,Resolved,Yes,No,82.4,4,89.2
INT-01703,2025-06-06,Agent_13,Delivery Delay,Medium,Email,102.2,28.3,Resolved,Yes,No,90.6,5,91.2
INT-03758,2025-06-06,Agent_19,General Inquiry,High,Phone,121.5,37.9,Resolved,Yes,No,89.9,4,90.7
INT-02156,2025-06-06,Agent_18,Delivery Delay,Medium,Phone,128.3,26.6,Resolved,Yes,No,93.9,4,87.4
INT-00524,2025-06-06,Agent_15,Login Issue,Medium,Chat,45.5,35.8,Resolved,Yes,No,85.0,5,90.7
INT-04391,2025-06-06,Agent_13,Refund Issue,Low,Phone,74.6,29.6,Escalated,Yes,No,87.3,5,89.1
INT-01084,2025-06-06,Agent_15,Login Issue,Medium,Phone,64.3,20.9,Resolved,Yes,No,85.7,5,88.8
INT-01087,2025-06-06,Agent_02,General Inquiry,Low,Email,52.8,23.5,Resolved,Yes,No,87.2,5,91.0
INT-04541,2025-06-06,Agent_13,Refund Issue,Critical,Chat,71.6,48.5,Resolved,Yes,No,79.1,5,86.5
INT-03220,2025-06-06,Agent_17,App Crash,Low,Email,62.0,9.9,Resolved,Yes,No,98.7,5,88.0
INT-00690,2025-06-06,Agent_11,General Inquiry,Low,Email,134.3,10.3,Resolved,Yes,No,100.0,5,95.3
INT-03735,2025-06-06,Agent_07,General Inquiry,Medium,Email,102.6,28.1,Resolved,Yes,No,91.6,4,89.0
INT-01064,2025-06-06,Agent_13,Refund Issue,High,Chat,71.4,83.0,Escalated,Yes,Yes,74.2,4,85.5
INT-04773,2025-06-06,Agent_13,General Inquiry,Medium,Email,83.8,44.9,Escalated,Yes,No,82.7,5,94.4
INT-04643,2025-06-06,Agent_15,Delivery Delay,Low,WhatsApp,55.1,30.0,Resolved,Yes,No,84.5,4,96.5
INT-04259,2025-06-06,Agent_20,Refund Issue,Low,Phone,216.3,46.7,Resolved,No,No,81.0,3,90.0
INT-02502,2025-06-06,Agent_15,General Inquiry,Critical,Phone,72.7,40.8,Resolved,Yes,No,87.3,4,94.1
INT-01060,2025-06-06,Agent_06,Account Blocked,Low,Email,104.0,36.3,Resolved,Yes,No,78.1,4,97.3
INT-00086,2025-06-06,Agent_08,Account Blocked,Medium,Phone,134.4,30.4,In Progress,Yes,No,78.5,4,93.8
INT-03894,2025-06-06,Agent_18,App Crash,Low,Phone,196.5,16.8,Resolved,Yes,No,93.7,5,95.2
INT-03893,2025-06-06,Agent_13,Account Blocked,Low,Phone,18.1,40.9,Escalated,Yes,No,82.1,4,93.9
INT-04696,2025-06-06,Agent_20,Delivery Delay,Low,Phone,163.3,19.2,Resolved,Yes,No,88.7,4,99.4
INT-02660,2025-06-06,Agent_06,Product Defect,Medium,Phone,42.4,18.5,Resolved,Yes,No,83.6,5,88.1
INT-00021,2025-06-07,Agent_02,App Crash,High,WhatsApp,89.4,59.9,Resolved,Yes,No,68.2,4,93.7
INT-02738,2025-06-07,Agent_01,Product Defect,Critical,Chat,57.7,82.8,Resolved,No,No,71.5,4,92.3
INT-03183,2025-06-07,Agent_16,Payment Issue,Medium,Phone,186.4,23.3,Resolved,No,No,79.4,4,95.6
INT-01206,2025-06-07,Agent_18,Product Defect,Medium,Chat,44.3,25.2,Escalated,No,No,94.3,5,94.1
INT-02310,2025-06-07,Agent_01,Delivery Delay,Medium,WhatsApp,55.9,56.9,Resolved,Yes,No,74.5,4,87.7
INT-01637,2025-06-07,Agent_01,Delivery Delay,High,Chat,240.0,38.2,Resolved,Yes,No,65.1,3,89.4
INT-02370,2025-06-07,Agent_07,Refund Issue,High,Phone,119.6,61.2,Resolved,No,No,71.0,4,89.5
INT-02833,2025-06-07,Agent_06,Delivery Delay,Medium,WhatsApp,94.9,31.8,Resolved,Yes,No,74.6,5,94.2
INT-02163,2025-06-07,Agent_16,Account Blocked,Medium,Phone,44.8,27.0,Resolved,Yes,No,96.9,5,96.2
INT-04614,2025-06-07,Agent_18,Delivery Delay,Medium,Phone,78.6,23.0,Resolved,No,No,82.9,5,91.1
INT-04592,2025-06-07,Agent_13,General Inquiry,Low,Email,41.5,26.3,Resolved,Yes,No,100.0,5,94.8
INT-04376,2025-06-07,Agent_19,Payment Issue,Medium,Email,51.5,36.2,Resolved,Yes,No,94.9,5,100.0
INT-03440,2025-06-07,Agent_02,Refund Issue,Low,Phone,128.0,17.0,In Progress,No,No,69.6,4,98.7
INT-03315,2025-06-07,Agent_02,Payment Issue,Medium,Chat,62.2,27.3,Resolved,Yes,No,76.2,4,89.3
INT-01488,2025-06-07,Agent_05,Delivery Delay,Low,Phone,33.5,61.7,Resolved,Yes,No,88.8,5,92.1
INT-03022,2025-06-07,Agent_14,Delivery Delay,Critical,Chat,65.3,68.8,Escalated,Yes,No,83.6,5,90.6
INT-00420,2025-06-07,Agent_17,Account Blocked,Medium,Chat,94.3,47.0,Resolved,Yes,No,89.9,5,93.1
INT-02369,2025-06-07,Agent_04,Account Blocked,Low,Chat,85.5,30.2,In Progress,No,No,85.3,4,89.9
INT-03638,2025-06-07,Agent_06,Delivery Delay,Low,Chat,79.2,28.1,Resolved,Yes,No,85.0,4,91.3
INT-01299,2025-06-07,Agent_10,Payment Issue,High,Email,83.4,46.3,In Progress,Yes,No,86.1,5,97.1
INT-02829,2025-06-07,Agent_10,General Inquiry,Low,Email,39.4,81.1,Escalated,Yes,Yes,82.3,4,89.2
INT-03677,2025-06-07,Agent_04,Delivery Delay,High,Chat,79.0,50.7,In Progress,Yes,No,73.8,5,87.1
INT-01657,2025-06-07,Agent_01,Delivery Delay,Critical,Chat,78.9,96.0,In Progress,No,No,69.7,4,87.3
INT-01807,2025-06-07,Agent_04,Login Issue,High,Phone,140.4,70.4,Resolved,Yes,No,67.9,4,92.1
INT-04884,2025-06-07,Agent_15,Delivery Delay,Critical,Phone,184.3,71.9,Escalated,Yes,Yes,69.6,2,91.3
INT-02044,2025-06-07,Agent_13,App Crash,High,Chat,189.0,50.9,Resolved,Yes,No,79.6,4,94.1
INT-00300,2025-06-07,Agent_12,Delivery Delay,Critical,Email,95.5,66.4,Resolved,Yes,No,72.2,4,84.9
INT-01474,2025-06-07,Agent_16,Delivery Delay,Low,Phone,53.5,59.9,Escalated,Yes,No,90.1,5,99.5
INT-04991,2025-06-07,Agent_01,Refund Issue,Medium,WhatsApp,78.0,49.0,Resolved,No,No,63.1,4,87.7
INT-00320,2025-06-07,Agent_17,General Inquiry,High,Email,113.9,22.1,Resolved,Yes,No,90.4,5,99.3
INT-04407,2025-06-07,Agent_14,Payment Issue,High,WhatsApp,109.3,28.9,Resolved,Yes,No,95.1,5,92.7
INT-01499,2025-06-07,Agent_09,App Crash,Medium,Phone,184.0,48.2,Escalated,Yes,No,80.7,4,92.5
INT-02612,2025-06-07,Agent_01,Delivery Delay,High,WhatsApp,188.9,63.0,Resolved,No,No,61.4,4,85.3
INT-04744,2025-06-07,Agent_20,Delivery Delay,High,WhatsApp,169.1,40.7,Escalated,Yes,No,81.1,4,94.4
INT-04889,2025-06-08,Agent_04,Refund Issue,Low,Phone,54.9,27.0,Escalated,Yes,No,79.4,5,93.6
INT-00239,2025-06-08,Agent_06,Product Defect,High,Email,81.2,42.8,Escalated,Yes,No,76.8,5,91.9
INT-00616,2025-06-08,Agent_19,Login Issue,Low,Phone,52.2,72.9,Resolved,No,No,77.7,4,93.6
INT-04750,2025-06-08,Agent_17,Refund Issue,Low,Chat,33.7,34.3,Resolved,No,No,88.1,4,92.6
INT-00662,2025-06-08,Agent_16,Payment Issue,Critical,Phone,89.6,71.8,Resolved,No,No,74.6,4,92.5
INT-02754,2025-06-08,Agent_18,Delivery Delay,Medium,Chat,35.6,22.7,Resolved,Yes,No,98.0,5,100.0
INT-01891,2025-06-08,Agent_02,Payment Issue,Low,Email,119.8,27.8,Resolved,Yes,No,80.5,5,89.1
INT-03664,2025-06-08,Agent_20,Refund Issue,Medium,Chat,47.1,51.4,Resolved,Yes,No,95.2,5,92.3
INT-02178,2025-06-08,Agent_19,Refund Issue,Medium,Email,61.1,39.2,Resolved,No,No,81.6,4,97.7
INT-01079,2025-06-08,Agent_16,General Inquiry,High,Phone,65.6,20.7,Resolved,No,No,87.6,5,100.0
INT-02551,2025-06-08,Agent_14,Product Defect,Medium,Email,49.8,34.7,Resolved,Yes,No,96.6,5,87.5
INT-02074,2025-06-08,Agent_01,Login Issue,Medium,Phone,61.4,59.5,Resolved,No,No,73.2,4,87.9
INT-01449,2025-06-08,Agent_13,App Crash,Low,Email,50.5,60.2,Escalated,Yes,No,89.6,5,95.1
INT-02439,2025-06-08,Agent_20,Account Blocked,Medium,Email,74.6,26.3,Escalated,Yes,Yes,82.0,4,92.4
INT-03711,2025-06-08,Agent_10,Payment Issue,Medium,Phone,175.5,31.0,Resolved,Yes,No,84.6,4,94.6
INT-02741,2025-06-08,Agent_11,Refund Issue,Critical,Email,60.5,83.7,Resolved,Yes,No,77.8,4,83.2
INT-03936,2025-06-08,Agent_20,Delivery Delay,Medium,Phone,37.2,59.7,Resolved,Yes,No,88.2,4,99.5
INT-01639,2025-06-08,Agent_07,Product Defect,High,Phone,112.1,61.9,Resolved,Yes,No,71.7,4,88.8
INT-00205,2025-06-09,Agent_08,Refund Issue,Low,Chat,66.5,27.1,Resolved,Yes,No,83.3,5,94.9
INT-02282,2025-06-09,Agent_04,Payment Issue,Critical,Phone,71.7,50.8,Escalated,Yes,No,79.0,4,84.3
INT-00647,2025-06-09,Agent_10,General Inquiry,Medium,Chat,109.6,13.2,In Progress,Yes,No,88.5,5,89.8
INT-01634,2025-06-09,Agent_18,Refund Issue,Low,Phone,54.6,42.7,Escalated,Yes,Yes,88.0,3,85.8
INT-02238,2025-06-09,Agent_03,General Inquiry,Low,Email,21.4,12.4,Resolved,Yes,No,91.3,5,87.8
INT-03695,2025-06-09,Agent_19,Payment Issue,Low,Phone,90.3,86.0,Resolved,Yes,No,91.0,5,96.9
INT-00204,2025-06-09,Agent_08,Login Issue,Medium,Phone,104.4,31.2,Resolved,Yes,No,83.3,5,93.5
INT-00179,2025-06-09,Agent_08,Login Issue,Medium,WhatsApp,25.4,46.4,Resolved,Yes,No,83.3,5,97.5
INT-00253,2025-06-09,Agent_04,Account Blocked,High,Phone,90.6,64.4,Resolved,Yes,No,72.9,4,91.4
INT-01795,2025-06-09,Agent_02,Product Defect,Medium,Chat,50.8,27.7,Resolved,Yes,No,75.2,5,90.8
INT-01803,2025-06-09,Agent_14,Refund Issue,Medium,WhatsApp,61.8,30.2,Resolved,Yes,No,85.4,5,96.4
INT-04424,2025-06-09,Agent_05,Refund Issue,Critical,Phone,99.3,51.5,Resolved,No,No,67.7,4,88.4
INT-03400,2025-06-09,Agent_09,Payment Issue,Medium,Phone,71.2,29.0,Resolved,No,No,79.7,4,87.8
INT-04678,2025-06-09,Agent_14,General Inquiry,Low,Phone,34.7,15.0,Resolved,Yes,No,100.0,5,88.6
INT-01832,2025-06-09,Agent_13,Login Issue,High,Phone,130.3,46.8,In Progress,No,No,75.3,5,90.6
INT-00334,2025-06-09,Agent_17,Delivery Delay,High,Phone,72.2,43.3,Resolved,Yes,No,79.5,5,92.0
INT-04616,2025-06-09,Agent_15,Refund Issue,Medium,Phone,86.8,31.1,Escalated,Yes,No,86.0,5,89.0
INT-01690,2025-06-09,Agent_04,Product Defect,Medium,Email,83.9,60.7,Resolved,Yes,No,75.8,4,94.4
INT-03493,2025-06-09,Agent_09,Payment Issue,High,WhatsApp,132.7,45.7,Resolved,No,No,62.0,3,91.3
INT-01558,2025-06-09,Agent_19,App Crash,High,Email,81.0,44.1,Resolved,Yes,No,100.0,5,98.0
INT-04048,2025-06-09,Agent_07,Payment Issue,Low,Phone,110.3,24.4,In Progress,No,No,81.5,5,89.3
INT-02858,2025-06-09,Agent_04,Delivery Delay,Medium,Email,154.2,23.1,Resolved,Yes,No,69.0,4,84.4
INT-03886,2025-06-09,Agent_18,App Crash,Medium,WhatsApp,239.4,45.8,Resolved,Yes,No,91.8,4,94.5
INT-02594,2025-06-09,Agent_15,Delivery Delay,Low,Phone,179.4,20.3,Resolved,No,No,69.7,4,97.9
INT-00815,2025-06-09,Agent_11,Login Issue,High,Email,99.5,63.3,Resolved,No,No,78.3,5,94.2
INT-04599,2025-06-09,Agent_06,Account Blocked,Medium,WhatsApp,78.1,73.1,Escalated,Yes,No,79.7,5,97.2
INT-01478,2025-06-09,Agent_17,Payment Issue,Medium,Chat,59.1,30.2,Resolved,Yes,No,94.5,5,96.8
INT-02490,2025-06-09,Agent_06,General Inquiry,Medium,Chat,88.2,18.6,Escalated,Yes,Yes,81.2,4,82.5
INT-02533,2025-06-09,Agent_05,General Inquiry,Medium,Chat,93.4,59.5,Resolved,No,No,79.7,4,92.1
INT-00484,2025-06-09,Agent_15,Account Blocked,Medium,Email,87.6,31.5,Resolved,Yes,No,93.9,5,96.3
INT-02424,2025-06-09,Agent_14,Refund Issue,Low,Phone,65.5,30.2,Resolved,Yes,No,90.8,5,87.0
INT-04894,2025-06-09,Agent_10,Delivery Delay,Medium,Chat,58.7,29.6,Resolved,Yes,No,79.9,5,100.0
INT-00145,2025-06-09,Agent_20,App Crash,High,Phone,57.5,81.8,Resolved,Yes,No,84.8,5,97.2
INT-03002,2025-06-09,Agent_20,Refund Issue,Medium,WhatsApp,87.7,46.1,In Progress,Yes,No,89.4,4,90.2
INT-00356,2025-06-10,Agent_07,Account Blocked,Low,Phone,97.5,29.6,In Progress,Yes,No,84.4,5,98.3
INT-01269,2025-06-10,Agent_16,Payment Issue,High,Chat,129.7,42.0,Resolved,Yes,No,77.9,4,94.5
INT-03967,2025-06-10,Agent_10,Delivery Delay,Low,Chat,87.1,53.0,Resolved,Yes,No,83.9,4,90.6
INT-03945,2025-06-10,Agent_05,Account Blocked,Medium,WhatsApp,83.5,18.5,Resolved,Yes,No,82.4,5,91.0
INT-01808,2025-06-10,Agent_08,Payment Issue,High,Chat,92.8,72.2,Resolved,Yes,No,75.3,4,95.3
INT-00499,2025-06-10,Agent_17,Account Blocked,High,Phone,86.6,45.6,Resolved,Yes,No,89.3,5,92.9
INT-01801,2025-06-10,Agent_01,General Inquiry,High,Phone,49.5,25.8,Resolved,Yes,No,83.7,5,94.9
INT-01466,2025-06-10,Agent_08,Login Issue,High,Phone,111.4,44.7,Resolved,Yes,No,83.4,4,95.6
INT-03768,2025-06-10,Agent_07,Refund Issue,Medium,Chat,83.1,43.6,Resolved,No,No,74.5,5,92.3
INT-00492,2025-06-10,Agent_03,Product Defect,Critical,Email,124.9,84.5,Escalated,Yes,No,69.3,4,83.0
INT-00640,2025-06-10,Agent_20,General Inquiry,Medium,Phone,55.3,12.8,Resolved,No,No,95.4,5,96.9
INT-03759,2025-06-10,Agent_07,Login Issue,Low,Email,124.8,53.0,Resolved,No,No,72.0,5,85.7
INT-03557,2025-06-10,Agent_15,Login Issue,High,Chat,44.5,31.1,Resolved,Yes,No,84.5,5,91.4
INT-02005,2025-06-10,Agent_12,General Inquiry,Medium,Phone,128.1,30.4,Resolved,Yes,No,89.9,4,88.3
INT-04474,2025-06-10,Agent_07,Product Defect,High,WhatsApp,79.1,82.5,Resolved,No,No,65.2,4,86.2
INT-02885,2025-06-10,Agent_03,Delivery Delay,Medium,Phone,47.7,25.2,In Progress,Yes,No,74.4,5,90.9
INT-03057,2025-06-10,Agent_07,Refund Issue,High,Email,40.5,58.9,Resolved,Yes,No,74.3,5,93.0
INT-00718,2025-06-10,Agent_16,Login Issue,Medium,Phone,116.1,17.8,Resolved,No,No,88.7,5,90.5
INT-04962,2025-06-10,Agent_17,Login Issue,Medium,Email,134.4,32.0,In Progress,Yes,No,83.8,4,99.9
INT-02853,2025-06-10,Agent_03,Payment Issue,Low,Phone,92.0,41.7,Resolved,Yes,No,76.7,5,89.7
INT-00025,2025-06-10,Agent_02,App Crash,Medium,Phone,152.1,41.3,Resolved,Yes,No,77.2,4,84.2
INT-02337,2025-06-10,Agent_18,App Crash,High,Phone,86.7,64.8,Resolved,Yes,No,78.1,4,98.5
INT-03161,2025-06-10,Agent_13,Delivery Delay,Medium,Email,174.0,41.4,Resolved,Yes,No,91.4,4,90.0
INT-04835,2025-06-10,Agent_13,Refund Issue,Medium,Phone,62.9,48.9,In Progress,Yes,No,78.5,4,92.3
INT-03195,2025-06-10,Agent_16,Product Defect,Low,Phone,111.7,15.2,In Progress,Yes,No,85.4,5,96.4
INT-00689,2025-06-10,Agent_11,Login Issue,Medium,Chat,112.9,25.2,Resolved,Yes,No,95.5,5,91.1
INT-02230,2025-06-10,Agent_05,Product Defect,Critical,Phone,70.0,42.7,Escalated,Yes,Yes,69.8,4,84.8
INT-02998,2025-06-10,Agent_03,Account Blocked,High,Chat,43.0,39.9,In Progress,Yes,No,86.8,5,89.6
INT-00970,2025-06-10,Agent_18,App Crash,Medium,Phone,61.2,41.7,Resolved,No,No,84.3,5,94.7
INT-02067,2025-06-10,Agent_13,Refund Issue,Critical,WhatsApp,234.1,58.9,Resolved,No,No,64.1,3,84.4
INT-03306,2025-06-10,Agent_02,Payment Issue,High,Phone,129.9,59.6,Resolved,Yes,No,61.8,3,89.5
INT-00335,2025-06-10,Agent_08,Refund Issue,High,Email,156.8,33.3,Resolved,No,No,73.9,4,94.9
INT-02769,2025-06-10,Agent_20,Product Defect,High,Chat,82.4,40.1,Escalated,Yes,Yes,79.6,3,91.8
INT-03323,2025-06-10,Agent_06,Payment Issue,Low,Chat,75.0,23.4,Resolved,Yes,No,84.0,5,91.1
INT-00263,2025-06-10,Agent_08,General Inquiry,Low,Email,89.1,46.6,Resolved,Yes,No,91.1,5,86.0
INT-02100,2025-06-10,Agent_09,Account Blocked,Critical,WhatsApp,55.6,52.3,Resolved,No,No,77.9,5,88.7
INT-00229,2025-06-10,Agent_11,Login Issue,Medium,WhatsApp,58.4,32.0,Resolved,Yes,No,87.9,5,93.2
INT-00283,2025-06-10,Agent_08,Refund Issue,Low,Email,79.8,15.2,Resolved,Yes,No,98.8,5,93.0
INT-03405,2025-06-10,Agent_14,Product Defect,Medium,Email,102.2,34.3,Resolved,Yes,No,85.2,4,92.0
INT-01180,2025-06-10,Agent_13,Payment Issue,High,Phone,129.1,37.5,Resolved,No,No,63.3,4,92.1
INT-00073,2025-06-11,Agent_18,Login Issue,Low,WhatsApp,56.4,33.7,Resolved,Yes,No,92.1,5,96.1
INT-03869,2025-06-11,Agent_09,Account Blocked,Medium,Phone,86.1,52.0,Escalated,Yes,Yes,74.2,4,89.3
INT-02737,2025-06-11,Agent_19,General Inquiry,Medium,WhatsApp,129.7,21.5,Resolved,No,No,89.3,5,98.3
INT-01234,2025-06-11,Agent_03,Product Defect,Medium,Phone,63.9,24.0,Resolved,Yes,No,76.8,5,84.8
INT-01253,2025-06-11,Agent_19,General Inquiry,Medium,Phone,42.9,42.9,In Progress,No,No,83.0,4,98.0
INT-02699,2025-06-11,Agent_15,Product Defect,Low,Phone,85.2,32.9,Resolved,Yes,No,84.3,4,96.9
INT-04004,2025-06-11,Agent_16,Product Defect,Low,WhatsApp,62.1,18.9,Resolved,Yes,No,92.3,5,92.2
INT-00110,2025-06-11,Agent_19,Payment Issue,Medium,WhatsApp,54.7,96.0,Resolved,Yes,No,91.1,5,97.9
INT-03483,2025-06-11,Agent_08,Delivery Delay,Critical,Email,91.5,66.7,Resolved,Yes,No,77.3,4,88.2
INT-00517,2025-06-11,Agent_17,General Inquiry,Medium,Email,77.8,31.4,Resolved,Yes,No,93.6,4,96.6
INT-03024,2025-06-11,Agent_16,App Crash,High,Phone,116.5,67.4,Resolved,No,No,77.0,5,88.3
INT-03037,2025-06-11,Agent_08,Delivery Delay,Medium,Phone,80.5,96.0,Escalated,Yes,Yes,66.3,3,87.9
INT-02432,2025-06-11,Agent_03,Login Issue,Medium,Chat,121.3,36.1,Resolved,No,No,71.5,5,88.0
INT-03082,2025-06-11,Agent_20,Payment Issue,High,Phone,100.4,37.0,Resolved,Yes,No,80.9,5,87.7
INT-01910,2025-06-11,Agent_04,Delivery Delay,Medium,Chat,62.9,26.8,Resolved,Yes,No,71.6,4,90.5
INT-03232,2025-06-11,Agent_03,Delivery Delay,Low,Chat,95.4,41.7,Resolved,Yes,No,76.9,4,88.0
INT-04622,2025-06-11,Agent_09,Delivery Delay,Low,Phone,47.5,14.0,Escalated,Yes,No,75.3,4,95.8
INT-03657,2025-06-11,Agent_18,Delivery Delay,High,Email,92.6,39.7,Resolved,No,No,73.3,5,97.6
INT-01727,2025-06-11,Agent_13,Payment Issue,Low,Chat,95.3,47.3,Resolved,Yes,No,95.7,5,90.3
INT-04648,2025-06-11,Agent_09,Delivery Delay,Low,Phone,76.3,33.2,In Progress,Yes,No,85.1,4,88.2
INT-03430,2025-06-11,Agent_06,Account Blocked,Low,Email,73.2,30.8,Resolved,Yes,No,87.5,4,95.4
INT-03806,2025-06-11,Agent_02,Product Defect,Medium,Email,128.2,39.4,Resolved,No,No,64.8,4,94.5
INT-03744,2025-06-11,Agent_07,App Crash,Medium,WhatsApp,92.7,42.8,Resolved,Yes,No,86.1,5,84.5
INT-00751,2025-06-11,Agent_06,Login Issue,Medium,WhatsApp,149.6,62.9,In Progress,Yes,No,74.4,4,87.4
INT-01003,2025-06-11,Agent_18,Refund Issue,Low,Chat,34.0,13.0,Resolved,Yes,No,87.4,5,86.3
INT-04223,2025-06-11,Agent_11,Login Issue,Medium,Email,56.9,22.0,Resolved,Yes,No,87.0,5,86.0
INT-04256,2025-06-11,Agent_12,Refund Issue,Low,Phone,67.4,19.1,In Progress,Yes,No,90.5,5,95.0
INT-04191,2025-06-11,Agent_11,Payment Issue,Medium,Email,31.9,36.7,Resolved,Yes,No,87.7,4,97.7
INT-01169,2025-06-11,Agent_05,Login Issue,Medium,WhatsApp,48.3,27.0,In Progress,Yes,No,84.0,4,84.9
INT-02355,2025-06-12,Agent_10,Product Defect,Medium,Chat,55.3,42.0,Resolved,No,No,71.7,4,90.2
INT-00281,2025-06-12,Agent_09,Product Defect,Medium,WhatsApp,171.3,48.6,Resolved,Yes,No,84.2,4,92.1
INT-04251,2025-06-12,Agent_04,General Inquiry,High,Phone,163.1,46.2,Resolved,No,No,71.3,4,89.5
INT-00585,2025-06-12,Agent_04,App Crash,High,Chat,44.7,34.8,Resolved,Yes,No,67.5,4,95.9
INT-03364,2025-06-12,Agent_02,Login Issue,High,Phone,55.7,49.8,Escalated,Yes,No,77.0,4,85.7
INT-03570,2025-06-12,Agent_16,App Crash,Medium,Phone,75.4,24.3,Escalated,Yes,Yes,85.4,4,93.6
INT-01655,2025-06-12,Agent_03,Payment Issue,Critical,Chat,66.9,41.5,Resolved,Yes,No,74.1,5,88.9
INT-00489,2025-06-12,Agent_20,Payment Issue,High,WhatsApp,100.0,36.4,Escalated,Yes,No,90.8,5,96.3
INT-03606,2025-06-12,Agent_08,Delivery Delay,Critical,Phone,132.1,81.5,Escalated,No,Yes,59.4,3,89.0
INT-01728,2025-06-12,Agent_18,Refund Issue,Low,WhatsApp,69.5,25.3,In Progress,Yes,No,96.5,5,88.5
INT-03843,2025-06-12,Agent_17,Payment Issue,High,WhatsApp,69.6,55.7,Resolved,No,No,81.3,5,93.0
INT-02237,2025-06-12,Agent_13,Delivery Delay,Medium,Email,88.8,37.2,Resolved,Yes,No,85.6,4,87.8
INT-00100,2025-06-12,Agent_16,Payment Issue,High,Phone,108.2,37.5,Resolved,Yes,No,85.2,5,94.3
INT-04435,2025-06-12,Agent_17,Payment Issue,High,Email,51.9,34.2,Resolved,Yes,No,94.7,5,96.4
INT-00101,2025-06-12,Agent_07,General Inquiry,Medium,Phone,70.8,29.4,Escalated,Yes,No,85.3,5,85.2
INT-00992,2025-06-12,Agent_04,General Inquiry,Medium,Chat,105.2,21.3,Resolved,Yes,No,86.9,4,92.7
INT-04056,2025-06-12,Agent_19,Account Blocked,Low,Email,49.3,27.2,Resolved,Yes,No,92.3,5,89.7
INT-04846,2025-06-12,Agent_01,Account Blocked,Medium,Phone,25.4,20.8,Resolved,Yes,No,81.3,5,91.2
INT-03058,2025-06-12,Agent_12,Refund Issue,Critical,Chat,100.1,45.5,Resolved,Yes,No,79.8,5,93.7
INT-04876,2025-06-12,Agent_18,Product Defect,Medium,Email,157.6,32.3,Resolved,Yes,No,86.0,4,95.1
INT-01951,2025-06-12,Agent_20,Account Blocked,Critical,Phone,52.6,51.2,Escalated,Yes,Yes,76.8,4,81.8
INT-03078,2025-06-12,Agent_02,Payment Issue,Medium,Email,70.7,50.7,In Progress,Yes,No,77.4,5,88.7
INT-03420,2025-06-12,Agent_10,Delivery Delay,Medium,Phone,65.7,42.9,In Progress,Yes,No,78.5,5,94.9
INT-02380,2025-06-12,Agent_02,Delivery Delay,Medium,Phone,187.2,73.7,Resolved,Yes,No,67.2,4,90.6
INT-02836,2025-06-12,Agent_14,App Crash,Low,Email,78.2,13.3,Resolved,Yes,No,81.4,5,96.4
INT-01552,2025-06-12,Agent_11,Account Blocked,Low,Chat,41.5,18.4,Resolved,Yes,No,95.2,5,89.1
INT-02814,2025-06-12,Agent_04,Delivery Delay,Medium,WhatsApp,52.0,51.3,In Progress,Yes,No,76.7,4,90.7
INT-02384,2025-06-12,Agent_06,Login Issue,Low,Email,31.5,20.8,Resolved,Yes,No,86.5,5,83.6
INT-02267,2025-06-13,Agent_17,Payment Issue,Low,Chat,159.1,40.0,Resolved,Yes,No,90.5,5,92.3
INT-04130,2025-06-13,Agent_02,Delivery Delay,Low,Phone,139.9,39.4,Resolved,No,No,68.0,4,88.1
INT-03629,2025-06-13,Agent_06,Payment Issue,High,Email,77.8,52.4,Resolved,Yes,No,79.1,5,87.1
INT-02162,2025-06-13,Agent_15,Login Issue,Low,Phone,98.0,26.9,Resolved,Yes,No,89.3,5,99.1
INT-00528,2025-06-13,Agent_16,Product Defect,Critical,WhatsApp,62.1,52.6,Resolved,Yes,No,77.0,4,85.5
INT-02691,2025-06-13,Agent_17,Product Defect,Low,WhatsApp,46.7,21.8,Escalated,Yes,Yes,86.8,4,88.6
INT-02225,2025-06-13,Agent_16,Login Issue,High,Phone,189.6,32.6,Resolved,Yes,No,87.1,4,95.7
INT-02462,2025-06-13,Agent_05,Delivery Delay,Low,Phone,66.0,15.6,In Progress,Yes,No,82.4,5,95.7
INT-00222,2025-06-13,Agent_13,Delivery Delay,Low,Chat,29.4,32.4,Resolved,Yes,No,87.8,5,91.4
INT-02491,2025-06-13,Agent_06,Account Blocked,High,Chat,78.4,38.3,Escalated,No,Yes,63.9,3,89.4
INT-01063,2025-06-13,Agent_06,Refund Issue,Medium,Chat,128.1,31.0,Resolved,Yes,No,79.0,4,89.1
INT-01911,2025-06-13,Agent_10,Delivery Delay,Medium,Phone,78.4,22.7,Resolved,Yes,No,75.1,4,92.9
INT-01680,2025-06-13,Agent_10,Delivery Delay,Medium,Phone,95.2,36.4,Resolved,Yes,No,81.4,4,94.5
INT-01954,2025-06-13,Agent_08,Product Defect,High,WhatsApp,112.8,52.3,In Progress,Yes,No,65.7,4,86.6
INT-04416,2025-06-13,Agent_09,Product Defect,High,WhatsApp,77.9,62.6,Resolved,Yes,No,80.7,5,91.5
INT-04165,2025-06-13,Agent_11,Refund Issue,Critical,Chat,86.7,61.3,Escalated,Yes,Yes,65.8,4,90.7
INT-04621,2025-06-13,Agent_17,App Crash,Medium,Phone,58.2,47.1,Resolved,Yes,No,92.6,5,90.7
INT-01364,2025-06-13,Agent_19,General Inquiry,Low,Email,14.2,30.8,Resolved,No,No,88.3,4,95.6
INT-02391,2025-06-13,Agent_19,Delivery Delay,Medium,Phone,159.2,36.1,Escalated,Yes,No,90.0,4,94.3
INT-03325,2025-06-13,Agent_06,App Crash,Medium,WhatsApp,87.9,47.3,Resolved,Yes,No,80.6,4,83.3
INT-00526,2025-06-13,Agent_02,General Inquiry,Medium,WhatsApp,74.3,96.0,Resolved,Yes,No,82.5,5,86.6
INT-04420,2025-06-13,Agent_12,Delivery Delay,Low,Phone,97.1,21.0,Resolved,Yes,No,87.6,5,88.8
INT-03526,2025-06-13,Agent_03,Payment Issue,Low,WhatsApp,49.9,23.1,Escalated,Yes,Yes,72.1,4,88.2
INT-03380,2025-06-13,Agent_03,Login Issue,Low,Chat,63.9,15.3,Resolved,No,No,77.2,4,92.3
INT-04485,2025-06-13,Agent_09,Product Defect,Medium,Phone,240.0,33.5,Resolved,Yes,No,78.5,4,92.8
INT-04755,2025-06-13,Agent_15,App Crash,High,WhatsApp,103.9,42.3,Resolved,Yes,No,84.9,5,98.0
INT-01096,2025-06-13,Agent_14,Delivery Delay,Critical,Phone,106.2,60.0,Resolved,Yes,No,79.6,5,86.4
INT-02587,2025-06-13,Agent_05,Refund Issue,High,Chat,56.6,49.2,Resolved,Yes,No,74.9,4,94.1
INT-03156,2025-06-13,Agent_17,Payment Issue,High,Phone,127.6,44.3,Resolved,No,No,73.2,4,96.8
INT-01144,2025-06-13,Agent_15,General Inquiry,Low,Chat,154.4,22.7,Resolved,Yes,No,99.2,5,84.5
INT-01905,2025-06-13,Agent_04,Delivery Delay,Medium,Phone,46.1,71.3,Resolved,Yes,No,75.8,4,88.2
INT-00268,2025-06-13,Agent_18,Account Blocked,Medium,Chat,152.5,29.2,Resolved,Yes,No,91.1,4,91.5
INT-00679,2025-06-13,Agent_10,App Crash,Medium,Chat,90.7,33.9,Resolved,No,No,74.9,5,96.3
INT-04514,2025-06-13,Agent_11,General Inquiry,High,Email,80.5,34.9,Resolved,Yes,No,78.4,5,89.6
INT-00654,2025-06-13,Agent_03,Product Defect,High,Phone,159.8,75.7,Escalated,No,Yes,63.6,3,88.4
INT-00061,2025-06-13,Agent_14,Login Issue,Medium,Chat,60.0,39.6,Resolved,Yes,No,82.3,4,93.3
INT-02976,2025-06-13,Agent_07,Delivery Delay,High,Phone,91.7,66.9,Resolved,Yes,No,65.1,4,97.6
INT-04839,2025-06-14,Agent_18,Login Issue,High,Phone,117.6,55.5,Resolved,Yes,No,86.4,5,93.0
INT-00173,2025-06-14,Agent_14,Delivery Delay,High,Phone,76.1,43.7,Resolved,Yes,No,81.6,4,93.6
INT-04596,2025-06-14,Agent_15,Product Defect,Medium,Phone,210.7,40.5,Resolved,Yes,No,82.3,4,90.4
INT-03756,2025-06-14,Agent_17,Product Defect,Critical,Phone,61.6,58.7,Escalated,No,Yes,70.7,3,92.1
INT-03835,2025-06-14,Agent_13,General Inquiry,Medium,Phone,52.5,53.1,Resolved,Yes,No,88.4,4,99.6
INT-04124,2025-06-14,Agent_06,App Crash,Critical,Chat,69.9,47.0,Resolved,Yes,No,78.8,4,85.9
INT-01020,2025-06-14,Agent_18,Account Blocked,Medium,Chat,42.7,31.1,Resolved,No,No,86.3,5,99.0
INT-03519,2025-06-14,Agent_07,Refund Issue,High,Chat,83.7,60.7,Resolved,No,No,63.2,4,94.4
INT-03870,2025-06-14,Agent_15,Delivery Delay,Low,Email,218.1,39.4,Escalated,Yes,Yes,79.2,4,94.0
INT-02869,2025-06-14,Agent_15,App Crash,High,Phone,101.6,40.2,Resolved,Yes,No,85.5,4,89.1
INT-02876,2025-06-14,Agent_12,Login Issue,Low,Phone,42.2,25.2,Resolved,Yes,No,81.0,5,81.9
INT-01262,2025-06-14,Agent_08,App Crash,Low,Phone,64.0,42.4,Resolved,Yes,No,91.9,5,86.5
INT-02654,2025-06-14,Agent_01,Payment Issue,Critical,Chat,61.4,44.4,Escalated,No,No,68.1,5,92.0
INT-00603,2025-06-14,Agent_13,App Crash,Critical,Phone,129.5,46.8,Resolved,Yes,No,87.0,5,91.1
INT-03410,2025-06-14,Agent_16,General Inquiry,Critical,Email,104.8,75.1,Resolved,Yes,No,81.0,5,95.5
INT-03412,2025-06-14,Agent_10,Refund Issue,Critical,Chat,83.7,68.8,In Progress,No,No,68.9,4,89.5
INT-01983,2025-06-14,Agent_18,Delivery Delay,High,WhatsApp,73.9,51.8,Resolved,Yes,No,73.8,4,93.2
INT-00733,2025-06-14,Agent_19,App Crash,Medium,Email,101.8,35.8,Resolved,Yes,No,92.9,4,91.1
INT-01328,2025-06-14,Agent_18,Payment Issue,High,Phone,96.0,65.7,Resolved,Yes,No,82.5,4,93.3
INT-01981,2025-06-14,Agent_10,Payment Issue,Medium,Phone,50.5,44.9,Resolved,Yes,No,84.6,5,81.6
INT-02803,2025-06-14,Agent_01,Login Issue,Medium,Chat,77.7,30.2,Resolved,Yes,No,75.6,4,85.7
INT-03480,2025-06-14,Agent_06,App Crash,Medium,Phone,164.5,35.3,Escalated,Yes,No,73.7,4,93.0
INT-04022,2025-06-14,Agent_18,Product Defect,Medium,WhatsApp,61.6,32.8,Escalated,Yes,No,87.5,4,91.7
INT-01040,2025-06-15,Agent_16,Account Blocked,Medium,Phone,90.6,48.1,Resolved,Yes,No,88.8,5,99.4
INT-04813,2025-06-15,Agent_06,Payment Issue,Medium,Phone,148.0,38.2,Resolved,Yes,No,79.5,4,90.2
INT-04155,2025-06-15,Agent_12,Product Defect,High,Phone,38.2,76.8,In Progress,No,No,70.9,4,95.3
INT-03355,2025-06-15,Agent_04,General Inquiry,Medium,Phone,108.6,31.2,Resolved,Yes,No,80.8,5,82.9
INT-03153,2025-06-15,Agent_01,Login Issue,Critical,Phone,112.8,46.0,Escalated,Yes,Yes,68.0,4,82.0
INT-00269,2025-06-15,Agent_04,Login Issue,High,Chat,140.4,68.4,Escalated,No,No,69.1,4,95.1
INT-01814,2025-06-15,Agent_17,Account Blocked,High,Phone,107.4,52.9,Resolved,Yes,No,90.3,5,92.3
INT-01779,2025-06-15,Agent_16,Delivery Delay,Low,Phone,5.0,29.9,In Progress,Yes,No,92.1,5,88.8
INT-01763,2025-06-15,Agent_08,General Inquiry,Low,Phone,148.1,26.5,In Progress,No,No,81.2,4,95.9
INT-01625,2025-06-15,Agent_05,Delivery Delay,Medium,Chat,135.5,70.6,Resolved,No,No,70.5,4,85.5
INT-03238,2025-06-15,Agent_11,App Crash,Low,Email,136.8,24.2,Resolved,Yes,No,83.3,4,100.0
INT-01725,2025-06-15,Agent_20,App Crash,Critical,Chat,74.6,96.0,Resolved,Yes,No,75.5,4,95.9
INT-02365,2025-06-15,Agent_10,Delivery Delay,Medium,Phone,118.5,93.5,Escalated,Yes,No,74.0,4,96.3
INT-04428,2025-06-15,Agent_09,Account Blocked,High,Email,38.2,27.2,In Progress,Yes,No,80.2,4,95.1
INT-01936,2025-06-15,Agent_06,Login Issue,Low,Phone,162.1,16.3,Escalated,Yes,No,76.4,4,96.6
INT-01325,2025-06-15,Agent_14,Delivery Delay,Critical,Phone,53.8,74.0,Escalated,No,Yes,72.4,4,87.3
INT-00780,2025-06-15,Agent_07,General Inquiry,Medium,Chat,136.5,30.6,Resolved,Yes,No,90.1,5,91.9
INT-01290,2025-06-15,Agent_05,Refund Issue,Medium,Chat,137.9,38.3,Resolved,Yes,No,74.3,3,92.5
INT-04928,2025-06-15,Agent_19,Refund Issue,Medium,Phone,87.7,37.8,Resolved,Yes,No,80.2,4,87.5
INT-04535,2025-06-15,Agent_18,Delivery Delay,Critical,Phone,107.7,96.0,Resolved,Yes,No,85.7,4,94.8
INT-00770,2025-06-15,Agent_19,General Inquiry,Low,Chat,86.9,29.5,Escalated,Yes,No,97.2,5,96.3
INT-01221,2025-06-15,Agent_02,Payment Issue,Medium,Chat,60.7,38.3,In Progress,Yes,No,94.2,5,89.6
INT-04970,2025-06-15,Agent_03,Login Issue,Medium,Chat,107.5,32.4,Resolved,Yes,No,79.9,4,92.9
INT-00604,2025-06-15,Agent_10,General Inquiry,Low,Email,59.0,3.3,In Progress,Yes,No,97.0,5,91.2
INT-02464,2025-06-15,Agent_07,Delivery Delay,Medium,Email,124.6,38.4,Resolved,Yes,No,80.2,4,83.6
INT-00641,2025-06-15,Agent_11,Payment Issue,Medium,WhatsApp,44.3,40.0,Resolved,Yes,No,83.6,4,98.6
INT-02503,2025-06-15,Agent_05,Delivery Delay,High,WhatsApp,106.2,45.1,Escalated,Yes,Yes,62.8,3,82.9
INT-03947,2025-06-15,Agent_13,Refund Issue,Medium,WhatsApp,167.1,26.2,Resolved,Yes,No,82.7,4,98.3
INT-04362,2025-06-15,Agent_18,Payment Issue,High,WhatsApp,180.7,35.4,Resolved,No,No,76.9,4,97.7
INT-04888,2025-06-15,Agent_19,Refund Issue,Medium,Phone,67.8,26.2,In Progress,Yes,No,97.9,5,98.2
INT-03800,2025-06-15,Agent_14,Product Defect,Low,Chat,69.7,25.6,Resolved,Yes,No,93.9,4,92.4
INT-02961,2025-06-16,Agent_10,Login Issue,Medium,Phone,74.1,15.7,Resolved,Yes,No,94.4,5,96.3
INT-04219,2025-06-16,Agent_04,Refund Issue,Low,Chat,10.7,11.7,Resolved,Yes,No,80.1,5,93.0
INT-02254,2025-06-16,Agent_19,App Crash,Medium,Phone,61.1,70.6,In Progress,Yes,No,85.2,4,94.7
INT-04214,2025-06-16,Agent_05,Login Issue,High,Chat,121.5,33.0,Resolved,Yes,No,77.1,4,93.4
INT-04320,2025-06-16,Agent_17,Delivery Delay,Low,Chat,33.9,74.4,Escalated,Yes,Yes,84.5,4,91.5
INT-02263,2025-06-16,Agent_10,Payment Issue,Critical,Chat,71.5,67.0,Resolved,Yes,No,74.9,4,88.9
INT-02221,2025-06-16,Agent_10,Delivery Delay,Low,Email,92.7,19.2,Resolved,Yes,No,82.5,5,99.9
INT-00633,2025-06-16,Agent_15,Refund Issue,Critical,Phone,104.4,44.2,Resolved,Yes,No,78.1,5,92.3
INT-02900,2025-06-16,Agent_20,Account Blocked,Low,Email,109.7,19.2,Escalated,Yes,No,97.7,5,96.1
INT-00043,2025-06-16,Agent_08,App Crash,High,Email,138.7,57.0,Resolved,No,No,64.3,4,92.7
INT-04625,2025-06-16,Agent_07,Login Issue,Low,Email,39.8,17.1,Resolved,Yes,No,90.0,5,84.6
INT-03087,2025-06-16,Agent_18,Account Blocked,Low,Chat,59.3,11.2,Resolved,No,No,87.8,4,94.0
INT-01444,2025-06-16,Agent_04,Refund Issue,Medium,WhatsApp,121.8,38.9,Resolved,No,No,72.6,4,91.7
INT-00581,2025-06-16,Agent_04,Product Defect,Critical,Phone,86.6,73.1,Resolved,No,No,66.2,4,85.1
INT-00619,2025-06-16,Agent_11,Account Blocked,High,Phone,144.0,57.9,In Progress,Yes,No,77.5,4,90.4
INT-03287,2025-06-16,Agent_20,Delivery Delay,High,Chat,82.5,33.0,Escalated,Yes,No,76.2,4,99.6
INT-03407,2025-06-16,Agent_19,Login Issue,Medium,Phone,53.1,33.1,Resolved,Yes,No,99.8,5,93.3
INT-03336,2025-06-16,Agent_12,Payment Issue,Medium,Chat,113.5,39.6,Resolved,Yes,No,87.3,5,90.2
INT-02483,2025-06-16,Agent_07,Product Defect,Low,WhatsApp,26.0,14.3,Resolved,Yes,No,83.1,5,86.1
INT-02921,2025-06-16,Agent_10,Login Issue,Critical,Phone,58.0,49.3,Escalated,Yes,No,81.5,4,88.7
INT-03084,2025-06-17,Agent_20,Refund Issue,High,Phone,89.9,60.0,Resolved,No,No,73.3,4,95.1
INT-03654,2025-06-17,Agent_01,Delivery Delay,Medium,Phone,112.6,50.8,Escalated,Yes,No,64.3,3,94.6
INT-00413,2025-06-17,Agent_12,Payment Issue,Medium,Phone,66.1,22.6,Resolved,Yes,No,86.6,5,94.8
INT-02949,2025-06-17,Agent_07,General Inquiry,Critical,Chat,82.5,75.7,Escalated,Yes,Yes,68.9,4,83.3
INT-02604,2025-06-17,Agent_11,General Inquiry,Medium,Email,68.1,48.5,Resolved,No,No,79.2,4,93.6
INT-00980,2025-06-17,Agent_17,Login Issue,High,Email,67.7,34.2,Resolved,Yes,No,95.8,5,97.6
INT-02925,2025-06-17,Agent_19,Delivery Delay,Medium,Phone,114.1,37.1,Resolved,Yes,No,92.8,5,94.6
INT-04513,2025-06-17,Agent_18,Refund Issue,Medium,Chat,69.9,30.9,Resolved,Yes,No,94.2,4,92.2
INT-03299,2025-06-17,Agent_18,Delivery Delay,High,Chat,112.6,38.4,Resolved,No,No,78.9,5,96.2
INT-01340,2025-06-17,Agent_18,Login Issue,Medium,Chat,53.0,28.4,Escalated,Yes,No,89.9,5,94.9
INT-00230,2025-06-17,Agent_17,Payment Issue,Low,Chat,116.6,34.2,Resolved,Yes,No,94.3,4,94.4
INT-03252,2025-06-17,Agent_11,Refund Issue,Medium,Email,217.2,29.4,Resolved,Yes,No,87.6,4,87.1
INT-04641,2025-06-17,Agent_07,App Crash,High,Phone,90.8,43.2,Resolved,Yes,No,78.6,5,89.0
INT-01802,2025-06-17,Agent_13,Account Blocked,Low,Phone,55.2,13.4,Resolved,Yes,No,100.0,5,88.3
INT-01150,2025-06-17,Agent_11,Refund Issue,Medium,Email,55.9,59.9,Resolved,Yes,No,89.4,5,87.4
INT-04264,2025-06-17,Agent_20,Account Blocked,Medium,Email,29.2,47.1,Escalated,Yes,No,88.9,5,93.8
INT-01212,2025-06-17,Agent_08,Product Defect,Medium,Phone,76.1,48.8,Resolved,No,No,77.7,5,90.6
INT-00595,2025-06-17,Agent_05,App Crash,Medium,Phone,60.9,31.9,Resolved,Yes,No,85.6,5,89.6
INT-04456,2025-06-17,Agent_15,Account Blocked,Medium,Phone,142.4,42.7,Resolved,Yes,No,89.1,5,87.6
INT-00500,2025-06-17,Agent_09,App Crash,Critical,WhatsApp,143.1,47.4,Resolved,Yes,No,75.8,4,85.9
INT-04152,2025-06-17,Agent_18,Payment Issue,Medium,Chat,127.0,25.5,Escalated,Yes,No,95.9,5,100.0
INT-01457,2025-06-17,Agent_02,Refund Issue,High,Phone,77.1,42.5,Resolved,Yes,No,74.8,4,93.1
INT-01610,2025-06-17,Agent_12,Delivery Delay,Medium,Phone,55.5,50.5,Resolved,Yes,No,81.5,5,93.2
INT-03204,2025-06-17,Agent_20,Account Blocked,High,WhatsApp,142.8,48.3,Resolved,No,No,75.2,3,93.3
INT-00899,2025-06-17,Agent_06,General Inquiry,High,Phone,85.0,29.2,Resolved,Yes,No,81.4,4,96.0
INT-04984,2025-06-17,Agent_01,Account Blocked,High,Phone,81.2,50.4,Escalated,No,Yes,58.7,3,94.8
INT-03128,2025-06-17,Agent_09,Account Blocked,Medium,Chat,240.0,56.3,Escalated,No,Yes,62.9,3,83.2
INT-01953,2025-06-17,Agent_07,Account Blocked,High,Chat,94.3,80.1,Resolved,Yes,No,77.8,5,89.8
INT-03329,2025-06-17,Agent_02,Payment Issue,Low,WhatsApp,61.5,15.1,Resolved,Yes,No,80.5,5,87.0
INT-03157,2025-06-17,Agent_14,Refund Issue,Medium,Chat,132.2,45.9,Escalated,No,No,82.5,4,95.0
INT-02687,2025-06-18,Agent_04,Login Issue,Low,Chat,71.2,48.9,In Progress,Yes,No,98.8,5,90.4
INT-04692,2025-06-18,Agent_13,App Crash,Medium,Email,214.5,51.0,Resolved,Yes,No,70.7,3,96.1
INT-04699,2025-06-18,Agent_05,Payment Issue,Low,WhatsApp,39.9,17.6,Resolved,Yes,No,86.9,4,89.6
INT-04347,2025-06-18,Agent_14,Delivery Delay,Medium,Phone,63.8,64.2,Escalated,Yes,No,79.6,4,88.8
INT-03542,2025-06-18,Agent_16,Account Blocked,Medium,Phone,14.1,32.3,Resolved,Yes,No,86.3,4,89.5
INT-00282,2025-06-18,Agent_20,Refund Issue,Medium,Phone,66.6,37.9,Escalated,Yes,No,94.8,5,95.3
INT-04166,2025-06-18,Agent_20,Product Defect,High,Email,177.6,67.7,Resolved,No,No,80.0,4,89.6
INT-03362,2025-06-18,Agent_15,General Inquiry,Medium,Chat,41.9,23.5,Resolved,Yes,No,89.4,5,96.0
INT-02068,2025-06-18,Agent_16,Login Issue,High,Phone,87.8,69.9,Resolved,Yes,No,79.2,5,96.8
INT-04349,2025-06-18,Agent_02,Delivery Delay,Medium,Phone,75.0,46.2,Resolved,Yes,No,71.3,4,87.7
INT-02884,2025-06-18,Agent_13,General Inquiry,Low,Chat,96.4,28.8,Resolved,Yes,No,95.3,5,89.9
INT-02899,2025-06-18,Agent_08,Delivery Delay,Medium,Phone,31.0,49.2,Escalated,Yes,Yes,76.1,3,86.7
INT-01160,2025-06-18,Agent_19,Delivery Delay,Medium,Chat,186.7,36.3,Resolved,Yes,No,85.6,4,97.0
INT-03975,2025-06-18,Agent_01,General Inquiry,Critical,Chat,73.0,54.3,Resolved,No,No,69.8,4,92.9
INT-04088,2025-06-18,Agent_10,General Inquiry,Low,Email,39.6,46.2,Resolved,Yes,No,87.8,4,92.2
INT-01785,2025-06-18,Agent_11,Refund Issue,Low,Email,109.8,38.0,Resolved,Yes,No,93.8,5,94.7
INT-01616,2025-06-18,Agent_14,Product Defect,Low,Email,91.3,42.8,Resolved,Yes,No,88.9,4,94.8
INT-04586,2025-06-18,Agent_12,Payment Issue,Medium,Email,107.6,58.9,Resolved,Yes,No,81.4,4,90.2
INT-04224,2025-06-18,Agent_14,App Crash,Critical,Phone,66.2,52.3,Resolved,Yes,No,84.8,4,98.9
INT-02274,2025-06-18,Agent_07,App Crash,Medium,Phone,82.3,29.2,Resolved,No,No,69.8,5,94.7
INT-03729,2025-06-18,Agent_04,Account Blocked,Medium,Phone,84.0,33.0,Resolved,Yes,No,86.5,5,87.6
INT-02255,2025-06-18,Agent_13,Refund Issue,Critical,Email,160.0,55.4,Escalated,Yes,No,73.6,4,89.2
INT-03176,2025-06-18,Agent_20,Refund Issue,High,WhatsApp,111.7,32.3,Resolved,Yes,No,81.3,4,99.8
INT-00903,2025-06-18,Agent_19,Account Blocked,Medium,Chat,123.6,31.4,Resolved,Yes,No,89.5,5,96.5
INT-04145,2025-06-18,Agent_02,General Inquiry,High,Email,95.6,48.5,Resolved,Yes,No,82.9,5,88.6
INT-02513,2025-06-18,Agent_12,Refund Issue,Critical,Chat,193.6,81.9,Resolved,Yes,No,70.0,4,92.7
INT-01537,2025-06-18,Agent_02,General Inquiry,Low,WhatsApp,56.3,23.9,In Progress,Yes,No,87.7,5,92.8
INT-02581,2025-06-18,Agent_15,Account Blocked,High,WhatsApp,34.0,47.8,Resolved,Yes,No,89.0,5,93.7
INT-02401,2025-06-18,Agent_07,Account Blocked,Medium,Email,62.3,23.0,Resolved,Yes,No,83.4,4,85.8
INT-04942,2025-06-18,Agent_06,General Inquiry,Medium,Phone,176.6,68.3,Escalated,No,Yes,63.1,2,91.7
INT-03600,2025-06-18,Agent_18,Login Issue,Critical,Phone,216.5,62.7,Resolved,No,No,76.7,4,87.2
INT-01468,2025-06-19,Agent_17,Account Blocked,High,Email,87.9,69.5,Resolved,Yes,No,83.4,4,92.0
INT-04027,2025-06-19,Agent_04,Login Issue,Critical,WhatsApp,79.8,73.2,Resolved,No,No,61.8,3,86.7
INT-03139,2025-06-19,Agent_09,Refund Issue,Low,Phone,83.0,32.7,Resolved,No,No,80.9,4,84.3
INT-00031,2025-06-19,Agent_15,General Inquiry,Medium,Phone,64.4,26.8,Resolved,Yes,No,94.2,5,90.5
INT-03462,2025-06-19,Agent_03,Product Defect,Medium,Chat,105.3,30.6,Escalated,Yes,Yes,80.5,4,85.6
INT-01576,2025-06-19,Agent_02,Delivery Delay,Medium,Phone,69.6,22.3,In Progress,No,No,75.3,4,92.4
INT-00596,2025-06-19,Agent_03,Payment Issue,Low,WhatsApp,69.1,75.1,Resolved,Yes,No,86.4,5,93.5
INT-03458,2025-06-19,Agent_08,Payment Issue,Critical,Email,156.0,49.6,Resolved,No,No,64.8,3,85.9
INT-04454,2025-06-19,Agent_16,Product Defect,Low,Chat,35.3,22.8,Resolved,Yes,No,93.2,5,94.2
INT-04029,2025-06-19,Agent_13,Delivery Delay,Medium,WhatsApp,86.3,26.8,Resolved,Yes,No,86.2,5,95.5
INT-01472,2025-06-19,Agent_03,Delivery Delay,High,Phone,143.0,58.6,Escalated,Yes,No,72.8,4,91.0
INT-02863,2025-06-19,Agent_03,Payment Issue,High,Phone,61.1,37.0,Escalated,Yes,No,81.5,4,88.7
INT-00361,2025-06-19,Agent_01,Refund Issue,Medium,Phone,64.8,33.2,Escalated,Yes,No,76.5,5,92.1
INT-04782,2025-06-19,Agent_16,General Inquiry,Low,Phone,139.4,19.9,Resolved,No,No,90.9,4,90.0
INT-04784,2025-06-19,Agent_04,Account Blocked,Medium,Email,103.0,38.8,In Progress,Yes,No,79.0,4,91.1
INT-00395,2025-06-19,Agent_03,Product Defect,Medium,Phone,66.9,22.4,Escalated,Yes,No,82.7,5,85.6
INT-02181,2025-06-19,Agent_07,Payment Issue,Low,Chat,151.0,16.6,In Progress,Yes,No,82.0,4,93.3
INT-02208,2025-06-19,Agent_06,Refund Issue,Medium,Phone,56.6,24.6,In Progress,Yes,No,80.4,4,94.1
INT-04927,2025-06-19,Agent_20,Delivery Delay,Medium,Chat,17.9,36.6,Resolved,Yes,No,89.0,5,95.0
INT-04189,2025-06-19,Agent_16,Account Blocked,High,Chat,30.1,39.5,In Progress,Yes,No,85.8,5,98.7
INT-04589,2025-06-19,Agent_17,Account Blocked,Medium,WhatsApp,170.9,27.9,Resolved,Yes,No,89.5,4,97.6
INT-03867,2025-06-19,Agent_06,Product Defect,Medium,WhatsApp,52.3,23.2,Resolved,Yes,No,84.6,5,87.9
INT-04617,2025-06-19,Agent_07,General Inquiry,Low,Email,95.1,17.5,In Progress,Yes,No,90.7,5,91.8
INT-00150,2025-06-19,Agent_01,Product Defect,High,WhatsApp,52.9,96.0,Resolved,Yes,No,64.1,4,83.3
INT-02796,2025-06-19,Agent_11,Refund Issue,Medium,Email,112.4,47.2,Resolved,No,No,78.8,5,88.4
INT-01632,2025-06-19,Agent_06,App Crash,Medium,Chat,79.0,22.2,Resolved,Yes,No,83.5,4,95.4
INT-00824,2025-06-19,Agent_01,Refund Issue,Medium,Chat,111.5,26.7,Resolved,Yes,No,67.2,4,89.7
INT-01622,2025-06-19,Agent_10,Account Blocked,Low,Email,89.9,18.9,Escalated,Yes,No,80.0,4,88.4
INT-01914,2025-06-19,Agent_16,General Inquiry,Medium,WhatsApp,87.4,16.3,Resolved,Yes,No,86.6,5,93.4
INT-00141,2025-06-20,Agent_13,Product Defect,Medium,Email,61.9,23.6,Resolved,Yes,No,77.8,4,91.9
INT-02015,2025-06-20,Agent_13,Refund Issue,Low,Phone,138.2,16.6,Resolved,Yes,No,78.1,4,94.7
INT-02357,2025-06-20,Agent_12,Refund Issue,High,Phone,175.6,38.0,In Progress,Yes,No,83.8,4,83.7
INT-02653,2025-06-20,Agent_09,Login Issue,Medium,Chat,149.5,23.0,Resolved,Yes,No,81.2,5,86.5
INT-04907,2025-06-20,Agent_04,Refund Issue,High,Email,159.9,35.7,Resolved,No,No,63.9,4,95.8
INT-04365,2025-06-20,Agent_18,Payment Issue,High,Phone,89.3,42.0,Resolved,Yes,No,83.4,4,92.5
INT-04910,2025-06-20,Agent_14,Delivery Delay,Low,Chat,34.3,46.2,Resolved,Yes,No,84.4,5,95.3
INT-02043,2025-06-20,Agent_08,General Inquiry,Medium,Email,34.9,68.5,In Progress,No,No,84.1,4,90.6
INT-02967,2025-06-20,Agent_06,Payment Issue,Low,Email,84.0,37.1,Resolved,Yes,No,78.7,4,95.2
INT-02133,2025-06-20,Agent_07,Delivery Delay,Medium,Chat,98.2,32.5,Resolved,Yes,No,80.5,4,88.0
INT-01973,2025-06-20,Agent_11,Delivery Delay,Low,Chat,50.6,22.7,Resolved,Yes,No,85.7,5,94.6
INT-01173,2025-06-20,Agent_08,Delivery Delay,High,WhatsApp,118.5,41.8,Resolved,Yes,No,70.6,4,94.4
INT-03421,2025-06-20,Agent_19,General Inquiry,Medium,Phone,123.8,15.4,Resolved,No,No,83.7,5,85.3
INT-00494,2025-06-20,Agent_11,Product Defect,Low,Chat,92.7,31.6,Resolved,Yes,No,94.9,4,92.6
INT-04012,2025-06-20,Agent_05,General Inquiry,Critical,Chat,128.6,35.2,In Progress,No,No,65.6,4,82.7
INT-01456,2025-06-20,Agent_01,Login Issue,High,Chat,115.0,27.4,In Progress,Yes,No,70.2,4,83.8
INT-01386,2025-06-20,Agent_03,Payment Issue,High,Email,80.8,60.8,Resolved,Yes,No,73.4,4,92.5
INT-01119,2025-06-20,Agent_09,Delivery Delay,Medium,Chat,39.9,57.9,In Progress,No,No,72.6,4,99.2
INT-03853,2025-06-20,Agent_20,Refund Issue,Low,Phone,57.0,40.5,Resolved,Yes,No,92.8,5,92.7
INT-01514,2025-06-20,Agent_11,Account Blocked,Medium,WhatsApp,96.1,47.3,Resolved,No,No,73.5,4,89.5
INT-04028,2025-06-20,Agent_13,Account Blocked,Medium,Chat,59.2,28.1,Resolved,Yes,No,95.7,5,99.6
INT-03592,2025-06-20,Agent_10,General Inquiry,High,Phone,44.7,54.5,Resolved,No,No,77.0,4,93.4
INT-04673,2025-06-20,Agent_01,General Inquiry,Medium,Email,26.6,15.4,In Progress,Yes,No,77.0,5,88.1
INT-04939,2025-06-21,Agent_17,Account Blocked,Critical,Chat,83.0,37.6,Resolved,Yes,No,75.0,4,89.0
INT-01293,2025-06-21,Agent_15,Product Defect,Medium,Phone,42.2,28.1,Resolved,Yes,No,90.4,5,95.1
INT-00977,2025-06-21,Agent_15,General Inquiry,High,Phone,158.1,34.1,Resolved,No,No,74.9,3,92.0
INT-02534,2025-06-21,Agent_02,General Inquiry,Medium,Chat,150.6,36.3,Resolved,Yes,No,76.9,4,91.6
INT-03965,2025-06-21,Agent_03,Refund Issue,High,Phone,100.6,55.6,Resolved,Yes,No,80.1,5,84.1
INT-01394,2025-06-21,Agent_19,Refund Issue,Medium,Chat,133.6,52.0,Resolved,No,No,83.0,5,89.6
INT-01822,2025-06-21,Agent_08,Product Defect,Medium,Email,56.7,29.2,In Progress,Yes,No,90.0,5,89.2
INT-02103,2025-06-21,Agent_03,Login Issue,Medium,Phone,146.6,24.4,Resolved,Yes,No,72.6,5,95.1
INT-01929,2025-06-21,Agent_17,Delivery Delay,Critical,Phone,93.6,57.5,Escalated,No,Yes,66.8,3,89.2
INT-00117,2025-06-21,Agent_06,App Crash,Low,Email,40.0,22.9,Resolved,Yes,No,97.1,5,95.0
INT-02613,2025-06-21,Agent_07,Login Issue,High,WhatsApp,143.0,41.0,Resolved,Yes,No,73.7,4,92.5
INT-02189,2025-06-21,Agent_09,General Inquiry,Medium,Phone,116.4,32.3,Resolved,Yes,No,87.7,4,88.3
INT-03815,2025-06-21,Agent_20,Product Defect,Medium,Phone,108.2,51.3,Resolved,Yes,No,90.5,5,93.5
INT-04278,2025-06-21,Agent_13,Login Issue,Medium,Phone,79.9,29.7,Resolved,Yes,No,97.8,5,94.6
INT-03046,2025-06-21,Agent_01,General Inquiry,Low,Email,190.2,11.3,Resolved,Yes,No,93.8,5,82.4
INT-03194,2025-06-21,Agent_04,Account Blocked,Low,Email,82.8,31.9,Resolved,Yes,No,90.5,5,95.0
INT-02280,2025-06-21,Agent_08,General Inquiry,Critical,Phone,177.9,31.2,Escalated,No,No,63.8,3,88.7
INT-00203,2025-06-21,Agent_14,Payment Issue,High,Phone,99.1,47.6,Resolved,Yes,No,85.8,5,94.7
INT-02294,2025-06-21,Agent_19,Product Defect,Low,Phone,55.6,53.2,Resolved,No,No,89.1,5,92.5
INT-00175,2025-06-21,Agent_13,Payment Issue,Critical,Phone,110.6,38.0,Resolved,No,No,73.4,4,94.2
INT-03745,2025-06-21,Agent_15,Delivery Delay,High,Email,162.3,35.9,Resolved,Yes,No,79.3,4,88.1
INT-03732,2025-06-21,Agent_19,Account Blocked,Medium,Phone,18.3,26.4,Resolved,Yes,No,97.4,5,91.0
INT-01749,2025-06-21,Agent_03,App Crash,Low,Email,26.1,37.4,Resolved,Yes,No,84.1,4,91.5
INT-00056,2025-06-21,Agent_14,Product Defect,Medium,Chat,106.4,48.9,Escalated,Yes,Yes,75.5,4,86.0
INT-03899,2025-06-21,Agent_02,Product Defect,High,Email,100.1,56.4,Resolved,Yes,No,61.6,4,88.7
INT-03392,2025-06-21,Agent_14,Refund Issue,Low,Chat,103.9,14.9,Resolved,Yes,No,93.6,5,96.3
INT-00319,2025-06-21,Agent_06,Refund Issue,Low,Phone,58.9,37.4,Resolved,Yes,No,90.5,5,86.5
INT-02018,2025-06-21,Agent_10,Payment Issue,Medium,Chat,33.0,24.5,Resolved,Yes,No,84.8,5,87.3
INT-00648,2025-06-22,Agent_09,Payment Issue,High,Chat,128.8,36.9,Resolved,Yes,No,78.6,4,95.0
INT-01345,2025-06-22,Agent_19,App Crash,Critical,Email,84.5,77.0,Escalated,Yes,No,78.8,4,97.3
INT-01209,2025-06-22,Agent_06,Delivery Delay,Medium,Phone,36.1,33.5,In Progress,Yes,No,85.9,5,87.2
INT-01496,2025-06-22,Agent_05,Product Defect,High,Chat,54.3,31.5,Resolved,No,No,67.0,4,93.3
INT-02724,2025-06-22,Agent_02,Refund Issue,Medium,Phone,60.4,39.1,Resolved,No,No,69.2,4,89.3
INT-03805,2025-06-22,Agent_17,Payment Issue,Low,WhatsApp,133.7,17.1,Resolved,Yes,No,92.5,4,91.9
INT-03229,2025-06-22,Agent_18,Payment Issue,Low,Email,121.6,27.5,Resolved,Yes,No,89.2,4,85.2
INT-03142,2025-06-22,Agent_17,Product Defect,Medium,Chat,39.5,43.7,Escalated,Yes,Yes,90.5,4,97.0
INT-02531,2025-06-22,Agent_15,Payment Issue,High,WhatsApp,137.5,89.7,Resolved,Yes,No,86.0,4,92.9
INT-00741,2025-06-22,Agent_20,Payment Issue,Critical,Email,58.5,58.2,In Progress,No,No,84.0,5,94.3
INT-03645,2025-06-22,Agent_20,General Inquiry,Medium,Phone,79.4,14.0,Resolved,Yes,No,100.0,5,92.1
INT-04700,2025-06-22,Agent_04,Payment Issue,High,Phone,112.6,88.6,Resolved,Yes,No,66.5,4,95.7
INT-04064,2025-06-22,Agent_15,Login Issue,High,Phone,117.1,54.5,In Progress,No,No,75.8,5,90.6
INT-04042,2025-06-22,Agent_15,Account Blocked,Medium,Chat,154.7,33.2,Resolved,Yes,No,85.5,4,93.6
INT-02191,2025-06-22,Agent_07,General Inquiry,Medium,Chat,126.0,43.7,Resolved,Yes,No,94.4,5,91.6
INT-04816,2025-06-22,Agent_11,Payment Issue,High,WhatsApp,106.6,63.5,Resolved,No,No,77.9,4,91.8
INT-01867,2025-06-22,Agent_10,Delivery Delay,Medium,Chat,45.5,29.1,Resolved,Yes,No,82.2,5,91.3
INT-02489,2025-06-22,Agent_14,Account Blocked,Medium,Chat,133.8,33.4,Resolved,Yes,No,71.6,4,99.5
INT-03382,2025-06-22,Agent_15,General Inquiry,Medium,WhatsApp,44.7,28.4,Resolved,Yes,No,85.6,5,93.4
INT-03535,2025-06-22,Agent_11,Delivery Delay,Medium,Phone,94.8,49.0,Escalated,Yes,No,80.5,4,97.3
INT-02367,2025-06-22,Agent_12,Refund Issue,Critical,WhatsApp,152.3,56.9,Resolved,No,No,68.5,3,87.4
INT-01091,2025-06-22,Agent_12,Login Issue,Low,Email,116.3,32.2,In Progress,Yes,No,88.4,5,92.3
INT-00372,2025-06-22,Agent_03,Login Issue,Low,Phone,12.2,17.3,Resolved,Yes,No,85.3,5,83.4
INT-04760,2025-06-22,Agent_06,App Crash,Low,Phone,53.4,19.7,Resolved,Yes,No,81.8,4,100.0
INT-03575,2025-06-22,Agent_19,Product Defect,High,Phone,120.7,48.7,Resolved,Yes,No,81.2,4,96.4
INT-04721,2025-06-22,Agent_17,Delivery Delay,High,Chat,218.2,54.1,Escalated,Yes,No,80.6,3,90.8
INT-02758,2025-06-22,Agent_07,Payment Issue,High,Phone,139.7,43.1,Resolved,Yes,No,76.1,4,91.4
INT-00625,2025-06-22,Agent_09,Login Issue,Medium,Phone,93.5,51.1,Resolved,Yes,No,79.6,4,85.8
INT-02411,2025-06-22,Agent_06,Product Defect,Low,Email,47.9,17.4,In Progress,Yes,No,89.5,5,87.5
INT-00947,2025-06-22,Agent_10,Delivery Delay,Medium,Phone,225.9,68.0,In Progress,Yes,No,72.8,3,90.4
INT-00646,2025-06-22,Agent_13,Product Defect,Low,Phone,32.8,19.4,In Progress,Yes,No,87.8,5,91.7
INT-04956,2025-06-23,Agent_09,General Inquiry,High,Chat,127.2,39.4,Resolved,No,No,70.9,4,90.2
INT-00344,2025-06-23,Agent_16,Account Blocked,Critical,Chat,142.0,50.6,Escalated,No,No,80.3,4,90.4
INT-01738,2025-06-23,Agent_12,App Crash,Medium,Email,78.0,22.9,Escalated,Yes,No,85.2,5,94.3
INT-02721,2025-06-23,Agent_05,Login Issue,High,Chat,99.3,31.5,Resolved,Yes,No,80.6,5,91.1
INT-03449,2025-06-23,Agent_13,Refund Issue,High,WhatsApp,208.5,41.4,Resolved,No,No,77.9,4,92.4
INT-03207,2025-06-23,Agent_01,Refund Issue,Medium,Phone,32.6,30.2,Resolved,Yes,No,77.9,4,90.1
INT-04705,2025-06-23,Agent_10,Login Issue,Low,Phone,124.5,42.1,Resolved,Yes,No,74.6,4,82.8
INT-04996,2025-06-23,Agent_13,Account Blocked,Medium,Phone,101.6,36.1,In Progress,Yes,No,75.2,4,93.2
INT-03635,2025-06-23,Agent_11,Product Defect,Low,Phone,114.7,20.3,Resolved,Yes,No,83.7,4,92.4
INT-01694,2025-06-23,Agent_15,Delivery Delay,Critical,Phone,195.0,66.4,Resolved,No,No,71.0,3,90.0
INT-01745,2025-06-23,Agent_20,Login Issue,Critical,Chat,54.1,63.7,Escalated,Yes,Yes,81.2,4,88.8
INT-03497,2025-06-23,Agent_05,Login Issue,Medium,Phone,138.9,44.3,Resolved,Yes,No,81.5,4,100.0
INT-01817,2025-06-23,Agent_20,Payment Issue,High,Phone,50.3,39.1,Resolved,Yes,No,91.9,5,94.6
INT-03937,2025-06-23,Agent_04,Login Issue,High,Phone,75.9,58.2,Resolved,Yes,No,71.0,4,85.9
INT-00593,2025-06-23,Agent_13,Product Defect,Low,Phone,54.9,20.6,Resolved,No,No,83.8,5,92.2
INT-02616,2025-06-23,Agent_19,Login Issue,Critical,Phone,182.0,43.0,Resolved,No,No,69.8,3,95.4
INT-03313,2025-06-23,Agent_13,General Inquiry,Low,Phone,101.1,11.0,Resolved,Yes,No,98.6,4,97.1
INT-04488,2025-06-23,Agent_17,Payment Issue,Low,WhatsApp,41.2,13.0,Resolved,Yes,No,82.8,5,100.0
INT-02109,2025-06-23,Agent_13,App Crash,Low,Email,59.6,17.1,Escalated,Yes,No,96.2,5,91.3
INT-02821,2025-06-23,Agent_11,App Crash,Medium,Email,66.1,27.3,In Progress,Yes,No,80.8,5,91.9
INT-03862,2025-06-24,Agent_11,General Inquiry,Low,Phone,135.7,72.8,Escalated,Yes,No,91.1,4,87.2
INT-00348,2025-06-24,Agent_19,Account Blocked,High,Chat,60.1,55.6,In Progress,Yes,No,82.1,4,98.7
INT-00058,2025-06-24,Agent_06,Login Issue,Low,Phone,51.7,18.4,Resolved,Yes,No,94.0,5,96.2
INT-02625,2025-06-24,Agent_16,General Inquiry,Low,Chat,83.9,32.3,Resolved,Yes,No,94.2,5,94.1
INT-03763,2025-06-24,Agent_05,Payment Issue,Medium,Chat,95.5,44.4,Resolved,Yes,No,73.5,4,89.5
INT-03473,2025-06-24,Agent_16,App Crash,Medium,Chat,74.1,41.4,Resolved,Yes,No,88.2,5,90.3
INT-03566,2025-06-24,Agent_14,Login Issue,High,Chat,51.3,37.0,Resolved,Yes,No,91.7,4,94.0
INT-00121,2025-06-24,Agent_13,Payment Issue,Medium,Phone,56.4,23.2,Resolved,Yes,No,88.3,5,89.1
INT-03773,2025-06-24,Agent_11,Refund Issue,Low,Phone,38.9,19.8,Resolved,Yes,No,83.7,5,95.9
INT-01218,2025-06-24,Agent_05,Account Blocked,Low,Phone,116.0,37.3,Escalated,Yes,Yes,82.4,4,94.4
INT-01153,2025-06-24,Agent_07,Payment Issue,High,WhatsApp,104.5,63.4,Escalated,Yes,Yes,83.0,4,89.2
INT-03203,2025-06-24,Agent_03,General Inquiry,High,Chat,62.6,52.8,In Progress,Yes,No,76.0,5,93.6
INT-03063,2025-06-24,Agent_11,Refund Issue,Medium,WhatsApp,43.9,40.9,Escalated,Yes,No,78.4,5,88.3
INT-01982,2025-06-24,Agent_19,Login Issue,High,Chat,48.7,43.7,Resolved,Yes,No,88.4,5,91.1
INT-03587,2025-06-24,Agent_17,General Inquiry,Low,Chat,96.3,73.7,Resolved,Yes,No,88.9,5,87.1
INT-01678,2025-06-24,Agent_19,Refund Issue,Low,Email,60.8,18.4,Escalated,No,Yes,75.0,4,90.6
INT-03868,2025-06-24,Agent_18,Account Blocked,High,Chat,49.9,31.5,In Progress,Yes,No,90.0,5,98.6
INT-01708,2025-06-24,Agent_05,Login Issue,High,Phone,53.7,50.4,Resolved,Yes,No,75.2,4,90.0
INT-02227,2025-06-24,Agent_20,App Crash,Low,Chat,122.5,13.1,In Progress,Yes,No,91.6,5,86.9
INT-04637,2025-06-24,Agent_11,App Crash,High,Email,64.7,45.8,Resolved,Yes,No,73.8,5,92.2
INT-04954,2025-06-24,Agent_10,Refund Issue,Low,Phone,51.1,46.7,Resolved,Yes,No,91.6,5,91.4
INT-03316,2025-06-24,Agent_15,General Inquiry,Low,Phone,154.7,21.3,Resolved,Yes,No,92.7,4,91.5
INT-04642,2025-06-24,Agent_15,App Crash,Low,Phone,54.7,32.4,Resolved,Yes,No,89.8,5,94.2
INT-00033,2025-06-24,Agent_20,Payment Issue,High,Email,125.4,81.5,Resolved,Yes,No,82.6,4,95.4
INT-03318,2025-06-24,Agent_07,App Crash,High,Chat,55.9,48.8,Resolved,Yes,No,78.0,4,90.1
INT-03931,2025-06-24,Agent_01,App Crash,Low,Email,130.4,46.3,Resolved,Yes,No,84.6,5,89.5
INT-04237,2025-06-24,Agent_15,Delivery Delay,Medium,Chat,90.3,42.7,Resolved,No,No,73.7,4,90.5
INT-03150,2025-06-24,Agent_14,Refund Issue,Low,Email,70.8,19.4,Resolved,Yes,No,89.8,5,95.2
INT-03049,2025-06-24,Agent_12,Delivery Delay,Low,Email,28.6,19.2,Resolved,Yes,No,98.7,5,87.1
INT-02039,2025-06-24,Agent_13,Delivery Delay,Medium,Email,67.3,74.6,Resolved,Yes,No,85.5,5,94.0
INT-04853,2025-06-25,Agent_16,General Inquiry,Low,WhatsApp,100.6,33.4,Resolved,Yes,No,96.0,5,97.0
INT-00461,2025-06-25,Agent_12,Payment Issue,Low,Chat,85.1,20.7,Resolved,Yes,No,93.6,5,100.0
INT-02757,2025-06-25,Agent_12,Login Issue,Low,Email,105.3,41.4,Resolved,No,No,83.8,4,91.1
INT-01504,2025-06-25,Agent_14,App Crash,Medium,Chat,44.0,21.0,In Progress,Yes,No,92.9,5,94.9
INT-04866,2025-06-25,Agent_04,Refund Issue,Medium,WhatsApp,83.9,67.5,Resolved,Yes,No,76.4,4,87.1
INT-03068,2025-06-25,Agent_01,Login Issue,Critical,Chat,100.0,60.9,Resolved,No,No,61.6,4,89.7
INT-02861,2025-06-25,Agent_07,Refund Issue,Critical,Phone,117.7,82.2,Resolved,No,No,60.8,4,89.9
INT-02983,2025-06-25,Agent_15,App Crash,High,Chat,112.3,38.1,In Progress,Yes,No,92.1,5,100.0
INT-01439,2025-06-25,Agent_15,Payment Issue,Critical,Phone,135.8,35.7,In Progress,Yes,No,81.5,4,85.5
INT-04033,2025-06-25,Agent_01,Delivery Delay,Medium,Phone,149.8,80.5,Escalated,No,Yes,52.8,3,77.7
INT-03004,2025-06-25,Agent_05,Delivery Delay,High,Phone,105.1,40.6,Resolved,No,No,61.7,5,91.3
INT-01265,2025-06-25,Agent_13,Account Blocked,Medium,Phone,36.8,15.6,Escalated,Yes,Yes,77.4,4,96.8
INT-03134,2025-06-25,Agent_15,Account Blocked,Low,Email,96.0,51.7,Resolved,Yes,No,87.6,4,90.8
INT-05000,2025-06-25,Agent_12,Payment Issue,Medium,Chat,92.4,39.4,Escalated,Yes,No,88.9,5,92.5
INT-04427,2025-06-25,Agent_11,App Crash,Low,Chat,105.5,20.2,Resolved,Yes,No,87.1,4,92.1
INT-02234,2025-06-25,Agent_19,Delivery Delay,Medium,Email,133.8,50.1,Escalated,Yes,Yes,82.9,4,91.7
INT-00359,2025-06-25,Agent_20,Payment Issue,Medium,Phone,176.9,30.3,Resolved,Yes,No,88.7,4,100.0
INT-03255,2025-06-25,Agent_20,App Crash,Low,Phone,62.0,33.2,Resolved,Yes,No,97.1,5,92.9
INT-04467,2025-06-25,Agent_14,Login Issue,Medium,Phone,38.9,52.8,Escalated,Yes,Yes,83.3,4,90.1
INT-00296,2025-06-25,Agent_15,Login Issue,Medium,WhatsApp,90.5,36.5,Resolved,Yes,No,90.5,5,93.6
INT-01764,2025-06-25,Agent_20,Delivery Delay,Critical,WhatsApp,112.1,52.0,Resolved,No,No,80.8,5,88.1
INT-03431,2025-06-25,Agent_11,General Inquiry,Critical,WhatsApp,106.2,61.9,Escalated,Yes,No,84.3,4,94.0
INT-01591,2025-06-25,Agent_01,Login Issue,Medium,Phone,116.6,22.3,Resolved,No,No,69.3,4,95.3
INT-03182,2025-06-25,Agent_17,Payment Issue,Low,Phone,96.4,55.2,Resolved,Yes,No,91.9,5,94.8
INT-01586,2025-06-25,Agent_19,Payment Issue,Low,WhatsApp,67.9,36.2,Resolved,Yes,No,92.7,4,93.8
INT-02070,2025-06-25,Agent_11,Delivery Delay,Medium,Chat,109.7,29.3,Resolved,Yes,No,76.8,5,89.3
INT-02127,2025-06-25,Agent_17,Login Issue,High,Email,61.6,29.3,Resolved,Yes,No,83.9,5,85.5
INT-04650,2025-06-25,Agent_04,Payment Issue,Medium,Email,88.8,34.0,In Progress,Yes,No,83.9,4,92.8
INT-02526,2025-06-26,Agent_13,Account Blocked,Low,Phone,34.4,27.9,Resolved,Yes,No,91.0,5,91.1
INT-04263,2025-06-26,Agent_11,Refund Issue,Medium,Email,124.7,27.6,Resolved,Yes,No,91.9,5,95.0
INT-01494,2025-06-26,Agent_08,General Inquiry,Critical,Phone,91.3,40.7,In Progress,Yes,No,76.8,4,97.1
INT-02902,2025-06-26,Agent_12,Delivery Delay,Low,Email,37.3,23.0,Resolved,Yes,No,90.5,5,95.6
INT-03317,2025-06-26,Agent_17,Delivery Delay,High,Phone,100.6,42.6,Escalated,Yes,No,80.6,4,91.6
INT-03258,2025-06-26,Agent_04,Refund Issue,Medium,Phone,43.6,28.7,Resolved,No,No,74.4,5,91.1
INT-00554,2025-06-26,Agent_19,Payment Issue,Medium,Chat,152.9,24.8,Resolved,No,No,76.2,4,95.3
INT-00835,2025-06-26,Agent_03,App Crash,Critical,Phone,93.2,59.4,Escalated,Yes,Yes,65.4,3,79.2
INT-02166,2025-06-26,Agent_17,General Inquiry,Medium,Chat,82.3,28.1,Escalated,Yes,No,91.1,5,89.5
INT-00532,2025-06-26,Agent_10,Product Defect,High,Chat,59.7,96.0,Resolved,No,No,70.8,4,88.1
INT-00717,2025-06-26,Agent_09,Payment Issue,Low,Chat,156.6,13.6,Resolved,Yes,No,84.9,4,87.4
INT-04652,2025-06-26,Agent_14,Refund Issue,High,Email,158.9,54.7,Resolved,Yes,No,82.3,4,92.0
INT-04351,2025-06-26,Agent_08,Product Defect,Low,Email,188.8,27.7,Resolved,No,No,70.9,4,88.3
INT-03271,2025-06-26,Agent_03,General Inquiry,Medium,Chat,173.7,52.8,Escalated,Yes,No,80.3,4,83.1
INT-00709,2025-06-26,Agent_10,Delivery Delay,Medium,Chat,46.6,31.6,Resolved,Yes,No,83.1,4,86.8
INT-04892,2025-06-26,Agent_12,Payment Issue,Medium,WhatsApp,208.6,94.8,In Progress,Yes,No,77.9,4,93.7
INT-01901,2025-06-26,Agent_09,Payment Issue,High,WhatsApp,108.9,48.6,Resolved,Yes,No,68.6,4,96.2
INT-01181,2025-06-26,Agent_14,General Inquiry,Medium,Email,41.1,46.8,In Progress,Yes,No,93.9,5,97.9
INT-01192,2025-06-26,Agent_11,Refund Issue,Medium,Phone,27.1,36.4,Resolved,Yes,No,90.2,5,93.3
INT-04572,2025-06-26,Agent_18,Refund Issue,High,Email,133.7,65.9,Resolved,Yes,No,80.8,4,93.8
INT-03752,2025-06-26,Agent_16,General Inquiry,High,Phone,84.0,24.2,Resolved,Yes,No,88.9,5,91.8
INT-04136,2025-06-26,Agent_09,General Inquiry,Medium,Email,49.5,34.1,In Progress,Yes,No,91.8,5,90.4
INT-01545,2025-06-26,Agent_06,App Crash,High,Chat,197.9,33.3,In Progress,Yes,No,83.1,4,88.8
INT-04978,2025-06-26,Agent_08,General Inquiry,Medium,WhatsApp,177.2,25.4,Resolved,Yes,No,86.2,5,85.9
INT-04350,2025-06-26,Agent_05,App Crash,High,Email,118.9,42.0,In Progress,Yes,No,70.5,4,80.0
INT-00683,2025-06-27,Agent_04,Product Defect,Medium,Phone,98.9,20.8,In Progress,Yes,No,80.3,4,94.1
INT-02574,2025-06-27,Agent_02,Account Blocked,Medium,WhatsApp,107.4,41.4,Resolved,Yes,No,66.2,4,90.6
INT-01553,2025-06-27,Agent_14,General Inquiry,Medium,Email,87.8,45.0,Resolved,Yes,No,86.1,4,93.6
INT-04644,2025-06-27,Agent_14,Login Issue,Medium,Chat,147.0,23.9,Escalated,Yes,No,84.2,4,94.3
INT-04958,2025-06-27,Agent_03,Delivery Delay,Low,Chat,126.3,32.9,Resolved,Yes,No,78.6,4,84.4
INT-02886,2025-06-27,Agent_06,Login Issue,High,WhatsApp,35.3,46.3,Resolved,Yes,No,76.0,4,90.6
INT-01837,2025-06-27,Agent_19,Account Blocked,Low,Chat,124.7,57.8,Resolved,Yes,No,92.6,4,95.5
INT-04852,2025-06-27,Agent_11,App Crash,High,Phone,42.0,48.1,Resolved,Yes,No,83.1,5,83.4
INT-04455,2025-06-27,Agent_14,General Inquiry,Low,Phone,123.9,14.0,Escalated,Yes,No,97.6,4,96.8
INT-03946,2025-06-27,Agent_11,Login Issue,Medium,Email,103.9,25.7,Resolved,Yes,No,81.3,4,86.9
INT-04471,2025-06-27,Agent_01,Login Issue,Low,Phone,47.4,28.7,Resolved,Yes,No,84.4,5,87.7
INT-03438,2025-06-27,Agent_01,General Inquiry,Critical,Phone,123.6,48.7,Resolved,Yes,No,77.7,4,78.9
INT-03908,2025-06-27,Agent_13,Payment Issue,High,Phone,179.9,31.0,Escalated,Yes,Yes,74.8,3,90.6
INT-02966,2025-06-27,Agent_17,Login Issue,Low,Phone,85.8,13.6,In Progress,Yes,No,90.7,5,93.7
INT-02027,2025-06-27,Agent_08,Refund Issue,High,Phone,173.3,40.5,In Progress,No,No,67.9,3,87.5
INT-00972,2025-06-27,Agent_11,General Inquiry,Medium,Phone,101.4,39.1,Resolved,Yes,No,86.6,5,90.3
INT-00237,2025-06-27,Agent_06,Delivery Delay,High,Phone,141.7,50.7,Escalated,No,No,63.5,4,84.3
INT-00598,2025-06-27,Agent_04,Account Blocked,High,Email,63.6,61.2,In Progress,Yes,No,71.5,4,88.5
INT-02438,2025-06-27,Agent_02,Login Issue,High,Chat,62.4,45.5,Resolved,Yes,No,75.1,5,89.6
INT-04434,2025-06-27,Agent_01,Product Defect,High,Phone,112.4,43.5,Resolved,Yes,No,69.0,4,86.8
INT-02852,2025-06-27,Agent_12,App Crash,High,Phone,77.3,47.8,Resolved,Yes,No,84.2,5,96.4
INT-03043,2025-06-27,Agent_18,Account Blocked,Low,Chat,54.9,20.0,Resolved,Yes,No,100.0,5,96.5
INT-00998,2025-06-27,Agent_06,Payment Issue,Medium,Email,70.5,69.5,Resolved,Yes,No,79.2,5,89.2
INT-00488,2025-06-27,Agent_10,Login Issue,Low,Phone,128.0,13.4,Resolved,Yes,No,90.8,4,90.5
INT-03698,2025-06-27,Agent_06,Account Blocked,Low,Email,76.4,21.1,Resolved,Yes,No,84.5,5,86.6
INT-02465,2025-06-27,Agent_10,Product Defect,Medium,Chat,60.4,42.8,In Progress,Yes,No,83.5,4,90.0
INT-04960,2025-06-27,Agent_20,Login Issue,Medium,Chat,107.1,56.9,Escalated,Yes,No,90.7,5,89.1
INT-04802,2025-06-27,Agent_19,General Inquiry,High,Phone,109.4,49.9,Resolved,Yes,No,82.3,4,96.3
INT-02016,2025-06-27,Agent_05,Refund Issue,Medium,WhatsApp,36.9,33.4,In Progress,Yes,No,80.0,4,92.7
INT-00816,2025-06-27,Agent_07,Payment Issue,Low,Chat,122.7,30.7,Resolved,Yes,No,91.1,4,100.0
INT-01239,2025-06-27,Agent_20,Refund Issue,Critical,Email,65.7,55.2,Resolved,No,No,90.5,5,85.2
INT-01902,2025-06-28,Agent_02,App Crash,Medium,WhatsApp,55.4,22.3,Resolved,Yes,No,83.3,5,91.5
INT-04176,2025-06-28,Agent_04,General Inquiry,Low,Phone,99.0,25.4,Escalated,Yes,Yes,88.1,4,90.7
INT-04709,2025-06-28,Agent_01,Login Issue,Low,Phone,88.9,24.3,Resolved,Yes,No,83.8,5,94.7
INT-04694,2025-06-28,Agent_15,Refund Issue,Medium,Phone,108.0,60.0,Resolved,Yes,No,85.1,5,90.3
INT-01222,2025-06-28,Agent_18,Login Issue,Low,Chat,94.9,40.2,Resolved,Yes,No,94.7,5,97.8
INT-01050,2025-06-28,Agent_10,Login Issue,Low,Email,34.6,38.9,Resolved,Yes,No,90.6,5,87.7
INT-01202,2025-06-28,Agent_08,General Inquiry,High,Phone,59.3,32.2,Resolved,Yes,No,86.9,5,92.8
INT-01175,2025-06-28,Agent_06,App Crash,Medium,Phone,210.7,56.9,Resolved,No,No,71.1,4,92.1
INT-03512,2025-06-28,Agent_11,Product Defect,Medium,Phone,47.6,79.3,Resolved,Yes,No,86.0,5,86.7
INT-03489,2025-06-28,Agent_15,Payment Issue,Low,WhatsApp,104.5,24.9,Resolved,Yes,No,92.8,5,92.2
INT-03565,2025-06-28,Agent_16,Login Issue,Low,WhatsApp,42.8,51.3,Resolved,Yes,No,88.0,4,97.2
INT-03561,2025-06-28,Agent_12,Product Defect,Medium,WhatsApp,39.4,28.9,Resolved,Yes,No,88.2,5,91.3
INT-01038,2025-06-28,Agent_06,General Inquiry,Low,WhatsApp,78.1,16.7,Escalated,Yes,No,94.9,5,90.7
INT-00768,2025-06-28,Agent_04,App Crash,High,Phone,89.5,71.7,Resolved,Yes,No,66.8,4,93.9
INT-04160,2025-06-28,Agent_18,Payment Issue,Critical,Phone,88.0,60.8,Resolved,No,No,78.3,4,96.2
INT-00778,2025-06-28,Agent_13,App Crash,High,WhatsApp,69.4,76.9,Escalated,Yes,No,87.9,5,97.0
INT-04495,2025-06-28,Agent_07,App Crash,Low,Phone,105.1,13.0,Escalated,Yes,No,78.8,4,89.5
INT-02006,2025-06-28,Agent_02,App Crash,Medium,Chat,121.3,75.5,Resolved,No,No,69.2,4,85.8
INT-01052,2025-06-28,Agent_15,Refund Issue,Critical,WhatsApp,68.8,52.1,Resolved,Yes,No,77.0,4,87.6
INT-02615,2025-06-28,Agent_08,Payment Issue,High,Phone,81.8,70.5,Escalated,Yes,No,86.3,5,90.9
INT-03137,2025-06-28,Agent_05,Login Issue,Low,Chat,47.6,19.5,Resolved,Yes,No,80.1,5,97.6
INT-03221,2025-06-28,Agent_14,Payment Issue,High,Phone,89.6,48.8,Resolved,Yes,No,84.4,5,88.2
INT-01691,2025-06-28,Agent_18,General Inquiry,Medium,Phone,54.5,9.7,Resolved,No,No,84.8,5,96.9
INT-04400,2025-06-28,Agent_09,Payment Issue,High,Phone,240.0,31.9,Resolved,No,No,77.4,4,99.1
INT-02919,2025-06-28,Agent_19,Product Defect,Medium,Email,83.2,44.2,Resolved,Yes,No,86.0,4,84.7
INT-04291,2025-06-28,Agent_17,Product Defect,Low,Phone,81.2,15.0,Resolved,No,No,84.5,4,93.0
INT-00493,2025-06-28,Agent_10,Payment Issue,High,Email,66.2,61.3,Resolved,Yes,No,84.1,5,87.2
INT-01395,2025-06-28,Agent_20,Payment Issue,Low,Phone,49.6,71.0,Escalated,No,Yes,76.4,4,95.3
INT-04092,2025-06-28,Agent_16,Payment Issue,Medium,Phone,124.3,66.0,Resolved,Yes,No,82.6,5,94.2
INT-01056,2025-06-28,Agent_19,Refund Issue,Medium,Email,53.6,20.7,Resolved,Yes,No,83.0,5,98.9
INT-00941,2025-06-28,Agent_07,App Crash,Medium,WhatsApp,92.9,20.8,Resolved,Yes,No,88.0,5,90.5
INT-00946,2025-06-28,Agent_10,Delivery Delay,High,WhatsApp,86.6,47.4,Resolved,Yes,No,80.8,5,84.1
INT-03755,2025-06-28,Agent_05,App Crash,Medium,Email,37.5,16.2,Resolved,Yes,No,84.8,5,94.9
INT-02543,2025-06-28,Agent_20,Delivery Delay,Low,Phone,41.1,20.7,Resolved,Yes,No,94.3,5,84.6
INT-01788,2025-06-28,Agent_01,Refund Issue,Medium,Email,65.3,37.6,Resolved,No,No,66.3,4,89.9
INT-00454,2025-06-28,Agent_11,Payment Issue,Low,Phone,18.4,35.1,In Progress,Yes,No,85.5,4,91.7
INT-00133,2025-06-28,Agent_17,App Crash,Medium,Chat,78.3,69.6,Resolved,Yes,No,87.5,4,96.1
INT-02375,2025-06-29,Agent_06,General Inquiry,Low,Phone,81.7,17.2,In Progress,Yes,No,100.0,5,85.2
INT-00906,2025-06-29,Agent_16,General Inquiry,Medium,WhatsApp,63.0,22.3,In Progress,Yes,No,87.3,5,100.0
INT-02399,2025-06-29,Agent_04,Refund Issue,Low,Phone,85.7,19.9,Resolved,Yes,No,85.2,5,84.3
INT-00181,2025-06-29,Agent_20,General Inquiry,Medium,Chat,28.7,23.7,Resolved,Yes,No,99.2,5,87.5
INT-03059,2025-06-29,Agent_02,Login Issue,Low,Phone,37.9,17.8,Resolved,Yes,No,87.2,5,83.8
INT-02645,2025-06-29,Agent_05,App Crash,High,Phone,56.2,37.7,Resolved,Yes,No,79.7,5,87.3
INT-01681,2025-06-29,Agent_19,Refund Issue,Low,WhatsApp,84.9,17.0,Resolved,Yes,No,85.7,5,91.5
INT-02350,2025-06-29,Agent_04,Account Blocked,High,Phone,73.0,31.5,Resolved,Yes,No,76.9,4,87.5
INT-00002,2025-06-29,Agent_03,App Crash,Medium,Phone,36.5,38.5,Escalated,Yes,No,78.3,5,88.9
INT-01178,2025-06-29,Agent_16,Payment Issue,Medium,Chat,69.4,24.3,Resolved,Yes,No,86.9,5,89.2
INT-00472,2025-06-29,Agent_07,Product Defect,Medium,Phone,70.7,23.1,Resolved,Yes,No,83.8,5,90.8
INT-00856,2025-06-29,Agent_11,Delivery Delay,Medium,Phone,114.4,39.6,Resolved,Yes,No,83.5,4,87.4
INT-00394,2025-06-29,Agent_17,Product Defect,Medium,WhatsApp,100.4,41.4,In Progress,Yes,No,89.3,4,91.3
INT-04461,2025-06-29,Agent_02,Product Defect,Medium,Phone,81.7,80.1,Resolved,Yes,No,83.3,4,84.5
INT-00571,2025-06-29,Agent_08,General Inquiry,High,Chat,75.7,65.7,Resolved,Yes,No,84.0,5,86.9
INT-02962,2025-06-29,Agent_18,General Inquiry,High,Chat,86.8,36.0,Resolved,Yes,No,91.4,5,87.9
INT-01082,2025-06-29,Agent_13,Login Issue,Low,Phone,240.0,24.1,Resolved,Yes,No,85.0,3,91.2
INT-01156,2025-06-29,Agent_13,Delivery Delay,Critical,Chat,110.9,46.8,Resolved,Yes,No,80.6,4,91.9
INT-02501,2025-06-29,Agent_18,Login Issue,Medium,Phone,235.6,28.8,Resolved,Yes,No,77.3,3,93.9
INT-02554,2025-06-29,Agent_11,General Inquiry,Medium,Chat,29.0,43.0,Resolved,Yes,No,94.2,5,93.4
INT-04198,2025-06-29,Agent_13,Refund Issue,Critical,WhatsApp,54.7,43.9,Resolved,Yes,No,85.9,4,84.3
INT-02700,2025-06-30,Agent_19,Login Issue,Medium,Phone,72.4,33.0,Resolved,Yes,No,97.7,5,94.7
INT-00913,2025-06-30,Agent_14,Payment Issue,Medium,Phone,33.4,34.8,Resolved,Yes,No,86.5,5,99.0
INT-01355,2025-06-30,Agent_19,Refund Issue,Medium,Phone,79.6,23.0,Resolved,Yes,No,90.1,5,91.7
INT-01621,2025-06-30,Agent_02,App Crash,Medium,Phone,52.6,30.6,Resolved,Yes,No,74.4,4,86.6
INT-02593,2025-06-30,Agent_05,Login Issue,Medium,WhatsApp,179.2,41.1,Escalated,Yes,No,74.6,4,92.1
INT-04704,2025-06-30,Agent_16,Refund Issue,Low,Phone,38.3,25.8,In Progress,Yes,No,87.6,5,93.3
INT-00330,2025-06-30,Agent_08,General Inquiry,Low,Chat,215.0,12.0,Resolved,No,No,82.1,4,93.4
INT-03154,2025-06-30,Agent_17,Refund Issue,Medium,Chat,104.8,48.0,Resolved,Yes,No,82.6,4,99.3
INT-00579,2025-06-30,Agent_17,General Inquiry,High,Email,62.6,37.5,Resolved,Yes,No,91.2,5,90.4
INT-03102,2025-06-30,Agent_12,General Inquiry,Medium,Chat,157.7,71.0,Resolved,No,No,73.3,4,87.5
INT-04067,2025-06-30,Agent_16,Product Defect,Medium,WhatsApp,78.7,30.4,Resolved,Yes,No,91.0,5,94.4
INT-03385,2025-06-30,Agent_19,Delivery Delay,Medium,Phone,81.0,22.5,In Progress,Yes,No,83.2,5,93.7
INT-04827,2025-06-30,Agent_07,General Inquiry,High,Email,174.3,61.7,Resolved,No,No,77.4,4,91.1
INT-01505,2025-06-30,Agent_01,Payment Issue,Low,WhatsApp,152.9,20.5,Resolved,Yes,No,75.9,4,91.4
INT-03866,2025-06-30,Agent_01,Payment Issue,Low,Email,40.7,32.9,Resolved,Yes,No,85.4,5,86.2
INT-01636,2025-06-30,Agent_13,App Crash,Low,Email,34.9,30.4,Escalated,Yes,No,99.1,5,91.6
INT-04137,2025-06-30,Agent_12,App Crash,Medium,Email,38.6,32.8,Resolved,Yes,No,84.1,5,89.2
INT-01750,2025-06-30,Agent_02,Delivery Delay,High,Phone,185.0,51.3,Escalated,Yes,No,61.0,3,86.0
INT-03678,2025-06-30,Agent_10,Refund Issue,Critical,WhatsApp,107.2,41.4,Resolved,Yes,No,78.3,4,86.4
INT-00730,2025-06-30,Agent_07,Product Defect,Medium,Phone,62.6,55.9,Resolved,Yes,No,74.6,4,90.0
INT-04143,2025-06-30,Agent_18,Account Blocked,Low,Phone,52.6,32.9,Resolved,Yes,No,95.7,5,88.5
INT-02487,2025-06-30,Agent_11,App Crash,Medium,Phone,55.0,45.0,Resolved,Yes,No,80.7,5,98.5
INT-02009,2025-06-30,Agent_12,Login Issue,Medium,Chat,35.1,67.2,Resolved,Yes,No,88.2,5,96.0
INT-03562,2025-06-30,Agent_05,Refund Issue,Critical,Phone,144.0,59.1,Escalated,No,No,61.7,3,80.4
INT-03924,2025-06-30,Agent_02,Payment Issue,Low,Phone,149.0,22.3,Resolved,No,No,79.4,4,91.2
